Hour,Technology,Charging power (MW),Discharging power (MW),State of charge (MWh)
1,Li-Ion,0.0,0.0,1106.3453311873006
1,CAES,0.0,0.0,3226.185878913073
1,PHS,0.0,-0.0,-0.0
1,H2,0.0,0.0,-0.0
2,Li-Ion,0.0,299.9999989999924,780.9496455439769
2,CAES,0.0,299.9999989999924,2900.790193269749
2,PHS,0.0,-0.0,-0.0
2,H2,0.0,-0.0,-0.0
3,Li-Ion,0.0,299.9999989999924,455.5539599006532
3,CAES,0.0,299.9999989999924,2575.3945076264254
3,PHS,0.0,-0.0,-0.0
3,H2,0.0,-0.0,-0.0
4,Li-Ion,0.0,299.9999989999924,130.15827425732948
4,CAES,0.0,299.9999989999924,2249.9988219831016
4,PHS,0.0,-0.0,-0.0
4,H2,0.0,-0.0,-0.0
5,Li-Ion,0.0,0.0,130.15827425732948
5,CAES,0.0,0.0,2249.9988219831016
5,PHS,0.0,0.0,-0.0
5,H2,0.0,0.0,-0.0
6,Li-Ion,0.0,119.99999959999695,-0.0
6,CAES,0.0,299.9999989999924,1924.6031363397778
6,PHS,0.0,-0.0,-0.0
6,H2,0.0,-0.0,-0.0
7,Li-Ion,0.0,0.0,-0.0
7,CAES,0.0,0.0,1924.6031363397778
7,PHS,0.0,0.0,-0.0
7,H2,0.0,0.0,-0.0
8,Li-Ion,0.0,0.0,0.0
8,CAES,0.0,299.9999989999924,1599.207450696454
8,PHS,0.0,-0.0,-0.0
8,H2,0.0,-0.0,-0.0
9,Li-Ion,0.0,0.0,-0.0
9,CAES,0.0,0.0,1599.207450696454
9,PHS,0.0,0.0,-0.0
9,H2,0.0,0.0,-0.0
10,Li-Ion,0.0,-0.0,0.0
10,CAES,0.0,299.9999989999924,1273.8117650531303
10,PHS,0.0,-0.0,-0.0
10,H2,0.0,-0.0,-0.0
11,Li-Ion,0.0,-0.0,0.0
11,CAES,0.0,299.9999989999924,948.4160794098065
11,PHS,0.0,-0.0,-0.0
11,H2,0.0,-0.0,-0.0
12,Li-Ion,0.0,-0.0,0.0
12,CAES,0.0,169.39642316305577,764.679861261784
12,PHS,0.0,-0.0,-0.0
12,H2,0.0,-0.0,-0.0
13,Li-Ion,0.0,0.0,-0.0
13,CAES,0.0,0.0,764.679861261784
13,PHS,0.0,-0.0,-0.0
13,H2,0.0,0.0,-0.0
14,Li-Ion,0.0,0.0,-0.0
14,CAES,0.0,0.0,764.679861261784
14,PHS,0.0,-0.0,-0.0
14,H2,0.0,0.0,-0.0
15,Li-Ion,0.0,-0.0,0.0
15,CAES,0.0,0.0,764.679861261784
15,PHS,0.0,-0.0,-0.0
15,H2,0.0,-0.0,-0.0
16,Li-Ion,0.0,-0.0,0.0
16,CAES,0.0,0.0,764.679861261784
16,PHS,0.0,-0.0,-0.0
16,H2,0.0,-0.0,-0.0
17,Li-Ion,0.0,-0.0,0.0
17,CAES,0.0,0.0,764.679861261784
17,PHS,0.0,-0.0,-0.0
17,H2,0.0,-0.0,-0.0
18,Li-Ion,0.0,-0.0,0.0
18,CAES,0.0,0.0,764.679861261784
18,PHS,0.0,-0.0,-0.0
18,H2,0.0,-0.0,-0.0
19,Li-Ion,0.0,-0.0,-0.0
19,CAES,0.0,0.0,764.679861261784
19,PHS,0.0,-0.0,-0.0
19,H2,0.0,-0.0,0.0
20,Li-Ion,0.0,0.0,0.0
20,CAES,0.0,0.0,764.679861261784
20,PHS,0.0,-0.0,-0.0
20,H2,0.0,-0.0,-0.0
21,Li-Ion,0.0,-0.0,0.0
21,CAES,0.0,0.0,764.679861261784
21,PHS,0.0,-0.0,-0.0
21,H2,0.0,0.0,-0.0
22,Li-Ion,0.0,0.0,-0.0
22,CAES,0.0,0.0,764.679861261784
22,PHS,0.0,0.0,-0.0
22,H2,0.0,0.0,-0.0
23,Li-Ion,0.0,0.0,-0.0
23,CAES,0.0,0.0,764.679861261784
23,PHS,0.0,0.0,0.0
23,H2,0.0,0.0,-0.0
24,Li-Ion,0.0,0.0,-0.0
24,CAES,0.0,0.0,764.679861261784
24,PHS,0.0,-0.0,0.0
24,H2,0.0,0.0,-0.0
25,Li-Ion,0.0,0.0,-0.0
25,CAES,0.0,0.0,764.679861261784
25,PHS,0.0,0.0,-0.0
25,H2,0.0,0.0,-0.0
26,Li-Ion,0.0,0.0,-0.0
26,CAES,0.0,0.0,764.679861261784
26,PHS,0.0,0.0,-0.0
26,H2,0.0,0.0,-0.0
27,Li-Ion,0.0,0.0,-0.0
27,CAES,0.0,0.0,764.679861261784
27,PHS,0.0,0.0,-0.0
27,H2,0.0,0.0,0.0
28,Li-Ion,0.0,0.0,-0.0
28,CAES,0.0,0.0,764.679861261784
28,PHS,0.0,0.0,-0.0
28,H2,0.0,0.0,-0.0
29,Li-Ion,0.0,0.0,-0.0
29,CAES,0.0,0.0,764.679861261784
29,PHS,0.0,0.0,-0.0
29,H2,0.0,0.0,-0.0
30,Li-Ion,0.0,0.0,-0.0
30,CAES,0.0,0.0,764.679861261784
30,PHS,0.0,0.0,-0.0
30,H2,0.0,0.0,-0.0
31,Li-Ion,0.0,0.0,-0.0
31,CAES,0.0,0.0,764.679861261784
31,PHS,0.0,0.0,-0.0
31,H2,0.0,0.0,-0.0
32,Li-Ion,0.0,0.0,-0.0
32,CAES,0.0,0.0,764.679861261784
32,PHS,0.0,0.0,-0.0
32,H2,0.0,0.0,-0.0
33,Li-Ion,0.0,0.0,-0.0
33,CAES,0.0,0.0,764.679861261784
33,PHS,0.0,0.0,-0.0
33,H2,0.0,0.0,-0.0
34,Li-Ion,-0.0,0.0,-0.0
34,CAES,299.9999989999924,0.0,1041.2661940586092
34,PHS,0.0,0.0,-0.0
34,H2,0.0,0.0,-0.0
35,Li-Ion,0.0,0.0,-0.0
35,CAES,0.0,0.0,1041.2661940586092
35,PHS,0.0,0.0,-0.0
35,H2,0.0,0.0,-0.0
36,Li-Ion,-0.0,0.0,-0.0
36,CAES,299.9999989999924,0.0,1317.8525268554345
36,PHS,0.0,0.0,-0.0
36,H2,0.0,0.0,-0.0
37,Li-Ion,-0.0,0.0,-0.0
37,CAES,299.9999989999924,0.0,1594.4388596522597
37,PHS,0.0,0.0,-0.0
37,H2,0.0,0.0,-0.0
38,Li-Ion,0.0,0.0,-0.0
38,CAES,0.0,0.0,1594.4388596522597
38,PHS,0.0,0.0,-0.0
38,H2,0.0,0.0,-0.0
39,Li-Ion,0.0,0.0,-0.0
39,CAES,299.9999989999924,0.0,1871.025192449085
39,PHS,0.0,0.0,-0.0
39,H2,0.0,0.0,-0.0
40,Li-Ion,0.0,0.0,-0.0
40,CAES,299.9999989999924,0.0,2147.61152524591
40,PHS,0.0,0.0,-0.0
40,H2,0.0,0.0,-0.0
41,Li-Ion,0.0,0.0,-0.0
41,CAES,0.0,0.0,2147.61152524591
41,PHS,0.0,0.0,-0.0
41,H2,0.0,0.0,-0.0
42,Li-Ion,0.0,0.0,-0.0
42,CAES,0.0,0.0,2147.61152524591
42,PHS,0.0,0.0,-0.0
42,H2,0.0,0.0,-0.0
43,Li-Ion,0.0,0.0,-0.0
43,CAES,0.0,0.0,2147.61152524591
43,PHS,0.0,0.0,-0.0
43,H2,0.0,0.0,-0.0
44,Li-Ion,0.0,0.0,-0.0
44,CAES,0.0,0.0,2147.61152524591
44,PHS,0.0,0.0,-0.0
44,H2,0.0,0.0,-0.0
45,Li-Ion,0.0,0.0,-0.0
45,CAES,0.0,0.0,2147.61152524591
45,PHS,0.0,0.0,-0.0
45,H2,0.0,0.0,-0.0
46,Li-Ion,0.0,0.0,-0.0
46,CAES,0.0,0.0,2147.61152524591
46,PHS,0.0,0.0,-0.0
46,H2,0.0,0.0,-0.0
47,Li-Ion,0.0,0.0,-0.0
47,CAES,0.0,0.0,2147.61152524591
47,PHS,0.0,0.0,-0.0
47,H2,0.0,0.0,-0.0
48,Li-Ion,0.0,0.0,-0.0
48,CAES,0.0,0.0,2147.61152524591
48,PHS,0.0,0.0,-0.0
48,H2,0.0,0.0,-0.0
49,Li-Ion,0.0,0.0,-0.0
49,CAES,0.0,0.0,2147.61152524591
49,PHS,0.0,0.0,-0.0
49,H2,0.0,0.0,-0.0
50,Li-Ion,0.0,0.0,-0.0
50,CAES,0.0,0.0,2147.61152524591
50,PHS,0.0,0.0,-0.0
50,H2,0.0,0.0,-0.0
51,Li-Ion,0.0,0.0,-0.0
51,CAES,0.0,0.0,2147.61152524591
51,PHS,0.0,0.0,-0.0
51,H2,0.0,0.0,-0.0
52,Li-Ion,0.0,0.0,-0.0
52,CAES,0.0,0.0,2147.61152524591
52,PHS,0.0,0.0,-0.0
52,H2,0.0,0.0,-0.0
53,Li-Ion,0.0,0.0,-0.0
53,CAES,0.0,0.0,2147.61152524591
53,PHS,0.0,0.0,-0.0
53,H2,0.0,0.0,-0.0
54,Li-Ion,0.0,0.0,-0.0
54,CAES,0.0,0.0,2147.61152524591
54,PHS,0.0,0.0,-0.0
54,H2,0.0,0.0,-0.0
55,Li-Ion,0.0,0.0,-0.0
55,CAES,0.0,0.0,2147.61152524591
55,PHS,0.0,0.0,-0.0
55,H2,0.0,0.0,-0.0
56,Li-Ion,0.0,0.0,-0.0
56,CAES,0.0,0.0,2147.61152524591
56,PHS,0.0,0.0,-0.0
56,H2,0.0,0.0,-0.0
57,Li-Ion,0.0,0.0,-0.0
57,CAES,0.0,0.0,2147.61152524591
57,PHS,0.0,0.0,-0.0
57,H2,0.0,0.0,-0.0
58,Li-Ion,299.9999989999924,0.0,276.58633279682516
58,CAES,0.0,0.0,2147.61152524591
58,PHS,0.0,0.0,-0.0
58,H2,0.0,0.0,-0.0
59,Li-Ion,299.9999989999924,0.0,553.1726655936503
59,CAES,0.0,0.0,2147.61152524591
59,PHS,0.0,0.0,-0.0
59,H2,0.0,0.0,-0.0
60,Li-Ion,0.0,0.0,553.1726655936503
60,CAES,299.9999989999924,0.0,2424.197858042735
60,PHS,0.0,0.0,-0.0
60,H2,0.0,0.0,-0.0
61,Li-Ion,0.0,0.0,553.1726655936503
61,CAES,299.9999989999924,0.0,2700.78419083956
61,PHS,0.0,0.0,-0.0
61,H2,0.0,0.0,-0.0
62,Li-Ion,0.0,0.0,553.1726655936503
62,CAES,299.9999989999924,0.0,2977.370523636412
62,PHS,0.0,0.0,-0.0
62,H2,0.0,0.0,-0.0
63,Li-Ion,299.9999989999924,0.0,829.7589983904754
63,CAES,0.0,0.0,2977.370523636412
63,PHS,0.0,0.0,-0.0
63,H2,0.0,0.0,-0.0
64,Li-Ion,0.0,0.0,829.7589983904754
64,CAES,299.99999899999193,0.0,3253.956856433237
64,PHS,0.0,0.0,-0.0
64,H2,0.0,0.0,-0.0
65,Li-Ion,299.9999989999924,0.0,1106.3453311873006
65,CAES,0.0,0.0,3253.956856433237
65,PHS,0.0,0.0,-0.0
65,H2,0.0,0.0,-0.0
66,Li-Ion,0.0,0.0,1106.3453311873006
66,CAES,0.0,0.0,3253.956856433237
66,PHS,0.0,0.0,-0.0
66,H2,0.0,0.0,-0.0
67,Li-Ion,0.0,0.0,1106.3453311873006
67,CAES,0.0,0.0,3253.956856433237
67,PHS,0.0,0.0,-0.0
67,H2,0.0,0.0,-0.0
68,Li-Ion,0.0,0.0,1106.3453311873006
68,CAES,0.0,0.0,3253.956856433237
68,PHS,0.0,0.0,-0.0
68,H2,0.0,0.0,-0.0
69,Li-Ion,0.0,0.0,1106.3453311873006
69,CAES,0.0,0.0,3253.956856433237
69,PHS,0.0,0.0,-0.0
69,H2,0.0,0.0,-0.0
70,Li-Ion,0.0,0.0,1106.3453311873006
70,CAES,0.0,0.0,3253.956856433237
70,PHS,0.0,0.0,-0.0
70,H2,0.0,0.0,-0.0
71,Li-Ion,0.0,0.0,1106.3453311873006
71,CAES,0.0,0.0,3253.956856433237
71,PHS,0.0,0.0,-0.0
71,H2,0.0,0.0,-0.0
72,Li-Ion,0.0,0.0,1106.3453311873006
72,CAES,0.0,0.0,3253.956856433237
72,PHS,0.0,0.0,-0.0
72,H2,0.0,0.0,-0.0
73,Li-Ion,0.0,0.0,1106.3453311873006
73,CAES,0.0,-0.0,3253.956856433237
73,PHS,0.0,0.0,-0.0
73,H2,0.0,-0.0,-0.0
74,Li-Ion,0.0,0.0,1106.3453311873006
74,CAES,0.0,0.0,3253.956856433237
74,PHS,0.0,0.0,-0.0
74,H2,0.0,0.0,-0.0
75,Li-Ion,0.0,0.0,1106.3453311873006
75,CAES,0.0,0.0,3253.956856433237
75,PHS,0.0,0.0,-0.0
75,H2,0.0,0.0,-0.0
76,Li-Ion,0.0,0.0,1106.3453311873006
76,CAES,0.0,0.0,3253.956856433237
76,PHS,0.0,0.0,-0.0
76,H2,0.0,0.0,-0.0
77,Li-Ion,0.0,0.0,1106.3453311873006
77,CAES,0.0,0.0,3253.956856433237
77,PHS,0.0,0.0,-0.0
77,H2,0.0,0.0,-0.0
78,Li-Ion,0.0,0.0,1106.3453311873006
78,CAES,0.0,0.0,3253.956856433237
78,PHS,0.0,0.0,-0.0
78,H2,0.0,0.0,-0.0
79,Li-Ion,0.0,0.0,1106.3453311873006
79,CAES,0.0,0.0,3253.956856433237
79,PHS,0.0,0.0,-0.0
79,H2,0.0,0.0,-0.0
80,Li-Ion,0.0,0.0,1106.3453311873006
80,CAES,0.0,0.0,3253.956856433237
80,PHS,0.0,0.0,-0.0
80,H2,0.0,0.0,-0.0
81,Li-Ion,0.0,0.0,1106.3453311873006
81,CAES,0.0,0.0,3253.956856433237
81,PHS,0.0,0.0,-0.0
81,H2,0.0,0.0,-0.0
82,Li-Ion,0.0,0.0,1106.3453311873006
82,CAES,0.0,0.0,3253.956856433237
82,PHS,0.0,0.0,-0.0
82,H2,0.0,0.0,-0.0
83,Li-Ion,0.0,0.0,1106.3453311873006
83,CAES,0.0,0.0,3253.956856433237
83,PHS,0.0,0.0,-0.0
83,H2,0.0,0.0,-0.0
84,Li-Ion,0.0,0.0,1106.3453311873006
84,CAES,0.0,0.0,3253.956856433237
84,PHS,0.0,0.0,-0.0
84,H2,0.0,0.0,-0.0
85,Li-Ion,0.0,0.0,1106.3453311873006
85,CAES,0.0,0.0,3253.956856433237
85,PHS,0.0,0.0,-0.0
85,H2,0.0,0.0,-0.0
86,Li-Ion,0.0,0.0,1106.3453311873006
86,CAES,0.0,0.0,3253.956856433237
86,PHS,0.0,0.0,-0.0
86,H2,0.0,0.0,-0.0
87,Li-Ion,0.0,0.0,1106.3453311873006
87,CAES,0.0,0.0,3253.956856433237
87,PHS,0.0,0.0,-0.0
87,H2,0.0,0.0,-0.0
88,Li-Ion,0.0,0.0,1106.3453311873006
88,CAES,0.0,0.0,3253.956856433237
88,PHS,0.0,0.0,-0.0
88,H2,0.0,0.0,-0.0
89,Li-Ion,0.0,0.0,1106.3453311873006
89,CAES,0.0,0.0,3253.956856433237
89,PHS,0.0,0.0,-0.0
89,H2,0.0,0.0,-0.0
90,Li-Ion,0.0,0.0,1106.3453311873006
90,CAES,0.0,2.7284841053187847e-12,3253.956856433234
90,PHS,0.0,-0.0,-0.0
90,H2,0.0,-0.0,-0.0
91,Li-Ion,0.0,0.0,1106.3453311873006
91,CAES,0.0,0.0,3253.956856433234
91,PHS,0.0,0.0,-0.0
91,H2,0.0,0.0,-0.0
92,Li-Ion,0.0,0.0,1106.3453311873006
92,CAES,0.0,25.603576186960453,3226.185878913073
92,PHS,0.0,-0.0,0.0
92,H2,0.0,-0.0,-0.0
93,Li-Ion,0.0,0.0,1106.3453311873006
93,CAES,0.0,0.0,3226.185878913073
93,PHS,0.0,-0.0,-0.0
93,H2,0.0,0.0,-0.0
94,Li-Ion,0.0,0.0,1106.3453311873006
94,CAES,0.0,0.0,3226.185878913073
94,PHS,0.0,0.0,-0.0
94,H2,0.0,0.0,-0.0
95,Li-Ion,0.0,0.0,1106.3453311873006
95,CAES,0.0,0.0,3226.185878913073
95,PHS,0.0,0.0,-0.0
95,H2,0.0,0.0,-0.0
96,Li-Ion,0.0,0.0,1106.3453311873006
96,CAES,0.0,0.0,3226.185878913073
96,PHS,0.0,0.0,-0.0
96,H2,0.0,0.0,-0.0
97,Li-Ion,0.0,0.0,1106.3453311873006
97,CAES,0.0,0.0,3226.185878913073
97,PHS,0.0,0.0,-0.0
97,H2,0.0,0.0,-0.0
98,Li-Ion,0.0,0.0,1106.3453311873006
98,CAES,0.0,0.0,3226.185878913073
98,PHS,0.0,0.0,-0.0
98,H2,0.0,0.0,-0.0
99,Li-Ion,0.0,0.0,1106.3453311873006
99,CAES,0.0,0.0,3226.185878913073
99,PHS,0.0,0.0,-0.0
99,H2,0.0,0.0,-0.0
100,Li-Ion,0.0,0.0,1106.3453311873006
100,CAES,0.0,0.0,3226.185878913073
100,PHS,0.0,0.0,-0.0
100,H2,0.0,0.0,-0.0
101,Li-Ion,0.0,0.0,1106.3453311873006
101,CAES,0.0,0.0,3226.185878913073
101,PHS,0.0,0.0,-0.0
101,H2,0.0,0.0,-0.0
102,Li-Ion,0.0,0.0,1106.3453311873006
102,CAES,0.0,0.0,3226.185878913073
102,PHS,0.0,0.0,-0.0
102,H2,0.0,0.0,-0.0
103,Li-Ion,0.0,0.0,1106.3453311873006
103,CAES,0.0,0.0,3226.185878913073
103,PHS,0.0,0.0,-0.0
103,H2,0.0,0.0,-0.0
104,Li-Ion,0.0,0.0,1106.3453311873006
104,CAES,0.0,0.0,3226.185878913073
104,PHS,0.0,0.0,-0.0
104,H2,0.0,0.0,-0.0
105,Li-Ion,0.0,0.0,1106.3453311873006
105,CAES,0.0,0.0,3226.185878913073
105,PHS,0.0,0.0,-0.0
105,H2,0.0,0.0,-0.0
106,Li-Ion,0.0,0.0,1106.3453311873006
106,CAES,0.0,0.0,3226.185878913073
106,PHS,0.0,0.0,-0.0
106,H2,0.0,0.0,-0.0
107,Li-Ion,0.0,0.0,1106.3453311873006
107,CAES,0.0,0.0,3226.185878913073
107,PHS,0.0,0.0,-0.0
107,H2,0.0,0.0,-0.0
108,Li-Ion,0.0,0.0,1106.3453311873006
108,CAES,0.0,0.0,3226.185878913073
108,PHS,0.0,0.0,-0.0
108,H2,0.0,0.0,-0.0
109,Li-Ion,0.0,0.0,1106.3453311873006
109,CAES,0.0,0.0,3226.185878913073
109,PHS,0.0,0.0,-0.0
109,H2,0.0,0.0,-0.0
110,Li-Ion,0.0,0.0,1106.3453311873006
110,CAES,0.0,0.0,3226.185878913073
110,PHS,0.0,0.0,-0.0
110,H2,0.0,0.0,-0.0
111,Li-Ion,0.0,0.0,1106.3453311873006
111,CAES,0.0,0.0,3226.185878913073
111,PHS,0.0,0.0,-0.0
111,H2,0.0,0.0,-0.0
112,Li-Ion,0.0,0.0,1106.3453311873006
112,CAES,0.0,0.0,3226.185878913073
112,PHS,0.0,0.0,-0.0
112,H2,0.0,0.0,-0.0
113,Li-Ion,0.0,0.0,1106.3453311873006
113,CAES,0.0,0.0,3226.185878913073
113,PHS,0.0,0.0,-0.0
113,H2,0.0,0.0,-0.0
114,Li-Ion,0.0,0.0,1106.3453311873006
114,CAES,0.0,0.0,3226.185878913073
114,PHS,0.0,0.0,-0.0
114,H2,0.0,0.0,-0.0
115,Li-Ion,0.0,0.0,1106.3453311873006
115,CAES,0.0,0.0,3226.185878913073
115,PHS,0.0,0.0,-0.0
115,H2,0.0,0.0,-0.0
116,Li-Ion,0.0,0.0,1106.3453311873006
116,CAES,0.0,0.0,3226.185878913073
116,PHS,0.0,0.0,-0.0
116,H2,0.0,0.0,-0.0
117,Li-Ion,0.0,0.0,1106.3453311873006
117,CAES,0.0,0.0,3226.185878913073
117,PHS,0.0,0.0,-0.0
117,H2,0.0,0.0,-0.0
118,Li-Ion,0.0,0.0,1106.3453311873006
118,CAES,0.0,0.0,3226.185878913073
118,PHS,0.0,0.0,-0.0
118,H2,0.0,0.0,-0.0
119,Li-Ion,0.0,0.0,1106.3453311873006
119,CAES,0.0,0.0,3226.185878913073
119,PHS,0.0,0.0,-0.0
119,H2,0.0,0.0,-0.0
120,Li-Ion,0.0,0.0,1106.3453311873006
120,CAES,0.0,0.0,3226.185878913073
120,PHS,0.0,0.0,-0.0
120,H2,0.0,0.0,-0.0
