Hour,65c,74c
1,1695.2031041891437,0.0
2,1578.404367159352,0.0
3,1423.081048917902,0.0
4,1358.6246014694586,0.0
5,1178.35929248126,0.0
6,987.9083572620054,0.0
7,881.5478544122525,0.0
8,517.4442959575708,0.0
9,206.01699207599995,0.0
10,620.4386956722578,0.0
11,127.41790017256608,0.0
12,316.89625980035566,0.0
13,32.94002466045208,0.0
14,406.9140023881089,0.0
15,370.21504004895587,0.0
16,252.95452890537308,0.0
17,519.68888268399,0.0
18,1176.5525804305385,0.0
19,1448.5774562813908,0.0
20,1361.1242171583704,0.0
21,1173.6141845072757,0.0
22,1005.7321714329493,0.0
23,780.1663046281535,0.0
24,821.6858222009802,0.0
25,826.0216629642881,0.0
26,940.0012973677078,0.0
27,999.1773618159326,0.0
28,860.9850138809562,0.0
29,933.699323537492,0.0
30,606.9070173289288,0.0
31,881.434249201186,0.0
32,293.63043549257145,0.0
33,0.0,0.0
34,0.0,0.0
35,0.0,0.0
36,0.0,0.0
37,0.0,0.0
38,0.0,0.0
39,0.0,0.0
40,0.0,0.0
41,0.0,0.0
42,414.27823846137017,0.0
43,1137.7762695424703,0.0
44,1342.2449558281066,0.0
45,1221.0654307591776,0.0
46,1049.219535330445,0.0
47,955.2155916325016,0.0
48,1077.7904888602566,0.0
49,719.3214864507678,0.0
50,984.4159864020806,0.0
51,784.2462627068016,0.0
52,806.6689739353695,0.0
53,575.86928546861,0.0
54,106.4826538015916,0.0
55,339.97762055322505,0.0
56,223.65617200650468,0.0
57,0.0,0.0
58,0.0,0.0
59,0.0,0.0
60,0.0,0.0
61,0.0,0.0
62,0.0,0.0
63,0.0,0.0
64,0.0,0.0
65,0.0,0.0
66,0.0,0.0
67,628.3468948798211,0.0
68,783.2114777872082,0.0
69,789.8641968852012,0.0
70,599.461908119479,0.0
71,634.0370925330692,0.0
72,644.6269580811922,0.0
73,599.3510648939508,0.0
74,696.9924863060253,0.0
75,668.7409783387143,0.0
76,684.6782955591912,0.0
77,633.5361250341808,0.0
78,516.4501887375563,0.0
79,602.478582658654,0.0
80,296.8321630491773,0.0
81,175.83158861066272,0.0
82,301.45685160784046,0.0
83,88.29539213520559,0.0
84,0.0,0.0
85,0.0,0.0
86,0.0,0.0
87,0.0,0.0
88,46.874851234470725,0.0
89,628.7071519511234,0.0
90,1192.4591019406737,0.0
91,1615.8302029480888,0.0
92,1477.4497034893159,0.0
93,1325.8798425023924,0.0
94,919.123311685981,0.0
95,678.358043545491,0.0
96,581.7320578227063,0.0
97,512.2581463717584,0.0
98,508.09791419090936,0.0
99,624.0307191943739,0.0
100,644.0021218819649,0.0
101,539.69564007898,0.0
102,315.97191486177564,0.0
103,168.2249335209283,0.0
104,0.0,0.0
105,404.3427724279529,0.0
106,0.0,0.0
107,60.176026320907795,0.0
108,0.0,0.0
109,0.0,0.0
110,0.0,0.0
111,0.0,0.0
112,0.0,0.0
113,0.0,0.0
114,0.0,0.0
115,248.38522900742964,0.0
116,735.4124706918454,0.0
117,680.6402521411854,0.0
118,378.9667939490863,0.0
119,0.0,0.0
120,0.0,0.0
121,0.0,0.0
122,0.0,0.0
123,0.0,0.0
124,115.42182923463528,0.0
125,676.252333952491,0.0
126,620.041760260341,0.0
127,831.8324152717171,0.0
128,361.21417643109,0.0
129,770.2295923468423,0.0
130,699.8213259405334,0.0
131,106.09173839967798,0.0
132,372.37769804987965,0.0
133,0.0,0.0
134,0.0,0.0
135,111.71164841989685,0.0
136,137.20560546004208,0.0
137,86.0598334140891,0.0
138,517.2128076684348,0.0
139,860.7671613339321,0.0
140,683.248913333924,0.0
141,562.062804871842,0.0
142,301.4820638136225,0.0
143,218.82774546240324,0.0
144,143.6688406625826,0.0
145,0.0,0.0
146,211.47877158928145,0.0
147,0.0,0.0
148,290.80075492284965,0.0
149,124.85461690648116,0.0
150,86.11164590279733,0.0
151,0.0,0.0
152,0.0,0.0
153,0.0,0.0
154,0.0,0.0
155,0.0,0.0
156,0.0,0.0
157,0.0,0.0
158,0.0,0.0
159,0.0,0.0
160,0.0,0.0
161,0.0,0.0
162,0.0,0.0
163,0.0,0.0
164,0.0,0.0
165,377.05675913501767,0.0
166,156.22247149419246,0.0
167,76.22147797274528,0.0
168,432.24876980061487,0.0
169,0.0,0.0
170,170.89669233023443,0.0
171,164.2630002772146,0.0
172,216.02984021697407,0.0
173,452.8370222308168,0.0
174,522.3177822337973,0.0
175,586.1567071645616,0.0
176,468.2566586871412,0.0
177,646.8924687657441,0.0
178,981.0273122248866,0.0
179,602.9432597530947,0.0
180,916.4866020901345,0.0
181,197.56619523983795,0.0
182,409.62135574292915,0.0
183,224.47690456371402,0.0
184,249.71993302333158,0.0
185,941.5810826927823,0.0
186,1313.8240059419884,0.0
187,1705.1640476195366,0.0
188,1524.5609885604622,0.0
189,1707.0,111.74640979415136
190,1707.0,281.85946999498515
191,1684.9433778466807,0.0
192,1707.0,11.870695639924893
193,1661.0541393812214,0.0
194,1706.4603794000006,0.0
195,1697.5566853608257,0.0
196,1669.9865549169665,0.0
197,1707.0,38.757636408128036
198,1515.4555831317552,0.0
199,1707.0,5.850119651038312
200,1139.0462027616095,0.0
201,1209.3650223258212,0.0
202,929.5886378961324,0.0
203,460.5231779917383,0.0
204,171.5330408269981,0.0
205,0.0,0.0
206,0.0,0.0
207,411.41818762963277,0.0
208,787.5197676572584,0.0
209,1584.8101287159948,0.0
210,1707.0,325.5771441119312
211,1707.0,327.244019029677
212,1707.0,445.42202080993167
213,1707.0,337.71951395877403
214,1707.0,374.9495654380639
215,1707.0,130.48849789480204
216,1707.0,298.027743298841
217,1707.0,290.37720483297574
218,1707.0,404.6887834632086
219,1707.0,355.25101132860664
220,1707.0,399.66337956646476
221,1707.0,440.8740595220841
222,1707.0,232.97767328980206
223,1707.0,122.89544133356367
224,1411.1077239013816,0.0
225,1070.101742411448,0.0
226,788.2498280720133,0.0
227,293.7243574629882,0.0
228,0.0,0.0
229,184.83024963748576,0.0
230,0.0,0.0
231,0.0,0.0
232,286.23587396685195,0.0
233,828.1020357194453,0.0
234,1614.0739874937601,0.0
235,1707.0,308.118923323816
236,1611.2314385754796,0.0
237,1158.6574049390315,0.0
238,705.2115927696235,0.0
239,1007.733301978845,0.0
240,819.4056917785441,0.0
241,600.9799315901619,0.0
242,1010.2773262415342,0.0
243,1072.7618766101007,0.0
244,696.6058290022796,0.0
245,496.1835424505721,0.0
246,656.342502790681,0.0
247,1084.6808410174351,0.0
248,674.0460832164204,0.0
249,747.1584694577671,0.0
250,880.9821351578543,0.0
251,358.93095008070543,0.0
252,306.60061154893174,0.0
253,0.0,0.0
254,214.35464659947763,0.0
255,247.89830911368017,0.0
256,553.432404574804,0.0
257,736.3214561608081,0.0
258,836.9716907025437,0.0
259,1297.0059052586105,0.0
260,1261.464321532093,0.0
261,1270.5991187667832,0.0
262,864.7851990041794,0.0
263,983.3723843798456,0.0
264,697.7178535832442,0.0
265,0.0,0.0
266,108.14165901517242,0.0
267,210.81430381464352,0.0
268,312.5927116732364,0.0
269,200.04200680359685,0.0
270,246.63366667585612,0.0
271,669.9910228719477,0.0
272,645.9802734035195,0.0
273,920.0802604082592,0.0
274,831.6747987121571,0.0
275,987.69608122075,0.0
276,187.42257570000402,0.0
277,0.0,0.0
278,0.0,0.0
279,0.0,0.0
280,127.30511911574956,0.0
281,457.0306126678847,0.0
282,795.281656376953,0.0
283,1211.7597123058067,0.0
284,1299.162757302741,0.0
285,1014.1205725601661,0.0
286,783.2533488062562,0.0
287,524.8388306734514,0.0
288,412.48295029137023,0.0
289,31.063436800657612,0.0
290,263.8956556357923,0.0
291,498.44984174643,0.0
292,122.78789979908811,0.0
293,138.37971165303162,0.0
294,292.3417811064826,0.0
295,845.1466794562555,0.0
296,264.9241695612459,0.0
297,344.30435586879594,0.0
298,297.6177542113064,0.0
299,5.686442265909591,0.0
300,62.41684866311118,0.0
301,13.863868274653214,0.0
302,270.64159952798366,0.0
303,360.98909059455855,0.0
304,596.4321194025015,0.0
305,734.2739344695937,0.0
306,1240.798158753007,0.0
307,1707.0,0.851304595656643
308,1707.0,83.21954579221551
309,1519.0966811211845,0.0
310,1171.8170416729004,0.0
311,850.4726808007391,0.0
312,823.6577136608344,0.0
313,698.1111078548392,0.0
314,805.6801411388963,0.0
315,886.4545740657775,0.0
316,946.1778848527434,0.0
317,870.6617829620686,0.0
318,745.2328893323345,0.0
319,506.5274538659471,0.0
320,0.0,0.0
321,0.0,0.0
322,0.0,0.0
323,0.0,0.0
324,0.0,0.0
325,0.0,0.0
326,0.0,0.0
327,0.0,0.0
328,0.0,0.0
329,21.32240471517298,0.0
330,566.3629160098578,0.0
331,1069.524933376941,0.0
332,1017.1102823954567,0.0
333,1144.9015091589522,0.0
334,677.4336594861884,0.0
335,347.5315586239587,0.0
336,0.0,0.0
337,0.0,0.0
338,0.0,0.0
339,0.0,0.0
340,0.0,0.0
341,0.0,0.0
342,0.0,0.0
343,0.0,0.0
344,0.0,0.0
345,0.0,0.0
346,0.0,0.0
347,0.0,0.0
348,0.0,0.0
349,0.0,0.0
350,0.0,0.0
351,0.0,0.0
352,0.0,0.0
353,0.0,0.0
354,0.0,0.0
355,561.0674909574361,0.0
356,725.0575062285712,0.0
357,769.1587040193972,0.0
358,814.7397819860644,0.0
359,784.3814886091943,0.0
360,957.79286158675,0.0
361,800.1461250670327,0.0
362,691.4522903462135,0.0
363,908.8626114122457,0.0
364,946.9867183632174,0.0
365,648.1071121289121,0.0
366,1167.887846639543,0.0
367,1126.1914973941325,0.0
368,1201.949064868696,0.0
369,1325.176844969732,0.0
370,1357.4108904686725,0.0
371,1094.2821761894236,0.0
372,785.7301559461264,0.0
373,375.9022040716236,0.0
374,374.3292021597508,0.0
375,476.5495523024713,0.0
376,641.8754959882458,0.0
377,576.2382166617499,0.0
378,830.6101295090425,0.0
379,962.4247986664234,0.0
380,1471.7015699231097,0.0
381,1530.1507981272619,0.0
382,1290.303612769983,0.0
383,886.8492813829218,0.0
384,513.538892897888,0.0
385,304.3416068132953,0.0
386,663.2777481188092,0.0
387,298.2757394615194,0.0
388,464.50035038182267,0.0
389,787.0448061105088,0.0
390,553.7365926589284,0.0
391,348.74950474997786,0.0
392,199.0214731956662,0.0
393,245.5442614081271,0.0
394,376.33711371656625,0.0
395,60.269146098493366,0.0
396,0.0,0.0
397,0.0,0.0
398,0.0,0.0
399,0.0,0.0
400,0.0,0.0
401,0.0,0.0
402,0.0,0.0
403,0.0,0.0
404,0.0,0.0
405,0.0,0.0
406,0.0,0.0
407,0.0,0.0
408,0.0,0.0
409,0.0,0.0
410,0.0,0.0
411,0.0,0.0
412,0.0,0.0
413,0.0,0.0
414,0.0,0.0
415,0.0,0.0
416,0.0,0.0
417,0.0,0.0
418,0.0,0.0
419,0.0,0.0
420,0.0,0.0
421,0.0,0.0
422,0.0,0.0
423,0.0,0.0
424,0.0,0.0
425,0.0,0.0
426,0.0,0.0
427,0.0,0.0
428,0.0,0.0
429,0.0,0.0
430,0.0,0.0
431,0.0,0.0
432,0.0,0.0
433,0.0,0.0
434,0.0,0.0
435,0.0,0.0
436,0.0,0.0
437,0.0,0.0
438,0.0,0.0
439,0.0,0.0
440,0.0,0.0
441,0.0,0.0
442,0.0,0.0
443,0.0,0.0
444,0.0,0.0
445,0.0,0.0
446,0.0,0.0
447,0.0,0.0
448,0.0,0.0
449,0.0,0.0
450,0.0,0.0
451,0.0,0.0
452,0.0,0.0
453,0.0,0.0
454,0.0,0.0
455,0.0,0.0
456,0.0,0.0
457,0.0,0.0
458,0.0,0.0
459,0.0,0.0
460,0.0,0.0
461,0.0,0.0
462,0.0,0.0
463,0.0,0.0
464,0.0,0.0
465,0.0,0.0
466,0.0,0.0
467,0.0,0.0
468,0.0,0.0
469,0.0,0.0
470,0.0,0.0
471,0.0,0.0
472,0.0,0.0
473,0.0,0.0
474,0.0,0.0
475,0.0,0.0
476,0.0,0.0
477,0.0,0.0
478,0.0,0.0
479,0.0,0.0
480,0.0,0.0
481,0.0,0.0
482,0.0,0.0
483,0.0,0.0
484,0.0,0.0
485,0.0,0.0
486,0.0,0.0
487,0.0,0.0
488,0.0,0.0
489,0.0,0.0
490,0.0,0.0
491,0.0,0.0
492,0.0,0.0
493,0.0,0.0
494,0.0,0.0
495,0.0,0.0
496,0.0,0.0
497,0.0,0.0
498,0.0,0.0
499,0.0,0.0
500,0.0,0.0
501,0.0,0.0
502,0.0,0.0
503,0.0,0.0
504,0.0,0.0
505,0.0,0.0
506,0.0,0.0
507,0.0,0.0
508,0.0,0.0
509,0.0,0.0
510,0.0,0.0
511,0.0,0.0
512,0.0,0.0
513,0.0,0.0
514,0.0,0.0
515,0.0,0.0
516,0.0,0.0
517,0.0,0.0
518,0.0,0.0
519,0.0,0.0
520,0.0,0.0
521,0.0,0.0
522,0.0,0.0
523,0.0,0.0
524,0.0,0.0
525,0.0,0.0
526,0.0,0.0
527,0.0,0.0
528,0.0,0.0
529,0.0,0.0
530,0.0,0.0
531,0.0,0.0
532,0.0,0.0
533,0.0,0.0
534,0.0,0.0
535,0.0,0.0
536,0.0,0.0
537,0.0,0.0
538,0.0,0.0
539,0.0,0.0
540,0.0,0.0
541,0.0,0.0
542,0.0,0.0
543,0.0,0.0
544,0.0,0.0
545,0.0,0.0
546,469.23998170515324,0.0
547,1074.9557288266703,0.0
548,1264.221025717184,0.0
549,1102.098344656758,0.0
550,929.4915138709812,0.0
551,658.9360945454779,0.0
552,639.6149955234072,0.0
553,34.02594302472989,0.0
554,238.1552383698754,0.0
555,453.90261150196284,0.0
556,317.55332518437325,0.0
557,287.7743175158005,0.0
558,234.45181223350892,0.0
559,0.0,0.0
560,0.0,0.0
561,0.0,0.0
562,0.0,0.0
563,0.0,0.0
564,0.0,0.0
565,0.0,0.0
566,0.0,0.0
567,0.0,0.0
568,0.0,0.0
569,0.0,0.0
570,0.0,0.0
571,0.0,0.0
572,0.0,0.0
573,0.0,0.0
574,0.0,0.0
575,0.0,0.0
576,0.0,0.0
577,0.0,0.0
578,0.0,0.0
579,33.41857530863663,0.0
580,162.88257865540592,0.0
581,407.3094716851504,0.0
582,453.1877965450642,0.0
583,207.4660126578733,0.0
584,0.0,0.0
585,0.0,0.0
586,0.0,0.0
587,0.0,0.0
588,0.0,0.0
589,0.0,0.0
590,0.0,0.0
591,0.0,0.0
592,0.0,0.0
593,0.0,0.0
594,0.0,0.0
595,266.258383666976,0.0
596,155.26836163707628,0.0
597,0.0,0.0
598,0.0,0.0
599,0.0,0.0
600,0.0,0.0
601,0.0,0.0
602,0.0,0.0
603,0.0,0.0
604,0.0,0.0
605,0.0,0.0
606,0.0,0.0
607,0.0,0.0
608,0.0,0.0
609,0.0,0.0
610,0.0,0.0
611,0.0,0.0
612,153.1547098496426,0.0
613,0.0,0.0
614,0.0,0.0
615,0.0,0.0
616,0.0,0.0
617,0.0,0.0
618,0.0,0.0
619,206.90444004315145,0.0
620,0.0,0.0
621,0.0,0.0
622,0.0,0.0
623,0.0,0.0
624,0.0,0.0
625,0.0,0.0
626,0.0,0.0
627,0.0,0.0
628,0.0,0.0
629,0.0,0.0
630,0.0,0.0
631,0.0,0.0
632,0.0,0.0
633,0.0,0.0
634,0.0,0.0
635,0.0,0.0
636,0.0,0.0
637,0.0,0.0
638,0.0,0.0
639,0.0,0.0
640,0.0,0.0
641,0.0,0.0
642,0.0,0.0
643,0.0,0.0
644,0.0,0.0
645,0.0,0.0
646,0.0,0.0
647,0.0,0.0
648,0.0,0.0
649,0.0,0.0
650,0.0,0.0
651,18.34152620746986,0.0
652,138.48501553191423,0.0
653,418.7433281904598,0.0
654,271.68021178403956,0.0
655,0.0,0.0
656,0.0,0.0
657,0.0,0.0
658,0.0,0.0
659,0.0,0.0
660,0.0,0.0
661,0.0,0.0
662,0.0,0.0
663,0.0,0.0
664,1.8746307178616917,0.0
665,535.1633402347336,0.0
666,513.2732996471959,0.0
667,1049.8072884518172,0.0
668,1298.2484581362594,0.0
669,661.0431295031353,0.0
670,881.6643969133424,0.0
671,1112.4367558982044,0.0
672,1152.6219592293626,0.0
673,749.548676593556,0.0
674,664.6094901484421,0.0
675,993.6744611279588,0.0
676,1203.1310270262256,0.0
677,1427.2212270329276,0.0
678,1232.6608656118378,0.0
679,654.8029994414052,0.0
680,491.8371052057697,0.0
681,720.9611864438856,0.0
682,192.96572700801278,0.0
683,0.0,0.0
684,55.42244450641988,0.0
685,0.0,0.0
686,0.0,0.0
687,0.0,0.0
688,0.0,0.0
689,0.0,0.0
690,0.0,0.0
691,426.35458953206717,0.0
692,731.9759202896043,0.0
693,761.5276693264896,0.0
694,540.2320019557962,0.0
695,70.11404902501833,0.0
696,0.38901326443951945,0.0
697,189.295333857888,0.0
698,247.92947243243634,0.0
699,194.43941850511888,0.0
700,620.6711992030653,0.0
701,751.5190124734188,0.0
702,798.5261898706328,0.0
703,899.9871980834591,0.0
704,733.0369831512578,0.0
705,853.5008992628027,0.0
706,937.501010298479,0.0
707,655.0504882018101,0.0
708,285.0815694815717,0.0
709,0.0,0.0
710,0.0,0.0
711,0.0,0.0
712,0.0,0.0
713,40.630976670105156,0.0
714,487.60807933580986,0.0
715,504.62347719153854,0.0
716,1057.5699364023733,0.0
717,484.74328451160153,0.0
718,206.4204863208271,0.0
719,0.0,0.0
720,377.25238172137233,0.0
721,316.83519536170814,0.0
722,476.00633226393956,0.0
723,753.5383749221529,0.0
724,959.1590618436115,0.0
725,907.9865843447285,0.0
726,1006.5381735791407,0.0
727,995.7988583391934,0.0
728,726.1168151668205,0.0
729,639.8271370515226,0.0
730,0.0,0.0
731,0.0,0.0
732,0.0,0.0
733,0.0,0.0
734,0.0,0.0
735,0.0,0.0
736,0.0,0.0
737,0.0,0.0
738,0.0,0.0
739,0.0,0.0
740,0.0,0.0
741,0.0,0.0
742,0.0,0.0
743,0.0,0.0
744,0.0,0.0
745,0.0,0.0
746,0.0,0.0
747,0.0,0.0
748,0.0,0.0
749,0.0,0.0
750,601.2727367971377,0.0
751,269.1605016424594,0.0
752,0.0,0.0
753,0.0,0.0
754,0.0,0.0
755,0.0,0.0
756,0.0,0.0
757,0.0,0.0
758,0.0,0.0
759,0.0,0.0
760,0.0,0.0
761,0.0,0.0
762,0.0,0.0
763,0.0,0.0
764,222.7161015511192,0.0
765,191.28219839585245,0.0
766,0.0,0.0
767,0.0,0.0
768,0.0,0.0
769,0.0,0.0
770,0.0,0.0
771,0.0,0.0
772,0.0,0.0
773,0.0,0.0
774,0.0,0.0
775,0.0,0.0
776,0.0,0.0
777,0.0,0.0
778,0.0,0.0
779,0.0,0.0
780,0.0,0.0
781,0.0,0.0
782,0.0,0.0
783,0.0,0.0
784,0.0,0.0
785,0.0,0.0
786,303.6919131614718,0.0
787,0.0,0.0
788,0.0,0.0
789,0.0,0.0
790,0.0,0.0
791,79.38331049469252,0.0
792,184.03182840694262,0.0
793,250.91360829240148,0.0
794,197.09781948035834,0.0
795,324.439400883997,0.0
796,963.102193872063,0.0
797,834.2750029249728,0.0
798,333.4938967162875,0.0
799,190.36016043316135,0.0
800,0.0,0.0
801,0.0,0.0
802,0.0,0.0
803,0.0,0.0
804,0.0,0.0
805,0.0,0.0
806,0.0,0.0
807,0.0,0.0
808,0.0,0.0
809,0.0,0.0
810,608.996291228395,0.0
811,1094.153175939934,0.0
812,1566.692322243343,0.0
813,1527.9884862349452,0.0
814,1379.1827858722613,0.0
815,1247.5298846953792,0.0
816,1224.78892718792,0.0
817,1078.0082885728661,0.0
818,1138.6249531439125,0.0
819,1012.770634795839,0.0
820,598.664537178016,0.0
821,472.30683311900793,0.0
822,322.59913200571987,0.0
823,0.0,0.0
824,0.0,0.0
825,0.0,0.0
826,0.0,0.0
827,0.0,0.0
828,0.0,0.0
829,0.0,0.0
830,0.0,0.0
831,0.0,0.0
832,0.0,0.0
833,153.73859152947443,0.0
834,331.6510395539967,0.0
835,744.9919253309843,0.0
836,963.2594378180838,0.0
837,1003.7677544794362,0.0
838,952.3486404741948,0.0
839,647.6966076848757,0.0
840,758.7153878626782,0.0
841,292.62931132156245,0.0
842,0.0,0.0
843,0.0,0.0
844,0.0,0.0
845,0.0,0.0
846,0.0,0.0
847,0.0,0.0
848,0.0,0.0
849,0.0,0.0
850,309.9548276539301,0.0
851,260.7731915995678,0.0
852,0.0,0.0
853,0.0,0.0
854,0.0,0.0
855,15.672119524390382,0.0
856,282.07529090168566,0.0
857,418.9301784852005,0.0
858,578.4017558640808,0.0
859,712.6288229340514,0.0
860,857.8498639869083,0.0
861,518.3612267062672,0.0
862,292.5615764580939,0.0
863,72.82526579267301,0.0
864,130.2183286788695,0.0
865,0.0,0.0
866,0.0,0.0
867,0.0,0.0
868,0.0,0.0
869,0.0,0.0
870,0.0,0.0
871,0.0,0.0
872,0.0,0.0
873,0.0,0.0
874,0.0,0.0
875,0.0,0.0
876,0.0,0.0
877,0.0,0.0
878,0.0,0.0
879,0.0,0.0
880,0.0,0.0
881,0.0,0.0
882,0.0,0.0
883,0.0,0.0
884,0.0,0.0
885,0.0,0.0
886,0.0,0.0
887,0.0,0.0
888,0.0,0.0
889,0.0,0.0
890,0.0,0.0
891,0.0,0.0
892,0.0,0.0
893,0.0,0.0
894,0.0,0.0
895,0.0,0.0
896,0.0,0.0
897,0.0,0.0
898,0.0,0.0
899,0.0,0.0
900,0.0,0.0
901,0.0,0.0
902,0.0,0.0
903,0.0,0.0
904,0.0,0.0
905,0.0,0.0
906,0.0,0.0
907,298.3842569900154,0.0
908,672.9099519071035,0.0
909,992.0288480421541,0.0
910,480.75044059910783,0.0
911,540.9969275669075,0.0
912,378.0310713778392,0.0
913,0.0,0.0
914,118.80886185381428,0.0
915,86.36611500997037,0.0
916,378.6005222172407,0.0
917,487.609609648669,0.0
918,316.65368682862754,0.0
919,0.0,0.0
920,0.0,0.0
921,0.0,0.0
922,0.0,0.0
923,0.0,0.0
924,0.0,0.0
925,0.0,0.0
926,0.0,0.0
927,124.13745765324802,0.0
928,64.7572588843027,0.0
929,519.8005667697114,0.0
930,380.5352991000832,0.0
931,658.3048921658552,0.0
932,923.7856009601921,0.0
933,1119.0553027205265,0.0
934,955.5184013586711,0.0
935,548.425864493789,0.0
936,935.9354662922022,0.0
937,909.4651034527589,0.0
938,630.999103542401,0.0
939,947.2480404671293,0.0
940,912.3934017521865,0.0
941,923.2697452276948,0.0
942,696.7351980316334,0.0
943,825.1644721863081,0.0
944,207.7043207827885,0.0
945,100.57879882579346,0.0
946,241.72579439966648,0.0
947,0.0,0.0
948,13.357550106057147,0.0
949,0.0,0.0
950,0.0,0.0
951,0.0,0.0
952,0.0,0.0
953,0.0,0.0
954,0.0,0.0
955,0.0,0.0
956,0.0,0.0
957,0.0,0.0
958,0.0,0.0
959,0.0,0.0
960,0.0,0.0
961,0.0,0.0
962,0.0,0.0
963,0.0,0.0
964,0.0,0.0
965,0.0,0.0
966,0.0,0.0
967,0.0,0.0
968,0.0,0.0
969,0.0,0.0
970,0.0,0.0
971,0.0,0.0
972,0.0,0.0
973,0.0,0.0
974,0.0,0.0
975,0.0,0.0
976,0.0,0.0
977,0.0,0.0
978,0.0,0.0
979,0.0,0.0
980,0.0,0.0
981,0.0,0.0
982,0.0,0.0
983,0.0,0.0
984,0.0,0.0
985,0.0,0.0
986,0.0,0.0
987,0.0,0.0
988,0.0,0.0
989,0.0,0.0
990,0.0,0.0
991,0.0,0.0
992,0.0,0.0
993,0.0,0.0
994,0.0,0.0
995,0.0,0.0
996,0.0,0.0
997,0.0,0.0
998,0.0,0.0
999,0.0,0.0
1000,0.0,0.0
1001,0.0,0.0
1002,0.0,0.0
1003,0.0,0.0
1004,0.0,0.0
1005,0.0,0.0
1006,0.0,0.0
1007,0.0,0.0
1008,0.0,0.0
1009,0.0,0.0
1010,0.0,0.0
1011,0.0,0.0
1012,216.94328596300602,0.0
1013,322.0435086277578,0.0
1014,285.64822461824474,0.0
1015,187.25030120928454,0.0
1016,0.0,0.0
1017,0.0,0.0
1018,0.0,0.0
1019,0.0,0.0
1020,0.0,0.0
1021,0.0,0.0
1022,0.0,0.0
1023,0.0,0.0
1024,0.0,0.0
1025,0.0,0.0
1026,0.0,0.0
1027,0.0,0.0
1028,0.0,0.0
1029,0.0,0.0
1030,0.0,0.0
1031,0.0,0.0
1032,0.0,0.0
1033,0.0,0.0
1034,0.0,0.0
1035,0.0,0.0
1036,0.0,0.0
1037,0.0,0.0
1038,0.0,0.0
1039,0.0,0.0
1040,0.0,0.0
1041,0.0,0.0
1042,0.0,0.0
1043,0.0,0.0
1044,0.0,0.0
1045,0.0,0.0
1046,0.0,0.0
1047,0.0,0.0
1048,0.0,0.0
1049,0.0,0.0
1050,0.0,0.0
1051,0.0,0.0
1052,0.0,0.0
1053,0.0,0.0
1054,0.0,0.0
1055,0.0,0.0
1056,0.0,0.0
1057,0.0,0.0
1058,0.0,0.0
1059,0.0,0.0
1060,0.0,0.0
1061,0.0,0.0
1062,0.0,0.0
1063,0.0,0.0
1064,0.0,0.0
1065,0.0,0.0
1066,0.0,0.0
1067,0.0,0.0
1068,0.0,0.0
1069,0.0,0.0
1070,0.0,0.0
1071,0.0,0.0
1072,0.0,0.0
1073,0.0,0.0
1074,0.0,0.0
1075,0.0,0.0
1076,0.0,0.0
1077,0.0,0.0
1078,0.0,0.0
1079,0.0,0.0
1080,0.0,0.0
1081,0.0,0.0
1082,0.0,0.0
1083,0.0,0.0
1084,0.0,0.0
1085,0.0,0.0
1086,0.0,0.0
1087,0.0,0.0
1088,0.0,0.0
1089,0.0,0.0
1090,0.0,0.0
1091,0.0,0.0
1092,0.0,0.0
1093,0.0,0.0
1094,0.0,0.0
1095,0.0,0.0
1096,0.0,0.0
1097,0.0,0.0
1098,0.0,0.0
1099,0.0,0.0
1100,0.0,0.0
1101,0.0,0.0
1102,0.0,0.0
1103,0.0,0.0
1104,0.0,0.0
1105,0.0,0.0
1106,0.0,0.0
1107,0.0,0.0
1108,0.0,0.0
1109,0.0,0.0
1110,0.0,0.0
1111,0.0,0.0
1112,0.0,0.0
1113,0.0,0.0
1114,0.0,0.0
1115,0.0,0.0
1116,0.0,0.0
1117,0.0,0.0
1118,0.0,0.0
1119,0.0,0.0
1120,0.0,0.0
1121,0.0,0.0
1122,0.0,0.0
1123,362.47965202318983,0.0
1124,551.7332062327328,0.0
1125,390.45187494476045,0.0
1126,166.91975514161004,0.0
1127,72.46815154385376,0.0
1128,108.60949275711118,0.0
1129,260.76998465307906,0.0
1130,277.4894317142571,0.0
1131,202.0351376537617,0.0
1132,20.206905215123697,0.0
1133,0.0,0.0
1134,0.0,0.0
1135,0.0,0.0
1136,0.0,0.0
1137,0.0,0.0
1138,0.0,0.0
1139,0.0,0.0
1140,0.0,0.0
1141,0.0,0.0
1142,0.0,0.0
1143,0.0,0.0
1144,0.0,0.0
1145,0.0,0.0
1146,0.0,0.0
1147,0.0,0.0
1148,0.0,0.0
1149,0.0,0.0
1150,0.0,0.0
1151,0.0,0.0
1152,0.0,0.0
1153,0.0,0.0
1154,0.0,0.0
1155,0.0,0.0
1156,0.0,0.0
1157,0.0,0.0
1158,0.0,0.0
1159,0.0,0.0
1160,0.0,0.0
1161,0.0,0.0
1162,0.0,0.0
1163,0.0,0.0
1164,0.0,0.0
1165,0.0,0.0
1166,0.0,0.0
1167,0.0,0.0
1168,0.0,0.0
1169,0.0,0.0
1170,0.0,0.0
1171,329.90475769860063,0.0
1172,522.6186255523367,0.0
1173,0.0,0.0
1174,34.86422150457747,0.0
1175,0.0,0.0
1176,0.0,0.0
1177,0.0,0.0
1178,0.0,0.0
1179,0.0,0.0
1180,0.0,0.0
1181,0.0,0.0
1182,71.32728069959262,0.0
1183,0.0,0.0
1184,0.0,0.0
1185,0.0,0.0
1186,0.0,0.0
1187,0.0,0.0
1188,169.60293708463735,0.0
1189,0.0,0.0
1190,0.0,0.0
1191,0.0,0.0
1192,0.0,0.0
1193,0.0,0.0
1194,0.0,0.0
1195,0.0,0.0
1196,0.0,0.0
1197,0.0,0.0
1198,0.0,0.0
1199,0.0,0.0
1200,0.0,0.0
1201,0.0,0.0
1202,0.0,0.0
1203,0.0,0.0
1204,100.36662844132525,0.0
1205,209.51386262973892,0.0
1206,169.58669675085002,0.0
1207,104.19913795655361,0.0
1208,532.9212882568173,0.0
1209,528.4509973059436,0.0
1210,1262.7321413646823,0.0
1211,1048.9173792478841,0.0
1212,1076.3705323000404,0.0
1213,1402.9433561161331,0.0
1214,962.852764246308,0.0
1215,1019.8534374992371,0.0
1216,1095.4766943894529,0.0
1217,866.208282727893,0.0
1218,801.8336004854484,0.0
1219,911.2384746317791,0.0
1220,1324.1324709060455,0.0
1221,1317.37102144845,0.0
1222,1177.5416264758026,0.0
1223,813.907011806484,0.0
1224,549.2684012959539,0.0
1225,507.9548223332814,0.0
1226,230.49905372510375,0.0
1227,228.5205307493395,0.0
1228,25.764731037337242,0.0
1229,45.70834674499429,0.0
1230,0.0,0.0
1231,1.8632712534617895,0.0
1232,59.954719543074134,0.0
1233,0.0,0.0
1234,0.0,0.0
1235,0.0,0.0
1236,0.0,0.0
1237,0.0,0.0
1238,0.0,0.0
1239,0.0,0.0
1240,0.0,0.0
1241,0.0,0.0
1242,0.0,0.0
1243,0.0,0.0
1244,0.0,0.0
1245,0.0,0.0
1246,0.0,0.0
1247,0.0,0.0
1248,0.0,0.0
1249,0.0,0.0
1250,0.0,0.0
1251,0.0,0.0
1252,0.0,0.0
1253,0.0,0.0
1254,252.38238236953453,0.0
1255,254.3529753235821,0.0
1256,0.0,0.0
1257,55.081120134096864,0.0
1258,0.0,0.0
1259,0.0,0.0
1260,0.0,0.0
1261,0.0,0.0
1262,0.0,0.0
1263,0.0,0.0
1264,0.0,0.0
1265,0.0,0.0
1266,0.0,0.0
1267,0.0,0.0
1268,0.0,0.0
1269,0.0,0.0
1270,0.0,0.0
1271,0.0,0.0
1272,0.0,0.0
1273,0.0,0.0
1274,0.0,0.0
1275,0.0,0.0
1276,0.0,0.0
1277,0.0,0.0
1278,0.0,0.0
1279,0.0,0.0
1280,0.0,0.0
1281,0.0,0.0
1282,0.0,0.0
1283,0.0,0.0
1284,0.0,0.0
1285,0.0,0.0
1286,0.0,0.0
1287,0.0,0.0
1288,0.0,0.0
1289,0.0,0.0
1290,0.0,0.0
1291,0.0,0.0
1292,0.0,0.0
1293,0.0,0.0
1294,0.0,0.0
1295,0.0,0.0
1296,0.0,0.0
1297,0.0,0.0
1298,0.0,0.0
1299,0.0,0.0
1300,0.0,0.0
1301,0.0,0.0
1302,0.0,0.0
1303,0.0,0.0
1304,0.0,0.0
1305,0.0,0.0
1306,0.0,0.0
1307,0.0,0.0
1308,0.0,0.0
1309,0.0,0.0
1310,0.0,0.0
1311,0.0,0.0
1312,0.0,0.0
1313,0.0,0.0
1314,0.0,0.0
1315,0.0,0.0
1316,0.0,0.0
1317,0.0,0.0
1318,0.0,0.0
1319,0.0,0.0
1320,0.0,0.0
1321,0.0,0.0
1322,0.0,0.0
1323,0.0,0.0
1324,0.0,0.0
1325,0.0,0.0
1326,0.0,0.0
1327,0.0,0.0
1328,0.0,0.0
1329,0.0,0.0
1330,0.0,0.0
1331,0.0,0.0
1332,0.0,0.0
1333,0.0,0.0
1334,0.0,0.0
1335,0.0,0.0
1336,0.0,0.0
1337,0.0,0.0
1338,0.0,0.0
1339,0.0,0.0
1340,102.98667580140545,0.0
1341,0.0,0.0
1342,0.0,0.0
1343,0.0,0.0
1344,0.0,0.0
1345,0.0,0.0
1346,0.0,0.0
1347,0.0,0.0
1348,0.0,0.0
1349,0.0,0.0
1350,0.0,0.0
1351,0.0,0.0
1352,0.0,0.0
1353,0.0,0.0
1354,0.0,0.0
1355,0.0,0.0
1356,0.0,0.0
1357,0.0,0.0
1358,0.0,0.0
1359,0.0,0.0
1360,0.0,0.0
1361,0.0,0.0
1362,0.0,0.0
1363,0.0,0.0
1364,0.0,0.0
1365,0.0,0.0
1366,0.0,0.0
1367,0.0,0.0
1368,0.0,0.0
1369,0.0,0.0
1370,0.0,0.0
1371,0.0,0.0
1372,0.0,0.0
1373,0.0,0.0
1374,0.0,0.0
1375,0.0,0.0
1376,0.0,0.0
1377,0.0,0.0
1378,0.0,0.0
1379,0.0,0.0
1380,0.0,0.0
1381,0.0,0.0
1382,0.0,0.0
1383,0.0,0.0
1384,0.0,0.0
1385,0.0,0.0
1386,0.0,0.0
1387,0.0,0.0
1388,0.0,0.0
1389,0.0,0.0
1390,0.0,0.0
1391,0.0,0.0
1392,0.0,0.0
1393,0.0,0.0
1394,0.0,0.0
1395,0.0,0.0
1396,0.0,0.0
1397,0.0,0.0
1398,0.0,0.0
1399,0.0,0.0
1400,0.0,0.0
1401,0.0,0.0
1402,0.0,0.0
1403,0.0,0.0
1404,0.0,0.0
1405,0.0,0.0
1406,0.0,0.0
1407,0.0,0.0
1408,0.0,0.0
1409,0.0,0.0
1410,0.0,0.0
1411,0.0,0.0
1412,0.0,0.0
1413,0.0,0.0
1414,0.0,0.0
1415,0.0,0.0
1416,0.0,0.0
1417,0.0,0.0
1418,0.0,0.0
1419,0.0,0.0
1420,0.0,0.0
1421,0.0,0.0
1422,0.0,0.0
1423,193.04705313525392,0.0
1424,0.0,0.0
1425,0.0,0.0
1426,0.0,0.0
1427,0.0,0.0
1428,0.0,0.0
1429,0.0,0.0
1430,0.0,0.0
1431,0.0,0.0
1432,0.0,0.0
1433,0.0,0.0
1434,0.0,0.0
1435,0.0,0.0
1436,0.0,0.0
1437,0.0,0.0
1438,0.0,0.0
1439,0.0,0.0
1440,0.0,0.0
1441,0.0,0.0
1442,0.0,0.0
1443,0.0,0.0
1444,0.0,0.0
1445,0.0,0.0
1446,0.0,0.0
1447,0.0,0.0
1448,0.0,0.0
1449,0.0,0.0
1450,0.0,0.0
1451,0.0,0.0
1452,0.0,0.0
1453,0.0,0.0
1454,0.0,0.0
1455,0.0,0.0
1456,0.0,0.0
1457,0.0,0.0
1458,0.0,0.0
1459,76.18921376128844,0.0
1460,0.0,0.0
1461,0.0,0.0
1462,0.0,0.0
1463,0.0,0.0
1464,0.0,0.0
1465,0.0,0.0
1466,0.0,0.0
1467,0.0,0.0
1468,0.0,0.0
1469,0.0,0.0
1470,0.0,0.0
1471,0.0,0.0
1472,0.0,0.0
1473,0.0,0.0
1474,0.0,0.0
1475,0.0,0.0
1476,0.0,0.0
1477,0.0,0.0
1478,0.0,0.0
1479,0.0,0.0
1480,0.0,0.0
1481,0.0,0.0
1482,93.78082238676825,0.0
1483,467.6896116789467,0.0
1484,338.7271197893358,0.0
1485,320.1318778663058,0.0
1486,197.869503873623,0.0
1487,265.8202325053546,0.0
1488,414.09551910252003,0.0
1489,0.0,0.0
1490,12.74108054027397,0.0
1491,268.02300931583136,0.0
1492,1017.4917209643012,0.0
1493,1159.1140862908126,0.0
1494,1041.1176902399932,0.0
1495,824.0518124721171,0.0
1496,1303.176738843571,0.0
1497,1215.2899914175746,0.0
1498,781.1332902405284,0.0
1499,641.390584936275,0.0
1500,501.1616368586745,0.0
1501,365.67911192042493,0.0
1502,703.1147364257093,0.0
1503,1058.746760131471,0.0
1504,1008.1805464135596,0.0
1505,1152.7535370745868,0.0
1506,1184.9874222320223,0.0
1507,1263.5872632754595,0.0
1508,1707.0,152.85097743000892
1509,1434.4889072550152,0.0
1510,1207.979307140884,0.0
1511,1029.3601649436498,0.0
1512,997.7837941853631,0.0
1513,628.2739888918189,0.0
1514,652.2192706289959,0.0
1515,838.84288360193,0.0
1516,975.6733879932004,0.0
1517,947.1370155225852,0.0
1518,762.9108102230481,0.0
1519,546.2691177419058,0.0
1520,764.4261005711444,0.0
1521,786.2708073628696,0.0
1522,545.9158393220926,0.0
1523,37.590813831787614,0.0
1524,538.4939845893525,0.0
1525,158.77341556326814,0.0
1526,527.6053474914252,0.0
1527,536.7642539273911,0.0
1528,359.96971443605366,0.0
1529,0.0,0.0
1530,71.34564123348287,0.0
1531,0.0,0.0
1532,0.0,0.0
1533,0.0,0.0
1534,56.69282564994501,0.0
1535,0.0,0.0
1536,0.0,0.0
1537,0.0,0.0
1538,0.0,0.0
1539,0.0,0.0
1540,0.0,0.0
1541,0.0,0.0
1542,0.0,0.0
1543,0.0,0.0
1544,0.0,0.0
1545,0.0,0.0
1546,0.0,0.0
1547,0.0,0.0
1548,0.0,0.0
1549,0.0,0.0
1550,0.0,0.0
1551,0.0,0.0
1552,0.0,0.0
1553,0.0,0.0
1554,0.0,0.0
1555,0.0,0.0
1556,0.0,0.0
1557,0.0,0.0
1558,0.0,0.0
1559,0.0,0.0
1560,0.0,0.0
1561,0.0,0.0
1562,0.0,0.0
1563,0.0,0.0
1564,0.0,0.0
1565,0.0,0.0
1566,0.0,0.0
1567,0.0,0.0
1568,0.0,0.0
1569,0.0,0.0
1570,0.0,0.0
1571,0.0,0.0
1572,0.0,0.0
1573,0.0,0.0
1574,0.0,0.0
1575,0.0,0.0
1576,0.0,0.0
1577,0.0,0.0
1578,0.0,0.0
1579,0.0,0.0
1580,0.0,0.0
1581,0.0,0.0
1582,0.0,0.0
1583,0.0,0.0
1584,0.0,0.0
1585,0.0,0.0
1586,0.0,0.0
1587,0.0,0.0
1588,0.0,0.0
1589,0.0,0.0
1590,0.0,0.0
1591,0.0,0.0
1592,0.0,0.0
1593,0.0,0.0
1594,0.0,0.0
1595,0.0,0.0
1596,0.0,0.0
1597,0.0,0.0
1598,0.0,0.0
1599,0.0,0.0
1600,0.0,0.0
1601,0.0,0.0
1602,0.0,0.0
1603,0.0,0.0
1604,388.6306485637477,0.0
1605,216.4850444314917,0.0
1606,0.0,0.0
1607,0.0,0.0
1608,0.0,0.0
1609,0.0,0.0
1610,0.0,0.0
1611,0.0,0.0
1612,368.4312124013654,0.0
1613,739.2583930681078,0.0
1614,628.9524090066495,0.0
1615,451.6070442664004,0.0
1616,193.83642655997699,0.0
1617,258.8673859704443,0.0
1618,337.84815847232426,0.0
1619,286.59124466660387,0.0
1620,0.0,0.0
1621,0.0,0.0
1622,148.4685617923601,0.0
1623,256.60592546063276,0.0
1624,271.99192140755576,0.0
1625,168.53955280729815,0.0
1626,0.0,0.0
1627,112.35583624736682,0.0
1628,366.9967130972898,0.0
1629,400.41516732429545,0.0
1630,99.47519321099367,0.0
1631,250.6836730568989,0.0
1632,190.41586069256437,0.0
1633,374.92410922307613,0.0
1634,825.1015886545997,0.0
1635,877.8561593620253,0.0
1636,767.6499991757796,0.0
1637,594.0442019472675,0.0
1638,627.8451239737026,0.0
1639,264.17297275084,0.0
1640,653.7124996041312,0.0
1641,377.0160095978099,0.0
1642,0.0,0.0
1643,0.0,0.0
1644,0.0,0.0
1645,0.0,0.0
1646,0.0,0.0
1647,0.0,0.0
1648,0.0,0.0
1649,0.0,0.0
1650,0.0,0.0
1651,0.0,0.0
1652,221.41669942132853,0.0
1653,134.5443102482359,0.0
1654,0.0,0.0
1655,0.0,0.0
1656,0.0,0.0
1657,0.0,0.0
1658,0.0,0.0
1659,0.0,0.0
1660,0.0,0.0
1661,0.0,0.0
1662,0.0,0.0
1663,0.0,0.0
1664,0.0,0.0
1665,0.0,0.0
1666,0.0,0.0
1667,0.0,0.0
1668,0.0,0.0
1669,0.0,0.0
1670,0.0,0.0
1671,0.0,0.0
1672,0.0,0.0
1673,0.0,0.0
1674,0.0,0.0
1675,0.0,0.0
1676,0.0,0.0
1677,0.0,0.0
1678,0.0,0.0
1679,0.0,0.0
1680,0.0,0.0
1681,0.0,0.0
1682,0.0,0.0
1683,0.0,0.0
1684,0.0,0.0
1685,0.0,0.0
1686,0.0,0.0
1687,0.0,0.0
1688,0.0,0.0
1689,0.0,0.0
1690,0.0,0.0
1691,0.0,0.0
1692,0.0,0.0
1693,0.0,0.0
1694,0.0,0.0
1695,0.0,0.0
1696,0.0,0.0
1697,0.0,0.0
1698,0.0,0.0
1699,0.0,0.0
1700,0.0,0.0
1701,0.0,0.0
1702,0.0,0.0
1703,0.0,0.0
1704,0.0,0.0
1705,0.0,0.0
1706,0.0,0.0
1707,0.0,0.0
1708,0.0,0.0
1709,0.0,0.0
1710,0.0,0.0
1711,0.0,0.0
1712,0.0,0.0
1713,0.0,0.0
1714,0.0,0.0
1715,0.0,0.0
1716,0.0,0.0
1717,0.0,0.0
1718,0.0,0.0
1719,0.0,0.0
1720,0.0,0.0
1721,0.0,0.0
1722,0.0,0.0
1723,0.0,0.0
1724,0.0,0.0
1725,0.0,0.0
1726,0.0,0.0
1727,0.0,0.0
1728,0.0,0.0
1729,0.0,0.0
1730,0.0,0.0
1731,0.0,0.0
1732,121.13864649415814,0.0
1733,0.0,0.0
1734,0.0,0.0
1735,0.0,0.0
1736,0.0,0.0
1737,0.0,0.0
1738,0.0,0.0
1739,0.0,0.0
1740,0.0,0.0
1741,0.0,0.0
1742,0.0,0.0
1743,0.0,0.0
1744,0.0,0.0
1745,0.0,0.0
1746,0.0,0.0
1747,0.0,0.0
1748,331.55378753635966,0.0
1749,600.0138689127019,0.0
1750,73.1825827021978,0.0
1751,0.0,0.0
1752,0.0,0.0
1753,0.0,0.0
1754,0.0,0.0
1755,0.0,0.0
1756,0.0,0.0
1757,0.0,0.0
1758,0.0,0.0
1759,0.0,0.0
1760,0.0,0.0
1761,0.0,0.0
1762,0.0,0.0
1763,0.0,0.0
1764,0.0,0.0
1765,0.0,0.0
1766,0.0,0.0
1767,0.0,0.0
1768,0.0,0.0
1769,0.0,0.0
1770,0.0,0.0
1771,0.0,0.0
1772,0.0,0.0
1773,0.0,0.0
1774,0.0,0.0
1775,0.0,0.0
1776,0.0,0.0
1777,0.0,0.0
1778,0.0,0.0
1779,0.0,0.0
1780,0.0,0.0
1781,0.0,0.0
1782,0.0,0.0
1783,0.0,0.0
1784,0.0,0.0
1785,0.0,0.0
1786,0.0,0.0
1787,0.0,0.0
1788,0.0,0.0
1789,0.0,0.0
1790,0.0,0.0
1791,0.0,0.0
1792,0.0,0.0
1793,0.0,0.0
1794,0.0,0.0
1795,0.0,0.0
1796,0.0,0.0
1797,0.0,0.0
1798,0.0,0.0
1799,0.0,0.0
1800,0.0,0.0
1801,0.0,0.0
1802,0.0,0.0
1803,0.0,0.0
1804,0.0,0.0
1805,0.0,0.0
1806,0.0,0.0
1807,0.0,0.0
1808,0.0,0.0
1809,0.0,0.0
1810,0.0,0.0
1811,0.0,0.0
1812,0.0,0.0
1813,0.0,0.0
1814,0.0,0.0
1815,0.0,0.0
1816,0.0,0.0
1817,0.0,0.0
1818,0.0,0.0
1819,0.0,0.0
1820,0.0,0.0
1821,0.0,0.0
1822,0.0,0.0
1823,0.0,0.0
1824,0.0,0.0
1825,0.0,0.0
1826,0.0,0.0
1827,260.3537468573195,0.0
1828,448.8434734081968,0.0
1829,869.5556858729267,0.0
1830,969.1636549840593,0.0
1831,1194.5363838710366,0.0
1832,854.506058691748,0.0
1833,1132.4779561583118,0.0
1834,776.1707179141856,0.0
1835,0.0,0.0
1836,0.0,0.0
1837,0.0,0.0
1838,0.0,0.0
1839,0.0,0.0
1840,0.0,0.0
1841,0.0,0.0
1842,0.0,0.0
1843,0.0,0.0
1844,27.871878368325724,0.0
1845,0.0,0.0
1846,0.0,0.0
1847,0.0,0.0
1848,0.0,0.0
1849,0.0,0.0
1850,0.0,0.0
1851,0.0,0.0
1852,0.0,0.0
1853,0.0,0.0
1854,0.0,0.0
1855,0.0,0.0
1856,0.0,0.0
1857,0.0,0.0
1858,0.0,0.0
1859,0.0,0.0
1860,0.0,0.0
1861,0.0,0.0
1862,0.0,0.0
1863,0.0,0.0
1864,0.0,0.0
1865,0.0,0.0
1866,0.0,0.0
1867,0.0,0.0
1868,0.0,0.0
1869,27.927177590724796,0.0
1870,288.83097971106577,0.0
1871,545.8437277648713,0.0
1872,849.790222135271,0.0
1873,849.5075668035176,0.0
1874,840.582220346967,0.0
1875,953.0040514745339,0.0
1876,964.0415957086446,0.0
1877,886.3682038396189,0.0
1878,630.6515168901255,0.0
1879,0.0,0.0
1880,0.0,0.0
1881,0.0,0.0
1882,0.0,0.0
1883,0.0,0.0
1884,0.0,0.0
1885,0.0,0.0
1886,0.0,0.0
1887,0.0,0.0
1888,0.0,0.0
1889,0.0,0.0
1890,0.0,0.0
1891,0.0,0.0
1892,0.0,0.0
1893,0.0,0.0
1894,0.0,0.0
1895,0.0,0.0
1896,0.0,0.0
1897,0.0,0.0
1898,0.0,0.0
1899,0.0,0.0
1900,0.0,0.0
1901,0.0,0.0
1902,0.0,0.0
1903,0.0,0.0
1904,0.0,0.0
1905,0.0,0.0
1906,0.0,0.0
1907,0.0,0.0
1908,0.0,0.0
1909,0.0,0.0
1910,0.0,0.0
1911,0.0,0.0
1912,0.0,0.0
1913,0.0,0.0
1914,0.0,0.0
1915,0.0,0.0
1916,0.0,0.0
1917,0.0,0.0
1918,0.0,0.0
1919,0.0,0.0
1920,0.0,0.0
1921,285.22199825996586,0.0
1922,185.03084132846152,0.0
1923,0.0,0.0
1924,0.0,0.0
1925,0.0,0.0
1926,0.0,0.0
1927,0.0,0.0
1928,0.0,0.0
1929,0.0,0.0
1930,0.0,0.0
1931,0.0,0.0
1932,0.0,0.0
1933,0.0,0.0
1934,0.0,0.0
1935,0.0,0.0
1936,0.0,0.0
1937,0.0,0.0
1938,0.0,0.0
1939,0.0,0.0
1940,0.0,0.0
1941,0.0,0.0
1942,0.0,0.0
1943,0.0,0.0
1944,0.0,0.0
1945,0.0,0.0
1946,0.0,0.0
1947,0.0,0.0
1948,16.324699198861254,0.0
1949,0.0,0.0
1950,0.0,0.0
1951,0.0,0.0
1952,0.0,0.0
1953,0.0,0.0
1954,0.0,0.0
1955,0.0,0.0
1956,0.0,0.0
1957,0.0,0.0
1958,0.0,0.0
1959,0.0,0.0
1960,0.0,0.0
1961,0.0,0.0
1962,0.0,0.0
1963,0.0,0.0
1964,0.0,0.0
1965,0.0,0.0
1966,0.0,0.0
1967,0.0,0.0
1968,0.0,0.0
1969,0.0,0.0
1970,0.0,0.0
1971,0.0,0.0
1972,0.0,0.0
1973,0.0,0.0
1974,0.0,0.0
1975,0.0,0.0
1976,0.0,0.0
1977,0.0,0.0
1978,0.0,0.0
1979,0.0,0.0
1980,0.0,0.0
1981,0.0,0.0
1982,0.0,0.0
1983,0.0,0.0
1984,0.0,0.0
1985,0.0,0.0
1986,0.0,0.0
1987,0.0,0.0
1988,0.0,0.0
1989,0.0,0.0
1990,0.0,0.0
1991,0.0,0.0
1992,0.0,0.0
1993,0.0,0.0
1994,0.0,0.0
1995,0.0,0.0
1996,0.0,0.0
1997,54.56761404184681,0.0
1998,0.0,0.0
1999,0.0,0.0
2000,592.2409862301035,0.0
2001,535.7475036400011,0.0
2002,380.1601088205223,0.0
2003,0.0,0.0
2004,0.0,0.0
2005,0.0,0.0
2006,0.0,0.0
2007,207.21750329536872,0.0
2008,279.7444720743215,0.0
2009,446.7268676195001,0.0
2010,348.278995411976,0.0
2011,829.7345819201419,0.0
2012,913.8118968850356,0.0
2013,670.0311627145024,0.0
2014,318.7867929373658,0.0
2015,186.97741773730172,0.0
2016,42.02062989612159,0.0
2017,498.8395111815373,0.0
2018,633.4319078899894,0.0
2019,894.4881978455885,0.0
2020,1037.1172006335264,0.0
2021,856.5859702764083,0.0
2022,784.2792030864455,0.0
2023,514.8611308369823,0.0
2024,354.92966549814764,0.0
2025,325.0764972678661,0.0
2026,174.63831253852277,0.0
2027,0.0,0.0
2028,0.0,0.0
2029,0.0,0.0
2030,176.3267543139723,0.0
2031,340.0568612362647,0.0
2032,293.8232172388159,0.0
2033,0.0,0.0
2034,0.0,0.0
2035,0.0,0.0
2036,596.7127481601913,0.0
2037,774.533978052717,0.0
2038,495.40425122456327,0.0
2039,376.1419383929631,0.0
2040,339.85370361261494,0.0
2041,100.78221302855741,0.0
2042,0.0,0.0
2043,0.0,0.0
2044,0.0,0.0
2045,0.0,0.0
2046,0.0,0.0
2047,0.0,0.0
2048,0.0,0.0
2049,0.0,0.0
2050,0.0,0.0
2051,0.0,0.0
2052,0.0,0.0
2053,0.0,0.0
2054,0.0,0.0
2055,0.0,0.0
2056,0.0,0.0
2057,0.0,0.0
2058,0.0,0.0
2059,0.0,0.0
2060,0.0,0.0
2061,0.0,0.0
2062,0.0,0.0
2063,0.0,0.0
2064,0.0,0.0
2065,0.0,0.0
2066,0.0,0.0
2067,0.0,0.0
2068,0.0,0.0
2069,0.0,0.0
2070,0.0,0.0
2071,0.0,0.0
2072,0.0,0.0
2073,0.0,0.0
2074,0.0,0.0
2075,0.0,0.0
2076,0.0,0.0
2077,0.0,0.0
2078,0.0,0.0
2079,0.0,0.0
2080,0.0,0.0
2081,0.0,0.0
2082,0.0,0.0
2083,0.0,0.0
2084,0.0,0.0
2085,0.0,0.0
2086,0.0,0.0
2087,0.0,0.0
2088,0.0,0.0
2089,0.0,0.0
2090,0.0,0.0
2091,0.0,0.0
2092,0.0,0.0
2093,0.0,0.0
2094,0.0,0.0
2095,0.0,0.0
2096,0.0,0.0
2097,0.0,0.0
2098,0.0,0.0
2099,0.0,0.0
2100,0.0,0.0
2101,0.0,0.0
2102,0.0,0.0
2103,0.0,0.0
2104,0.0,0.0
2105,0.0,0.0
2106,0.0,0.0
2107,0.0,0.0
2108,0.0,0.0
2109,0.0,0.0
2110,0.0,0.0
2111,0.0,0.0
2112,0.0,0.0
2113,0.0,0.0
2114,0.0,0.0
2115,0.0,0.0
2116,0.0,0.0
2117,0.0,0.0
2118,0.0,0.0
2119,0.0,0.0
2120,0.0,0.0
2121,0.0,0.0
2122,0.0,0.0
2123,0.0,0.0
2124,0.0,0.0
2125,0.0,0.0
2126,0.0,0.0
2127,0.0,0.0
2128,0.0,0.0
2129,0.0,0.0
2130,0.0,0.0
2131,0.0,0.0
2132,0.0,0.0
2133,0.0,0.0
2134,0.0,0.0
2135,0.0,0.0
2136,0.0,0.0
2137,0.0,0.0
2138,0.0,0.0
2139,0.0,0.0
2140,0.0,0.0
2141,0.0,0.0
2142,0.0,0.0
2143,0.0,0.0
2144,0.0,0.0
2145,0.0,0.0
2146,0.0,0.0
2147,0.0,0.0
2148,0.0,0.0
2149,0.0,0.0
2150,0.0,0.0
2151,0.0,0.0
2152,0.0,0.0
2153,0.0,0.0
2154,0.0,0.0
2155,0.0,0.0
2156,0.0,0.0
2157,0.0,0.0
2158,0.0,0.0
2159,0.0,0.0
2160,0.0,0.0
2161,0.0,0.0
2162,0.0,0.0
2163,0.0,0.0
2164,0.0,0.0
2165,0.0,0.0
2166,0.0,0.0
2167,0.0,0.0
2168,0.0,0.0
2169,0.0,0.0
2170,0.0,0.0
2171,0.0,0.0
2172,0.0,0.0
2173,0.0,0.0
2174,0.0,0.0
2175,0.0,0.0
2176,0.0,0.0
2177,0.0,0.0
2178,0.0,0.0
2179,0.0,0.0
2180,0.0,0.0
2181,0.0,0.0
2182,0.0,0.0
2183,0.0,0.0
2184,0.0,0.0
2185,0.0,0.0
2186,0.0,0.0
2187,0.0,0.0
2188,0.0,0.0
2189,0.0,0.0
2190,0.0,0.0
2191,0.0,0.0
2192,286.58244443649414,0.0
2193,0.0,0.0
2194,0.0,0.0
2195,0.0,0.0
2196,0.0,0.0
2197,0.0,0.0
2198,0.0,0.0
2199,0.0,0.0
2200,0.0,0.0
2201,23.62348018611226,0.0
2202,95.5739090745949,0.0
2203,556.9966225528319,0.0
2204,1027.8687200681788,0.0
2205,872.3527971837302,0.0
2206,767.4836062364575,0.0
2207,782.6452264828678,0.0
2208,633.7253955772649,0.0
2209,432.8615246877753,0.0
2210,383.10906273525893,0.0
2211,0.0,0.0
2212,0.0,0.0
2213,0.0,0.0
2214,0.0,0.0
2215,0.0,0.0
2216,0.0,0.0
2217,0.0,0.0
2218,0.0,0.0
2219,0.0,0.0
2220,0.0,0.0
2221,0.0,0.0
2222,0.0,0.0
2223,0.0,0.0
2224,0.0,0.0
2225,0.0,0.0
2226,0.0,0.0
2227,0.0,0.0
2228,0.0,0.0
2229,0.0,0.0
2230,0.0,0.0
2231,0.0,0.0
2232,0.0,0.0
2233,0.0,0.0
2234,0.0,0.0
2235,0.0,0.0
2236,0.0,0.0
2237,0.0,0.0
2238,0.0,0.0
2239,0.0,0.0
2240,0.0,0.0
2241,0.0,0.0
2242,0.0,0.0
2243,0.0,0.0
2244,0.0,0.0
2245,0.0,0.0
2246,0.0,0.0
2247,0.0,0.0
2248,0.0,0.0
2249,0.0,0.0
2250,0.0,0.0
2251,0.0,0.0
2252,0.0,0.0
2253,0.0,0.0
2254,0.0,0.0
2255,0.0,0.0
2256,0.0,0.0
2257,0.0,0.0
2258,0.0,0.0
2259,0.0,0.0
2260,0.0,0.0
2261,0.0,0.0
2262,0.0,0.0
2263,0.0,0.0
2264,0.0,0.0
2265,0.0,0.0
2266,0.0,0.0
2267,0.0,0.0
2268,0.0,0.0
2269,0.0,0.0
2270,0.0,0.0
2271,0.0,0.0
2272,0.0,0.0
2273,0.0,0.0
2274,0.0,0.0
2275,208.82957252117353,0.0
2276,1199.8340670485516,0.0
2277,525.7400832018386,0.0
2278,183.59226748900892,0.0
2279,517.9603822491331,0.0
2280,298.3601508226509,0.0
2281,0.0,0.0
2282,59.545149218297865,0.0
2283,503.7064431685544,0.0
2284,636.5406376668891,0.0
2285,673.3408482736875,0.0
2286,531.1838638348806,0.0
2287,599.5704498757955,0.0
2288,490.05771675870915,0.0
2289,404.56982197536786,0.0
2290,124.99324548488698,0.0
2291,0.0,0.0
2292,0.0,0.0
2293,0.0,0.0
2294,0.0,0.0
2295,0.0,0.0
2296,0.0,0.0
2297,0.0,0.0
2298,0.0,0.0
2299,0.0,0.0
2300,168.66156664324126,0.0
2301,259.4686436513671,0.0
2302,535.6090110506993,0.0
2303,419.1992799650079,0.0
2304,401.6531581084232,0.0
2305,484.37760555059776,0.0
2306,520.7564685371456,0.0
2307,652.5774252722863,0.0
2308,968.3789053169086,0.0
2309,976.4496343321414,0.0
2310,928.3677856000493,0.0
2311,961.8382568379045,0.0
2312,1078.1160377560418,0.0
2313,1275.6287138725213,0.0
2314,1400.5345440530803,0.0
2315,1213.179502619072,0.0
2316,1117.6107296157463,0.0
2317,729.4557909093134,0.0
2318,901.69396638749,0.0
2319,590.3072323199966,0.0
2320,458.6793967400099,0.0
2321,951.506036620634,0.0
2322,1230.3392024453926,0.0
2323,1402.5984561022274,0.0
2324,1595.9196804988646,0.0
2325,1230.8407933992398,0.0
2326,1286.8757834131184,0.0
2327,1015.1175138799734,0.0
2328,904.7156505415767,0.0
2329,803.0579777530943,0.0
2330,713.6480742243989,0.0
2331,802.5505600081168,0.0
2332,830.7821143775957,0.0
2333,755.908148043756,0.0
2334,480.76825355589017,0.0
2335,306.712723307895,0.0
2336,567.2266342159041,0.0
2337,298.4523239751377,0.0
2338,0.0,0.0
2339,0.0,0.0
2340,0.0,0.0
2341,0.0,0.0
2342,69.0482527276065,0.0
2343,8.622140981644861,0.0
2344,695.6683720381045,0.0
2345,1065.4605781816556,0.0
2346,424.4683488519472,0.0
2347,710.839812315751,0.0
2348,945.8202335906085,0.0
2349,729.0991813132373,0.0
2350,390.9309686274073,0.0
2351,216.95308787528802,0.0
2352,78.1098025182689,0.0
2353,0.0,0.0
2354,0.0,0.0
2355,124.53771505957934,0.0
2356,309.3370400681863,0.0
2357,301.4829031345125,0.0
2358,174.91844006604924,0.0
2359,0.0,0.0
2360,110.514580205926,0.0
2361,519.6728667679154,0.0
2362,362.5892625655272,0.0
2363,0.0,0.0
2364,0.0,0.0
2365,0.0,0.0
2366,0.0,0.0
2367,0.0,0.0
2368,0.0,0.0
2369,0.0,0.0
2370,0.0,0.0
2371,302.1926732965537,0.0
2372,741.600121885268,0.0
2373,214.19276495948316,0.0
2374,321.31159277195366,0.0
2375,316.6806784390401,0.0
2376,0.0,0.0
2377,0.0,0.0
2378,251.85637676373562,0.0
2379,336.4265840810949,0.0
2380,335.57078161995923,0.0
2381,571.1638492497318,0.0
2382,0.0,0.0
2383,200.3160265893356,0.0
2384,0.0,0.0
2385,0.0,0.0
2386,0.0,0.0
2387,0.0,0.0
2388,0.0,0.0
2389,0.0,0.0
2390,0.0,0.0
2391,0.0,0.0
2392,0.0,0.0
2393,0.0,0.0
2394,0.0,0.0
2395,0.0,0.0
2396,181.96476146377836,0.0
2397,0.0,0.0
2398,0.0,0.0
2399,0.0,0.0
2400,0.0,0.0
2401,0.0,0.0
2402,0.0,0.0
2403,0.0,0.0
2404,130.6935084635088,0.0
2405,0.0,0.0
2406,0.0,0.0
2407,0.0,0.0
2408,0.0,0.0
2409,0.0,0.0
2410,0.0,0.0
2411,0.0,0.0
2412,0.0,0.0
2413,0.0,0.0
2414,0.0,0.0
2415,0.0,0.0
2416,0.0,0.0
2417,0.0,0.0
2418,101.41388768330125,0.0
2419,517.0521268486068,0.0
2420,887.0352470195633,0.0
2421,775.209470191947,0.0
2422,588.3822780124958,0.0
2423,165.7059923017796,0.0
2424,546.009817432725,0.0
2425,550.4261162448322,0.0
2426,619.72532136216,0.0
2427,784.2194467596643,0.0
2428,1314.1828580448396,0.0
2429,846.8244112924401,0.0
2430,322.8357539977626,0.0
2431,543.3800647761257,0.0
2432,0.0,0.0
2433,0.0,0.0
2434,0.0,0.0
2435,0.0,0.0
2436,0.0,0.0
2437,0.0,0.0
2438,0.0,0.0
2439,0.0,0.0
2440,0.0,0.0
2441,0.0,0.0
2442,0.0,0.0
2443,0.0,0.0
2444,249.51516179473265,0.0
2445,74.43024447393782,0.0
2446,0.0,0.0
2447,0.0,0.0
2448,0.0,0.0
2449,0.0,0.0
2450,0.0,0.0
2451,0.0,0.0
2452,0.0,0.0
2453,0.0,0.0
2454,0.0,0.0
2455,0.0,0.0
2456,0.0,0.0
2457,0.0,0.0
2458,0.0,0.0
2459,0.0,0.0
2460,0.0,0.0
2461,0.0,0.0
2462,0.0,0.0
2463,0.0,0.0
2464,0.0,0.0
2465,0.0,0.0
2466,0.0,0.0
2467,0.04638322137452633,0.0
2468,0.0,0.0
2469,0.0,0.0
2470,0.0,0.0
2471,37.76576533212233,0.0
2472,111.20572370736681,0.0
2473,0.0,0.0
2474,0.0,0.0
2475,0.0,0.0
2476,11.501706619251763,0.0
2477,656.1433147963189,0.0
2478,699.4351364695306,0.0
2479,1018.4586135807559,0.0
2480,236.68153822895852,0.0
2481,82.51344206171484,0.0
2482,0.0,0.0
2483,0.0,0.0
2484,0.0,0.0
2485,0.0,0.0
2486,0.0,0.0
2487,0.0,0.0
2488,0.0,0.0
2489,0.0,0.0
2490,0.0,0.0
2491,170.53725436179366,0.0
2492,106.35516128963218,0.0
2493,183.75091499068333,0.0
2494,24.03241859375794,0.0
2495,0.0,0.0
2496,0.0,0.0
2497,0.0,0.0
2498,0.0,0.0
2499,0.0,0.0
2500,0.0,0.0
2501,0.0,0.0
2502,0.0,0.0
2503,0.0,0.0
2504,0.0,0.0
2505,0.0,0.0
2506,0.0,0.0
2507,0.0,0.0
2508,0.0,0.0
2509,0.0,0.0
2510,0.0,0.0
2511,0.0,0.0
2512,0.0,0.0
2513,0.0,0.0
2514,0.0,0.0
2515,0.0,0.0
2516,0.0,0.0
2517,0.0,0.0
2518,0.0,0.0
2519,0.0,0.0
2520,0.0,0.0
2521,0.0,0.0
2522,22.738539853865404,0.0
2523,234.60259966613285,0.0
2524,567.2465555528138,0.0
2525,899.1100029443521,0.0
2526,857.4483377770416,0.0
2527,1073.410597737008,0.0
2528,1408.127412927343,0.0
2529,1707.0,136.51766518300667
2530,1669.5761305097192,0.0
2531,1707.0,197.99632096336757
2532,1707.0,26.931975859778277
2533,1595.8699676701522,0.0
2534,1707.0,32.26615954135332
2535,1602.3992922029297,0.0
2536,1264.2756026713428,0.0
2537,1051.3356804250277,0.0
2538,399.5280820279411,0.0
2539,0.0,0.0
2540,300.96725632222143,0.0
2541,554.5902770888362,0.0
2542,683.1975134970828,0.0
2543,263.0937983537656,0.0
2544,273.68165438134747,0.0
2545,290.60997638209346,0.0
2546,0.0,0.0
2547,0.0,0.0
2548,18.79941343429755,0.0
2549,44.73890851128772,0.0
2550,0.0,0.0
2551,0.0,0.0
2552,355.5949222649847,0.0
2553,350.0433115786683,0.0
2554,456.7269675337493,0.0
2555,350.5744626509795,0.0
2556,188.07679368126583,0.0
2557,12.646900323981981,0.0
2558,24.37283509789586,0.0
2559,0.0,0.0
2560,167.16096786202274,0.0
2561,10.322054178662711,0.0
2562,0.0,0.0
2563,0.0,0.0
2564,164.53925983012627,0.0
2565,186.8569598453969,0.0
2566,0.0,0.0
2567,0.0,0.0
2568,0.0,0.0
2569,0.0,0.0
2570,0.0,0.0
2571,0.0,0.0
2572,0.0,0.0
2573,0.0,0.0
2574,0.0,0.0
2575,0.0,0.0
2576,0.0,0.0
2577,0.0,0.0
2578,0.0,0.0
2579,0.0,0.0
2580,0.0,0.0
2581,0.0,0.0
2582,0.0,0.0
2583,0.0,0.0
2584,0.0,0.0
2585,0.0,0.0
2586,0.0,0.0
2587,0.0,0.0
2588,0.0,0.0
2589,0.0,0.0
2590,0.0,0.0
2591,0.0,0.0
2592,0.0,0.0
2593,0.0,0.0
2594,0.0,0.0
2595,0.0,0.0
2596,0.0,0.0
2597,0.0,0.0
2598,0.0,0.0
2599,0.0,0.0
2600,0.0,0.0
2601,0.0,0.0
2602,0.0,0.0
2603,0.0,0.0
2604,0.0,0.0
2605,0.0,0.0
2606,0.0,0.0
2607,0.0,0.0
2608,0.0,0.0
2609,0.0,0.0
2610,0.0,0.0
2611,0.0,0.0
2612,0.0,0.0
2613,0.0,0.0
2614,0.0,0.0
2615,0.0,0.0
2616,0.0,0.0
2617,0.0,0.0
2618,0.0,0.0
2619,0.0,0.0
2620,0.0,0.0
2621,92.00338756386691,0.0
2622,510.101050929199,0.0
2623,613.9666905670376,0.0
2624,781.3292771127238,0.0
2625,877.3636938889119,0.0
2626,916.0080067344599,0.0
2627,839.3304023848995,0.0
2628,767.0309567383889,0.0
2629,572.5378670708265,0.0
2630,496.1140617017654,0.0
2631,311.77425806449764,0.0
2632,458.3906570590309,0.0
2633,313.4242718212072,0.0
2634,529.0294701885997,0.0
2635,544.6013024525294,0.0
2636,1102.4264184005433,0.0
2637,1246.3023127089884,0.0
2638,1085.2679867594866,0.0
2639,1123.5934933957399,0.0
2640,1256.4138971036057,0.0
2641,821.3623934927946,0.0
2642,1034.0228042979002,0.0
2643,431.7232181000486,0.0
2644,562.7468411091666,0.0
2645,507.6140920992582,0.0
2646,373.90440698479415,0.0
2647,519.0893285296775,0.0
2648,624.1976788350435,0.0
2649,1357.6409621463085,0.0
2650,823.4053205945575,0.0
2651,519.4123763801556,0.0
2652,66.15041722695594,0.0
2653,0.0,0.0
2654,0.0,0.0
2655,0.0,0.0
2656,182.7490470696098,0.0
2657,393.34649929625357,0.0
2658,306.9692937969803,0.0
2659,632.1633523350317,0.0
2660,1255.1590991284868,0.0
2661,1511.4182126317587,0.0
2662,1481.4337674866565,0.0
2663,1300.8433657887485,0.0
2664,1285.577527256054,0.0
2665,977.6603198271239,0.0
2666,807.4627007974271,0.0
2667,1128.6230412901177,0.0
2668,1205.8558294624754,0.0
2669,1259.9623698395908,0.0
2670,1060.4867258276959,0.0
2671,946.6421771831662,0.0
2672,1094.0875832851373,0.0
2673,1229.1598521516034,0.0
2674,1042.9984114264175,0.0
2675,792.0347254093314,0.0
2676,477.95811784309205,0.0
2677,85.31882018360875,0.0
2678,257.5509911686728,0.0
2679,266.3229842437802,0.0
2680,409.28991187324755,0.0
2681,722.0866628442077,0.0
2682,1133.8929516958713,0.0
2683,1561.4285501675351,0.0
2684,1707.0,215.01439426176864
2685,1640.149018598695,0.0
2686,1459.131167225191,0.0
2687,1091.8064093941077,0.0
2688,1037.6864300949087,0.0
2689,718.0603245528265,0.0
2690,724.9662118259375,0.0
2691,876.0350066209504,0.0
2692,1091.1607376003149,0.0
2693,1006.5465609118036,0.0
2694,823.8359409968201,0.0
2695,877.0258233057825,0.0
2696,602.5319560820826,0.0
2697,638.6159792455521,0.0
2698,282.4757891098675,0.0
2699,0.0,0.0
2700,0.0,0.0
2701,0.0,0.0
2702,0.0,0.0
2703,0.0,0.0
2704,0.0,0.0
2705,0.0,0.0
2706,242.16261084038706,0.0
2707,314.9547022081629,0.0
2708,525.5319626313324,0.0
2709,273.21353347677393,0.0
2710,37.883290100110344,0.0
2711,0.0,0.0
2712,0.0,0.0
2713,0.0,0.0
2714,0.0,0.0
2715,0.0,0.0
2716,279.65815909496473,0.0
2717,0.0,0.0
2718,0.0,0.0
2719,0.0,0.0
2720,0.0,0.0
2721,0.0,0.0
2722,0.0,0.0
2723,0.0,0.0
2724,0.0,0.0
2725,0.0,0.0
2726,0.0,0.0
2727,0.0,0.0
2728,0.0,0.0
2729,0.0,0.0
2730,0.0,0.0
2731,0.0,0.0
2732,96.5161507417331,0.0
2733,124.81571062200464,0.0
2734,0.0,0.0
2735,0.0,0.0
2736,0.0,0.0
2737,0.0,0.0
2738,0.0,0.0
2739,14.68650130130186,0.0
2740,405.7597632147399,0.0
2741,475.20558801391485,0.0
2742,565.0971032752233,0.0
2743,343.2972805752273,0.0
2744,596.1639479487767,0.0
2745,401.3746091782763,0.0
2746,82.86483344923204,0.0
2747,0.0,0.0
2748,0.0,0.0
2749,0.0,0.0
2750,0.0,0.0
2751,0.0,0.0
2752,0.0,0.0
2753,0.0,0.0
2754,0.0,0.0
2755,0.0,0.0
2756,330.77721423054004,0.0
2757,191.848727020737,0.0
2758,258.4760609999016,0.0
2759,71.78696572234867,0.0
2760,101.73429591087688,0.0
2761,111.84657676175539,0.0
2762,0.0,0.0
2763,0.0,0.0
2764,0.0,0.0
2765,0.0,0.0
2766,0.0,0.0
2767,150.93456155325725,0.0
2768,44.541966216796936,0.0
2769,0.0,0.0
2770,0.0,0.0
2771,0.0,0.0
2772,0.0,0.0
2773,0.0,0.0
2774,0.0,0.0
2775,0.0,0.0
2776,0.0,0.0
2777,0.0,0.0
2778,0.0,0.0
2779,404.03112475805733,0.0
2780,792.4759587356348,0.0
2781,933.806836506561,0.0
2782,627.1381133763748,0.0
2783,597.586893448773,0.0
2784,422.84206788153006,0.0
2785,418.39196459226514,0.0
2786,0.0,0.0
2787,224.4752760214417,0.0
2788,63.42210057877605,0.0
2789,0.0,0.0
2790,0.0,0.0
2791,0.0,0.0
2792,0.0,0.0
2793,0.0,0.0
2794,0.0,0.0
2795,0.0,0.0
2796,0.0,0.0
2797,0.0,0.0
2798,0.0,0.0
2799,0.0,0.0
2800,0.0,0.0
2801,0.0,0.0
2802,0.0,0.0
2803,150.00245746238215,0.0
2804,652.2634939426298,0.0
2805,572.8159996430993,0.0
2806,695.1534222162456,0.0
2807,964.1959954756096,0.0
2808,752.2549264426896,0.0
2809,751.6363369168253,0.0
2810,161.1787217000317,0.0
2811,196.8088237186896,0.0
2812,257.47601470710947,0.0
2813,196.63619054343167,0.0
2814,0.0,0.0
2815,0.0,0.0
2816,0.0,0.0
2817,0.0,0.0
2818,0.0,0.0
2819,0.0,0.0
2820,0.0,0.0
2821,0.0,0.0
2822,0.0,0.0
2823,0.0,0.0
2824,0.0,0.0
2825,220.721329062907,0.0
2826,363.96764504757084,0.0
2827,252.22386396509228,0.0
2828,856.648317326783,0.0
2829,814.6343771872846,0.0
2830,746.0978766758415,0.0
2831,645.7851576336113,0.0
2832,550.8200070225589,0.0
2833,383.06815001823793,0.0
2834,329.9783350871003,0.0
2835,361.5730923679887,0.0
2836,301.422739669317,0.0
2837,210.31067369124685,0.0
2838,33.13491293902871,0.0
2839,133.09860474327024,0.0
2840,0.0,0.0
2841,0.0,0.0
2842,0.0,0.0
2843,0.0,0.0
2844,0.0,0.0
2845,0.0,0.0
2846,0.0,0.0
2847,0.0,0.0
2848,0.0,0.0
2849,0.0,0.0
2850,0.0,0.0
2851,162.8919316465226,0.0
2852,787.5596618097782,0.0
2853,624.5523213088304,0.0
2854,432.76956197761706,0.0
2855,241.19062776791293,0.0
2856,166.6344007140458,0.0
2857,0.0,0.0
2858,0.0,0.0
2859,0.0,0.0
2860,458.53483260568487,0.0
2861,419.9393484991672,0.0
2862,317.55331179542713,0.0
2863,193.85656188938333,0.0
2864,391.8642736680772,0.0
2865,141.26424061107514,0.0
2866,0.0,0.0
2867,0.0,0.0
2868,0.0,0.0
2869,0.0,0.0
2870,0.0,0.0
2871,321.4753481676373,0.0
2872,624.1373621621601,0.0
2873,477.2983007150017,0.0
2874,430.3802397773534,0.0
2875,524.929263773698,0.0
2876,839.8808113008654,0.0
2877,609.4342767411042,0.0
2878,350.4538330639516,0.0
2879,182.31505828818536,0.0
2880,25.251262539239633,0.0
2881,0.0,0.0
2882,0.0,0.0
2883,0.0,0.0
2884,0.0,0.0
2885,0.0,0.0
2886,0.0,0.0
2887,0.0,0.0
2888,0.0,0.0
2889,0.0,0.0
2890,0.0,0.0
2891,0.0,0.0
2892,0.0,0.0
2893,0.0,0.0
2894,0.0,0.0
2895,0.0,0.0
2896,0.0,0.0
2897,0.0,0.0
2898,0.0,0.0
2899,0.0,0.0
2900,0.0,0.0
2901,0.0,0.0
2902,0.0,0.0
2903,0.0,0.0
2904,0.0,0.0
2905,0.0,0.0
2906,0.0,0.0
2907,0.0,0.0
2908,0.0,0.0
2909,0.0,0.0
2910,0.0,0.0
2911,0.0,0.0
2912,223.54424670601895,0.0
2913,507.2760045406051,0.0
2914,573.6988302531088,0.0
2915,208.65508521247955,0.0
2916,27.32375240173053,0.0
2917,28.566702663927572,0.0
2918,585.760820780484,0.0
2919,469.69641759875265,0.0
2920,0.0,0.0
2921,0.0,0.0
2922,0.0,0.0
2923,0.0,0.0
2924,0.0,0.0
2925,0.0,0.0
2926,0.0,0.0
2927,0.0,0.0
2928,0.0,0.0
2929,0.0,0.0
2930,0.0,0.0
2931,0.0,0.0
2932,0.0,0.0
2933,0.0,0.0
2934,0.0,0.0
2935,91.81403983400762,0.0
2936,227.50653873410772,0.0
2937,116.05003592145817,0.0
2938,0.0,0.0
2939,0.0,0.0
2940,0.0,0.0
2941,0.0,0.0
2942,0.0,0.0
2943,0.0,0.0
2944,0.0,0.0
2945,0.0,0.0
2946,0.0,0.0
2947,0.0,0.0
2948,150.04804713526693,0.0
2949,0.0,0.0
2950,0.0,0.0
2951,0.0,0.0
2952,0.0,0.0
2953,0.0,0.0
2954,0.0,0.0
2955,0.0,0.0
2956,0.0,0.0
2957,0.0,0.0
2958,0.0,0.0
2959,0.0,0.0
2960,0.0,0.0
2961,0.0,0.0
2962,0.0,0.0
2963,0.0,0.0
2964,0.0,0.0
2965,0.0,0.0
2966,0.0,0.0
2967,0.0,0.0
2968,0.0,0.0
2969,0.0,0.0
2970,0.0,0.0
2971,0.0,0.0
2972,0.0,0.0
2973,0.0,0.0
2974,0.0,0.0
2975,0.0,0.0
2976,0.0,0.0
2977,0.0,0.0
2978,0.0,0.0
2979,0.0,0.0
2980,0.0,0.0
2981,0.0,0.0
2982,0.0,0.0
2983,0.0,0.0
2984,0.0,0.0
2985,0.0,0.0
2986,0.0,0.0
2987,0.0,0.0
2988,0.0,0.0
2989,0.0,0.0
2990,0.0,0.0
2991,0.0,0.0
2992,0.0,0.0
2993,0.0,0.0
2994,0.0,0.0
2995,0.0,0.0
2996,185.75593768356657,0.0
2997,407.83283283949504,0.0
2998,192.65282516392313,0.0
2999,0.0,0.0
3000,0.0,0.0
3001,0.0,0.0
3002,0.0,0.0
3003,0.0,0.0
3004,0.0,0.0
3005,0.0,0.0
3006,0.0,0.0
3007,0.0,0.0
3008,0.0,0.0
3009,0.0,0.0
3010,0.0,0.0
3011,0.0,0.0
3012,0.0,0.0
3013,0.0,0.0
3014,0.0,0.0
3015,0.0,0.0
3016,0.0,0.0
3017,0.0,0.0
3018,0.0,0.0
3019,0.0,0.0
3020,0.0,0.0
3021,0.0,0.0
3022,0.0,0.0
3023,0.0,0.0
3024,0.0,0.0
3025,0.0,0.0
3026,0.0,0.0
3027,0.0,0.0
3028,0.0,0.0
3029,0.0,0.0
3030,0.0,0.0
3031,0.0,0.0
3032,0.0,0.0
3033,0.0,0.0
3034,0.0,0.0
3035,0.0,0.0
3036,0.0,0.0
3037,0.0,0.0
3038,0.0,0.0
3039,50.60246040854372,0.0
3040,195.70724066603884,0.0
3041,425.4625102435483,0.0
3042,0.0,0.0
3043,56.79634878942926,0.0
3044,0.0,0.0
3045,0.0,0.0
3046,0.0,0.0
3047,0.0,0.0
3048,0.0,0.0
3049,0.0,0.0
3050,0.0,0.0
3051,0.0,0.0
3052,0.0,0.0
3053,0.0,0.0
3054,0.0,0.0
3055,0.0,0.0
3056,0.0,0.0
3057,0.0,0.0
3058,68.70242626163736,0.0
3059,297.97497618988746,0.0
3060,119.81069333811888,0.0
3061,0.0,0.0
3062,0.0,0.0
3063,58.4401879022663,0.0
3064,130.58297638156796,0.0
3065,0.0,0.0
3066,0.0,0.0
3067,0.0,0.0
3068,137.02137320600764,0.0
3069,0.0,0.0
3070,0.0,0.0
3071,0.0,0.0
3072,0.0,0.0
3073,0.0,0.0
3074,0.0,0.0
3075,0.0,0.0
3076,0.0,0.0
3077,0.0,0.0
3078,0.0,0.0
3079,0.0,0.0
3080,0.0,0.0
3081,335.2854011545985,0.0
3082,76.22080507456985,0.0
3083,0.0,0.0
3084,0.0,0.0
3085,0.0,0.0
3086,0.0,0.0
3087,185.98768552455294,0.0
3088,207.28867338600003,0.0
3089,0.0,0.0
3090,0.0,0.0
3091,0.0,0.0
3092,0.0,0.0
3093,0.0,0.0
3094,0.0,0.0
3095,0.0,0.0
3096,0.0,0.0
3097,0.0,0.0
3098,0.0,0.0
3099,0.0,0.0
3100,0.0,0.0
3101,0.0,0.0
3102,0.0,0.0
3103,0.0,0.0
3104,93.269013091116,0.0
3105,329.9411622900195,0.0
3106,364.06578990082437,0.0
3107,653.0631923795706,0.0
3108,49.84841093927963,0.0
3109,0.0,0.0
3110,0.0,0.0
3111,0.0,0.0
3112,0.0,0.0
3113,0.0,0.0
3114,0.0,0.0
3115,0.0,0.0
3116,0.0,0.0
3117,2.8836942213111962,0.0
3118,0.0,0.0
3119,0.0,0.0
3120,0.0,0.0
3121,0.0,0.0
3122,0.0,0.0
3123,0.0,0.0
3124,0.0,0.0
3125,0.0,0.0
3126,93.88569079300169,0.0
3127,0.0,0.0
3128,0.0,0.0
3129,0.0,0.0
3130,0.0,0.0
3131,0.0,0.0
3132,0.0,0.0
3133,0.0,0.0
3134,0.0,0.0
3135,369.4783192988798,0.0
3136,78.1146637579559,0.0
3137,383.895473296423,0.0
3138,528.2653325663546,0.0
3139,987.4842895946485,0.0
3140,571.1811954663106,0.0
3141,345.9113012569951,0.0
3142,323.1099363949654,0.0
3143,0.0,0.0
3144,0.0,0.0
3145,0.0,0.0
3146,0.0,0.0
3147,0.0,0.0
3148,0.0,0.0
3149,0.0,0.0
3150,31.59245694139598,0.0
3151,124.26307586036774,0.0
3152,402.0486803666399,0.0
3153,870.2441522234415,0.0
3154,216.5720994222554,0.0
3155,0.0,0.0
3156,0.0,0.0
3157,0.0,0.0
3158,0.0,0.0
3159,0.0,0.0
3160,0.0,0.0
3161,290.838846813838,0.0
3162,509.8270977119246,0.0
3163,405.0611754319581,0.0
3164,769.8322131175697,0.0
3165,800.0731874244605,0.0
3166,800.3978147982511,0.0
3167,630.9216228694033,0.0
3168,545.3328844700618,0.0
3169,544.9581525452869,0.0
3170,293.7993481133967,0.0
3171,340.92817290174025,0.0
3172,687.0631991176832,0.0
3173,907.9214504098186,0.0
3174,757.5868916019533,0.0
3175,229.5529252967617,0.0
3176,472.33206802373047,0.0
3177,411.22123865238416,0.0
3178,433.2070554772638,0.0
3179,0.0,0.0
3180,0.0,0.0
3181,0.0,0.0
3182,0.0,0.0
3183,0.0,0.0
3184,0.0,0.0
3185,45.453249132899145,0.0
3186,138.47868753630382,0.0
3187,552.3752230582072,0.0
3188,663.2744586654828,0.0
3189,570.1194887505599,0.0
3190,558.7318100242042,0.0
3191,428.55244430075595,0.0
3192,249.95392275145855,0.0
3193,0.0,0.0
3194,0.0,0.0
3195,0.0,0.0
3196,0.0,0.0
3197,0.0,0.0
3198,0.0,0.0
3199,0.0,0.0
3200,0.0,0.0
3201,0.0,0.0
3202,0.0,0.0
3203,0.0,0.0
3204,0.0,0.0
3205,0.0,0.0
3206,0.0,0.0
3207,0.0,0.0
3208,0.0,0.0
3209,0.0,0.0
3210,217.10105504269677,0.0
3211,500.53376236786016,0.0
3212,299.83225188027245,0.0
3213,101.47992995246477,0.0
3214,0.0,0.0
3215,0.0,0.0
3216,0.0,0.0
3217,0.0,0.0
3218,0.0,0.0
3219,0.0,0.0
3220,0.0,0.0
3221,0.0,0.0
3222,0.0,0.0
3223,0.0,0.0
3224,0.0,0.0
3225,67.33497955818984,0.0
3226,0.0,0.0
3227,122.07997682608789,0.0
3228,0.0,0.0
3229,0.0,0.0
3230,0.0,0.0
3231,0.0,0.0
3232,0.0,0.0
3233,0.0,0.0
3234,0.0,0.0
3235,0.0,0.0
3236,0.0,0.0
3237,0.0,0.0
3238,0.0,0.0
3239,0.0,0.0
3240,0.0,0.0
3241,0.0,0.0
3242,0.0,0.0
3243,0.0,0.0
3244,0.0,0.0
3245,0.0,0.0
3246,0.0,0.0
3247,0.0,0.0
3248,0.0,0.0
3249,0.0,0.0
3250,0.0,0.0
3251,0.0,0.0
3252,0.0,0.0
3253,0.0,0.0
3254,0.0,0.0
3255,0.0,0.0
3256,0.0,0.0
3257,0.0,0.0
3258,0.0,0.0
3259,0.0,0.0
3260,0.0,0.0
3261,0.0,0.0
3262,0.0,0.0
3263,0.0,0.0
3264,0.0,0.0
3265,0.0,0.0
3266,0.0,0.0
3267,0.0,0.0
3268,0.0,0.0
3269,0.0,0.0
3270,0.0,0.0
3271,0.0,0.0
3272,0.0,0.0
3273,0.0,0.0
3274,0.0,0.0
3275,0.0,0.0
3276,0.0,0.0
3277,0.0,0.0
3278,0.0,0.0
3279,0.0,0.0
3280,0.0,0.0
3281,0.0,0.0
3282,0.0,0.0
3283,0.0,0.0
3284,0.0,0.0
3285,0.0,0.0
3286,0.0,0.0
3287,0.0,0.0
3288,0.0,0.0
3289,0.0,0.0
3290,0.0,0.0
3291,0.0,0.0
3292,0.0,0.0
3293,0.0,0.0
3294,0.0,0.0
3295,0.0,0.0
3296,0.0,0.0
3297,0.0,0.0
3298,0.0,0.0
3299,0.0,0.0
3300,0.0,0.0
3301,0.0,0.0
3302,0.0,0.0
3303,0.0,0.0
3304,0.0,0.0
3305,0.0,0.0
3306,0.0,0.0
3307,0.0,0.0
3308,0.0,0.0
3309,0.0,0.0
3310,0.0,0.0
3311,0.0,0.0
3312,0.0,0.0
3313,0.0,0.0
3314,0.0,0.0
3315,0.0,0.0
3316,0.0,0.0
3317,0.0,0.0
3318,3.2497384692117066,0.0
3319,51.02592426936076,0.0
3320,0.0,0.0
3321,0.0,0.0
3322,0.0,0.0
3323,0.0,0.0
3324,0.0,0.0
3325,0.0,0.0
3326,0.0,0.0
3327,0.0,0.0
3328,0.0,0.0
3329,0.0,0.0
3330,0.0,0.0
3331,0.0,0.0
3332,55.140316915752464,0.0
3333,0.0,0.0
3334,0.0,0.0
3335,0.0,0.0
3336,0.0,0.0
3337,0.0,0.0
3338,0.0,0.0
3339,0.0,0.0
3340,0.0,0.0
3341,0.0,0.0
3342,0.0,0.0
3343,0.0,0.0
3344,0.0,0.0
3345,0.0,0.0
3346,0.0,0.0
3347,0.0,0.0
3348,0.0,0.0
3349,0.0,0.0
3350,0.0,0.0
3351,0.0,0.0
3352,0.0,0.0
3353,45.63336631582024,0.0
3354,165.31278337144704,0.0
3355,0.0,0.0
3356,0.0,0.0
3357,0.0,0.0
3358,0.0,0.0
3359,0.0,0.0
3360,0.0,0.0
3361,0.0,0.0
3362,35.91522000489567,0.0
3363,573.6527948736878,0.0
3364,984.1308903544862,0.0
3365,1069.046793938583,0.0
3366,962.2950279642773,0.0
3367,1334.0317102911067,0.0
3368,1304.9624861450657,0.0
3369,1152.6967988548076,0.0
3370,844.1886252040642,0.0
3371,679.7274258185922,0.0
3372,583.4338372541368,0.0
3373,303.780783131353,0.0
3374,144.0895373493786,0.0
3375,51.929272400918535,0.0
3376,0.0,0.0
3377,0.0,0.0
3378,48.49027860839652,0.0
3379,268.6365399325264,0.0
3380,11.313896531835326,0.0
3381,0.0,0.0
3382,0.0,0.0
3383,0.0,0.0
3384,0.0,0.0
3385,0.0,0.0
3386,0.0,0.0
3387,0.0,0.0
3388,0.0,0.0
3389,0.0,0.0
3390,0.0,0.0
3391,0.0,0.0
3392,0.0,0.0
3393,0.0,0.0
3394,0.0,0.0
3395,0.0,0.0
3396,0.0,0.0
3397,0.0,0.0
3398,0.0,0.0
3399,0.0,0.0
3400,0.0,0.0
3401,0.0,0.0
3402,0.0,0.0
3403,0.0,0.0
3404,0.0,0.0
3405,0.0,0.0
3406,0.0,0.0
3407,0.0,0.0
3408,0.0,0.0
3409,0.0,0.0
3410,0.0,0.0
3411,0.0,0.0
3412,0.0,0.0
3413,0.0,0.0
3414,0.0,0.0
3415,0.0,0.0
3416,0.0,0.0
3417,0.0,0.0
3418,0.0,0.0
3419,0.0,0.0
3420,0.0,0.0
3421,0.0,0.0
3422,0.0,0.0
3423,0.0,0.0
3424,0.0,0.0
3425,0.0,0.0
3426,0.0,0.0
3427,0.0,0.0
3428,0.0,0.0
3429,0.0,0.0
3430,0.0,0.0
3431,0.0,0.0
3432,0.0,0.0
3433,0.0,0.0
3434,0.0,0.0
3435,0.0,0.0
3436,0.0,0.0
3437,0.0,0.0
3438,0.0,0.0
3439,0.0,0.0
3440,0.0,0.0
3441,0.0,0.0
3442,0.0,0.0
3443,0.0,0.0
3444,0.0,0.0
3445,0.0,0.0
3446,0.0,0.0
3447,0.0,0.0
3448,0.0,0.0
3449,0.0,0.0
3450,0.0,0.0
3451,33.568468995030344,0.0
3452,122.49581588994806,0.0
3453,234.53707534314208,0.0
3454,466.16606669141675,0.0
3455,446.2463672370468,0.0
3456,243.88137646115138,0.0
3457,0.0,0.0
3458,0.0,0.0
3459,0.0,0.0
3460,0.0,0.0
3461,0.0,0.0
3462,33.79426134413643,0.0
3463,0.0,0.0
3464,0.0,0.0
3465,0.0,0.0
3466,0.0,0.0
3467,0.0,0.0
3468,0.0,0.0
3469,0.0,0.0
3470,0.0,0.0
3471,0.0,0.0
3472,0.0,0.0
3473,0.0,0.0
3474,0.0,0.0
3475,0.0,0.0
3476,0.0,0.0
3477,0.0,0.0
3478,0.0,0.0
3479,0.0,0.0
3480,0.0,0.0
3481,0.0,0.0
3482,0.0,0.0
3483,0.0,0.0
3484,0.0,0.0
3485,0.0,0.0
3486,0.0,0.0
3487,0.0,0.0
3488,0.0,0.0
3489,0.0,0.0
3490,0.0,0.0
3491,0.0,0.0
3492,0.0,0.0
3493,0.0,0.0
3494,0.0,0.0
3495,0.0,0.0
3496,0.0,0.0
3497,0.0,0.0
3498,0.0,0.0
3499,0.0,0.0
3500,0.0,0.0
3501,0.0,0.0
3502,0.0,0.0
3503,0.0,0.0
3504,0.0,0.0
3505,0.0,0.0
3506,0.0,0.0
3507,0.0,0.0
3508,0.0,0.0
3509,0.0,0.0
3510,0.0,0.0
3511,0.0,0.0
3512,0.0,0.0
3513,0.0,0.0
3514,0.0,0.0
3515,0.0,0.0
3516,0.0,0.0
3517,0.0,0.0
3518,0.0,0.0
3519,0.0,0.0
3520,0.0,0.0
3521,0.0,0.0
3522,0.0,0.0
3523,0.0,0.0
3524,0.0,0.0
3525,0.0,0.0
3526,0.0,0.0
3527,0.0,0.0
3528,0.0,0.0
3529,0.0,0.0
3530,0.0,0.0
3531,0.0,0.0
3532,0.0,0.0
3533,0.0,0.0
3534,181.9465554583262,0.0
3535,270.22910737622647,0.0
3536,330.2163426839777,0.0
3537,385.4479325625564,0.0
3538,57.80171623221054,0.0
3539,0.0,0.0
3540,0.0,0.0
3541,0.0,0.0
3542,0.0,0.0
3543,0.0,0.0
3544,0.0,0.0
3545,0.0,0.0
3546,0.0,0.0
3547,424.6405566150481,0.0
3548,440.4842674665151,0.0
3549,448.8923929684955,0.0
3550,155.1301817739752,0.0
3551,166.34950438847181,0.0
3552,47.34462164889419,0.0
3553,0.0,0.0
3554,0.0,0.0
3555,0.0,0.0
3556,0.0,0.0
3557,0.0,0.0
3558,0.0,0.0
3559,0.0,0.0
3560,0.0,0.0
3561,0.0,0.0
3562,0.0,0.0
3563,0.0,0.0
3564,0.0,0.0
3565,0.0,0.0
3566,0.0,0.0
3567,0.0,0.0
3568,0.0,0.0
3569,0.0,0.0
3570,0.0,0.0
3571,0.0,0.0
3572,0.0,0.0
3573,0.0,0.0
3574,0.0,0.0
3575,0.0,0.0
3576,0.0,0.0
3577,0.0,0.0
3578,0.0,0.0
3579,0.0,0.0
3580,0.0,0.0
3581,0.0,0.0
3582,0.0,0.0
3583,0.0,0.0
3584,0.0,0.0
3585,0.0,0.0
3586,0.0,0.0
3587,0.0,0.0
3588,0.0,0.0
3589,0.0,0.0
3590,0.0,0.0
3591,0.0,0.0
3592,0.0,0.0
3593,0.0,0.0
3594,0.0,0.0
3595,0.0,0.0
3596,0.0,0.0
3597,0.0,0.0
3598,0.0,0.0
3599,0.0,0.0
3600,0.0,0.0
3601,0.0,0.0
3602,0.0,0.0
3603,0.0,0.0
3604,0.0,0.0
3605,0.0,0.0
3606,0.0,0.0
3607,0.0,0.0
3608,341.0593602295594,0.0
3609,391.7159303215195,0.0
3610,371.8956351434906,0.0
3611,0.0,0.0
3612,0.0,0.0
3613,0.0,0.0
3614,0.0,0.0
3615,0.0,0.0
3616,0.0,0.0
3617,0.0,0.0
3618,0.0,0.0
3619,37.395802917591936,0.0
3620,17.843118322860846,0.0
3621,0.0,0.0
3622,0.0,0.0
3623,0.0,0.0
3624,0.0,0.0
3625,0.0,0.0
3626,0.0,0.0
3627,0.0,0.0
3628,0.0,0.0
3629,0.0,0.0
3630,0.0,0.0
3631,0.0,0.0
3632,0.0,0.0
3633,285.9053300790331,0.0
3634,454.23409875817833,0.0
3635,377.76822909368343,0.0
3636,226.95931829079268,0.0
3637,142.627471887203,0.0
3638,80.22406626308157,0.0
3639,202.36389397725384,0.0
3640,47.099281936614716,0.0
3641,0.0,0.0
3642,53.33257948247365,0.0
3643,138.83878921843007,0.0
3644,113.34073554765882,0.0
3645,0.0,0.0
3646,0.0,0.0
3647,0.0,0.0
3648,0.0,0.0
3649,0.0,0.0
3650,0.0,0.0
3651,61.69134152528136,0.0
3652,235.53675778805814,0.0
3653,347.7178958054867,0.0
3654,173.73225352845225,0.0
3655,571.5904023499163,0.0
3656,541.4468913701121,0.0
3657,536.7472523074514,0.0
3658,678.5940199168554,0.0
3659,432.76572644472105,0.0
3660,454.80370272527443,0.0
3661,0.0,0.0
3662,0.0,0.0
3663,0.0,0.0
3664,0.0,0.0
3665,0.0,0.0
3666,35.17733410835308,0.0
3667,37.00353545550979,0.0
3668,0.0,0.0
3669,0.0,0.0
3670,0.0,0.0
3671,0.0,0.0
3672,0.0,0.0
3673,0.0,0.0
3674,0.0,0.0
3675,0.0,0.0
3676,0.0,0.0
3677,0.0,0.0
3678,0.0,0.0
3679,0.0,0.0
3680,0.0,0.0
3681,0.0,0.0
3682,0.0,0.0
3683,0.0,0.0
3684,0.0,0.0
3685,0.0,0.0
3686,0.0,0.0
3687,0.0,0.0
3688,0.0,0.0
3689,0.0,0.0
3690,0.0,0.0
3691,0.0,0.0
3692,0.0,0.0
3693,0.0,0.0
3694,0.0,0.0
3695,0.0,0.0
3696,0.0,0.0
3697,0.0,0.0
3698,0.0,0.0
3699,0.0,0.0
3700,0.0,0.0
3701,0.0,0.0
3702,0.0,0.0
3703,0.0,0.0
3704,0.0,0.0
3705,0.0,0.0
3706,0.0,0.0
3707,0.0,0.0
3708,0.0,0.0
3709,0.0,0.0
3710,0.0,0.0
3711,0.0,0.0
3712,0.0,0.0
3713,0.0,0.0
3714,0.0,0.0
3715,0.0,0.0
3716,0.0,0.0
3717,0.0,0.0
3718,0.0,0.0
3719,0.0,0.0
3720,0.0,0.0
3721,0.0,0.0
3722,0.0,0.0
3723,0.0,0.0
3724,0.0,0.0
3725,0.0,0.0
3726,0.0,0.0
3727,0.0,0.0
3728,0.0,0.0
3729,0.0,0.0
3730,0.0,0.0
3731,0.0,0.0
3732,0.0,0.0
3733,0.0,0.0
3734,0.0,0.0
3735,0.0,0.0
3736,0.0,0.0
3737,0.0,0.0
3738,0.0,0.0
3739,0.0,0.0
3740,0.0,0.0
3741,0.0,0.0
3742,0.0,0.0
3743,86.13131267160202,0.0
3744,0.0,0.0
3745,0.0,0.0
3746,0.0,0.0
3747,0.0,0.0
3748,0.0,0.0
3749,0.0,0.0
3750,0.0,0.0
3751,150.63581015893323,0.0
3752,135.24771276099432,0.0
3753,188.78714306907204,0.0
3754,39.35083015349619,0.0
3755,0.0,0.0
3756,0.0,0.0
3757,0.0,0.0
3758,0.0,0.0
3759,0.0,0.0
3760,0.0,0.0
3761,0.0,0.0
3762,148.24931241917716,0.0
3763,0.0,0.0
3764,0.0,0.0
3765,0.0,0.0
3766,0.0,0.0
3767,0.0,0.0
3768,0.0,0.0
3769,0.0,0.0
3770,0.0,0.0
3771,0.0,0.0
3772,0.0,0.0
3773,0.0,0.0
3774,0.0,0.0
3775,0.0,0.0
3776,0.0,0.0
3777,348.4730384597831,0.0
3778,632.7438630062042,0.0
3779,406.57538045064075,0.0
3780,570.0684321391341,0.0
3781,434.05503551145375,0.0
3782,232.52165805988227,0.0
3783,26.24346987815511,0.0
3784,0.0,0.0
3785,0.0,0.0
3786,66.85430634083832,0.0
3787,0.0,0.0
3788,0.0,0.0
3789,0.0,0.0
3790,0.0,0.0
3791,0.0,0.0
3792,0.0,0.0
3793,0.0,0.0
3794,0.0,0.0
3795,0.0,0.0
3796,0.0,0.0
3797,77.66014769291633,0.0
3798,0.0,0.0
3799,516.6480225009223,0.0
3800,782.0608011366976,0.0
3801,635.4811882468143,0.0
3802,38.752885629104185,0.0
3803,0.0,0.0
3804,0.0,0.0
3805,0.0,0.0
3806,0.0,0.0
3807,0.0,0.0
3808,0.0,0.0
3809,0.0,0.0
3810,0.0,0.0
3811,0.0,0.0
3812,0.0,0.0
3813,0.0,0.0
3814,0.0,0.0
3815,0.0,0.0
3816,0.0,0.0
3817,0.0,0.0
3818,0.0,0.0
3819,0.0,0.0
3820,0.0,0.0
3821,0.0,0.0
3822,0.0,0.0
3823,0.0,0.0
3824,0.0,0.0
3825,0.0,0.0
3826,0.0,0.0
3827,0.0,0.0
3828,0.0,0.0
3829,0.0,0.0
3830,0.0,0.0
3831,0.0,0.0
3832,0.0,0.0
3833,0.0,0.0
3834,0.0,0.0
3835,0.0,0.0
3836,0.0,0.0
3837,0.0,0.0
3838,0.0,0.0
3839,0.0,0.0
3840,0.0,0.0
3841,0.0,0.0
3842,0.0,0.0
3843,0.0,0.0
3844,0.0,0.0
3845,0.0,0.0
3846,0.0,0.0
3847,0.0,0.0
3848,0.0,0.0
3849,0.0,0.0
3850,0.0,0.0
3851,0.0,0.0
3852,0.0,0.0
3853,0.0,0.0
3854,0.0,0.0
3855,0.0,0.0
3856,0.0,0.0
3857,0.0,0.0
3858,0.0,0.0
3859,0.0,0.0
3860,0.0,0.0
3861,0.0,0.0
3862,0.0,0.0
3863,0.0,0.0
3864,0.0,0.0
3865,0.0,0.0
3866,0.0,0.0
3867,0.0,0.0
3868,0.0,0.0
3869,0.0,0.0
3870,0.0,0.0
3871,0.0,0.0
3872,0.0,0.0
3873,0.0,0.0
3874,0.0,0.0
3875,0.0,0.0
3876,0.0,0.0
3877,0.0,0.0
3878,0.0,0.0
3879,211.1197848330263,0.0
3880,469.5514647020491,0.0
3881,730.5813087824321,0.0
3882,1092.2486163840708,0.0
3883,598.9639911253395,0.0
3884,168.58473885223702,0.0
3885,0.0,0.0
3886,5.486892655514566,0.0
3887,198.50878127399324,0.0
3888,291.2055340933059,0.0
3889,380.68174378389654,0.0
3890,386.86529550799423,0.0
3891,444.7726781932381,0.0
3892,299.42949181980384,0.0
3893,36.501388785517975,0.0
3894,0.0,0.0
3895,560.9758637759505,0.0
3896,715.2147180196844,0.0
3897,404.68534325558664,0.0
3898,47.88147352923306,0.0
3899,0.0,0.0
3900,0.0,0.0
3901,0.0,0.0
3902,0.0,0.0
3903,0.0,0.0
3904,0.0,0.0
3905,0.0,0.0
3906,0.0,0.0
3907,0.0,0.0
3908,0.0,0.0
3909,0.0,0.0
3910,0.0,0.0
3911,0.0,0.0
3912,0.0,0.0
3913,0.0,0.0
3914,0.0,0.0
3915,77.55678867006054,0.0
3916,192.08191035513346,0.0
3917,293.5198968979562,0.0
3918,277.4517563311117,0.0
3919,362.41504897808886,0.0
3920,372.61643137609644,0.0
3921,379.7027868572311,0.0
3922,325.4172983502557,0.0
3923,140.04910008390493,0.0
3924,0.0,0.0
3925,0.0,0.0
3926,0.0,0.0
3927,0.0,0.0
3928,0.0,0.0
3929,0.0,0.0
3930,0.0,0.0
3931,0.0,0.0
3932,0.0,0.0
3933,0.0,0.0
3934,0.0,0.0
3935,0.0,0.0
3936,0.0,0.0
3937,0.0,0.0
3938,0.0,0.0
3939,0.0,0.0
3940,0.0,0.0
3941,0.0,0.0
3942,0.0,0.0
3943,0.0,0.0
3944,218.94388232546476,0.0
3945,375.60874833098933,0.0
3946,601.0770207084088,0.0
3947,738.7032726056453,0.0
3948,819.5564954313195,0.0
3949,707.4887826374832,0.0
3950,941.3608494320156,0.0
3951,562.518630732746,0.0
3952,437.947146682259,0.0
3953,87.30495535005537,0.0
3954,51.26647950887781,0.0
3955,34.234128847564534,0.0
3956,48.51028622410877,0.0
3957,0.0,0.0
3958,0.0,0.0
3959,0.0,0.0
3960,0.0,0.0
3961,0.0,0.0
3962,0.0,0.0
3963,0.0,0.0
3964,0.0,0.0
3965,0.0,0.0
3966,0.0,0.0
3967,0.0,0.0
3968,0.0,0.0
3969,118.52243366598827,0.0
3970,155.39909551794608,0.0
3971,0.0,0.0
3972,0.0,0.0
3973,0.0,0.0
3974,0.0,0.0
3975,0.0,0.0
3976,0.0,0.0
3977,0.0,0.0
3978,0.0,0.0
3979,0.0,0.0
3980,0.0,0.0
3981,0.0,0.0
3982,0.0,0.0
3983,0.0,0.0
3984,0.0,0.0
3985,0.0,0.0
3986,0.0,0.0
3987,0.0,0.0
3988,0.0,0.0
3989,0.0,0.0
3990,0.0,0.0
3991,264.6580756770245,0.0
3992,483.6994629667251,0.0
3993,93.78820396982826,0.0
3994,580.9082868570869,0.0
3995,0.0,0.0
3996,857.389382351072,0.0
3997,807.3798503206301,0.0
3998,798.5135597305753,0.0
3999,473.7733929032386,0.0
4000,477.88247973086374,0.0
4001,642.2040398004178,0.0
4002,669.9775095440182,0.0
4003,392.3931226317054,0.0
4004,226.7950652683262,0.0
4005,0.0,0.0
4006,42.52612237659878,0.0
4007,0.0,0.0
4008,0.0,0.0
4009,0.0,0.0
4010,0.0,0.0
4011,0.0,0.0
4012,0.0,0.0
4013,58.094094366021864,0.0
4014,0.0,0.0
4015,0.5779114075758685,0.0
4016,0.0,0.0
4017,0.0,0.0
4018,0.0,0.0
4019,0.0,0.0
4020,0.0,0.0
4021,0.0,0.0
4022,0.0,0.0
4023,0.0,0.0
4024,170.83929700562612,0.0
4025,682.0355355521442,0.0
4026,1182.983630080975,0.0
4027,1171.3859870340941,0.0
4028,1265.2175390487578,0.0
4029,1051.7793591433485,0.0
4030,931.2522272914655,0.0
4031,966.860923416493,0.0
4032,717.6418417574162,0.0
4033,565.7678824341299,0.0
4034,518.7159125992157,0.0
4035,363.0055877167854,0.0
4036,210.69715563826935,0.0
4037,215.71680560649475,0.0
4038,20.052985155919487,0.0
4039,100.35415483426141,0.0
4040,0.0,0.0
4041,0.0,0.0
4042,0.0,0.0
4043,0.0,0.0
4044,0.0,0.0
4045,0.0,0.0
4046,0.0,0.0
4047,0.0,0.0
4048,0.0,0.0
4049,0.0,0.0
4050,0.0,0.0
4051,0.0,0.0
4052,0.0,0.0
4053,0.0,0.0
4054,0.0,0.0
4055,0.0,0.0
4056,0.0,0.0
4057,0.0,0.0
4058,0.0,0.0
4059,0.0,0.0
4060,0.0,0.0
4061,0.0,0.0
4062,0.0,0.0
4063,0.0,0.0
4064,0.0,0.0
4065,0.0,0.0
4066,0.0,0.0
4067,0.0,0.0
4068,0.0,0.0
4069,0.0,0.0
4070,0.0,0.0
4071,0.0,0.0
4072,0.0,0.0
4073,0.0,0.0
4074,0.0,0.0
4075,0.0,0.0
4076,0.0,0.0
4077,0.0,0.0
4078,0.0,0.0
4079,0.0,0.0
4080,0.0,0.0
4081,0.0,0.0
4082,0.0,0.0
4083,0.0,0.0
4084,0.0,0.0
4085,223.13945981877896,0.0
4086,0.0,0.0
4087,340.32083400735405,0.0
4088,0.0,0.0
4089,0.0,0.0
4090,0.0,0.0
4091,0.0,0.0
4092,0.0,0.0
4093,0.0,0.0
4094,0.0,0.0
4095,0.0,0.0
4096,0.0,0.0
4097,0.0,0.0
4098,0.0,0.0
4099,0.0,0.0
4100,0.0,0.0
4101,0.0,0.0
4102,0.0,0.0
4103,31.84356822796235,0.0
4104,0.0,0.0
4105,0.0,0.0
4106,0.0,0.0
4107,0.0,0.0
4108,0.0,0.0
4109,0.0,0.0
4110,0.0,0.0
4111,0.0,0.0
4112,394.1116907103125,0.0
4113,176.768071818281,0.0
4114,296.8658626181459,0.0
4115,222.79988969647775,0.0
4116,347.57525872146766,0.0
4117,387.68656126889664,0.0
4118,437.73576252932594,0.0
4119,921.7391918947425,0.0
4120,101.16821745210484,0.0
4121,51.114326778992506,0.0
4122,447.00386959131833,0.0
4123,167.39316392811543,0.0
4124,0.0,0.0
4125,0.0,0.0
4126,0.0,0.0
4127,0.0,0.0
4128,0.0,0.0
4129,0.0,0.0
4130,0.0,0.0
4131,0.0,0.0
4132,0.0,0.0
4133,0.0,0.0
4134,0.0,0.0
4135,0.0,0.0
4136,0.0,0.0
4137,0.0,0.0
4138,0.0,0.0
4139,0.0,0.0
4140,0.0,0.0
4141,0.0,0.0
4142,0.0,0.0
4143,0.0,0.0
4144,0.0,0.0
4145,0.0,0.0
4146,0.0,0.0
4147,0.0,0.0
4148,0.0,0.0
4149,0.0,0.0
4150,0.0,0.0
4151,0.0,0.0
4152,0.0,0.0
4153,0.0,0.0
4154,0.0,0.0
4155,0.0,0.0
4156,0.0,0.0
4157,0.0,0.0
4158,0.0,0.0
4159,0.0,0.0
4160,0.0,0.0
4161,0.0,0.0
4162,0.0,0.0
4163,0.0,0.0
4164,0.0,0.0
4165,0.0,0.0
4166,0.0,0.0
4167,0.0,0.0
4168,0.0,0.0
4169,0.0,0.0
4170,0.0,0.0
4171,0.0,0.0
4172,0.0,0.0
4173,0.0,0.0
4174,0.0,0.0
4175,0.0,0.0
4176,0.0,0.0
4177,0.0,0.0
4178,0.0,0.0
4179,0.0,0.0
4180,0.0,0.0
4181,0.0,0.0
4182,0.0,0.0
4183,0.0,0.0
4184,0.0,0.0
4185,0.0,0.0
4186,0.0,0.0
4187,0.0,0.0
4188,0.0,0.0
4189,0.0,0.0
4190,0.0,0.0
4191,0.0,0.0
4192,0.0,0.0
4193,0.0,0.0
4194,0.0,0.0
4195,884.5497607823143,0.0
4196,815.283287093197,0.0
4197,885.2129641608924,0.0
4198,737.0681052736236,0.0
4199,502.9468363602157,0.0
4200,491.67301743362555,0.0
4201,0.0,0.0
4202,0.0,0.0
4203,0.0,0.0
4204,18.768031930676898,0.0
4205,16.27082498397408,0.0
4206,174.5286572433497,0.0
4207,82.6870764824505,0.0
4208,0.0,0.0
4209,0.0,0.0
4210,0.0,0.0
4211,0.0,0.0
4212,0.0,0.0
4213,0.0,0.0
4214,0.0,0.0
4215,0.0,0.0
4216,0.0,0.0
4217,0.0,0.0
4218,0.0,0.0
4219,0.0,0.0
4220,0.0,0.0
4221,0.0,0.0
4222,0.0,0.0
4223,0.0,0.0
4224,0.0,0.0
4225,0.0,0.0
4226,0.0,0.0
4227,0.0,0.0
4228,0.0,0.0
4229,0.0,0.0
4230,0.0,0.0
4231,0.0,0.0
4232,0.0,0.0
4233,0.0,0.0
4234,0.0,0.0
4235,0.0,0.0
4236,0.0,0.0
4237,0.0,0.0
4238,0.0,0.0
4239,0.0,0.0
4240,0.0,0.0
4241,0.0,0.0
4242,0.0,0.0
4243,0.0,0.0
4244,0.0,0.0
4245,0.0,0.0
4246,0.0,0.0
4247,0.0,0.0
4248,0.0,0.0
4249,0.0,0.0
4250,0.0,0.0
4251,0.0,0.0
4252,0.0,0.0
4253,0.0,0.0
4254,0.0,0.0
4255,78.30685744631253,0.0
4256,0.0,0.0
4257,0.0,0.0
4258,0.0,0.0
4259,0.0,0.0
4260,0.0,0.0
4261,0.0,0.0
4262,0.0,0.0
4263,0.0,0.0
4264,0.0,0.0
4265,0.0,0.0
4266,0.0,0.0
4267,0.0,0.0
4268,0.0,0.0
4269,0.0,0.0
4270,0.0,0.0
4271,0.0,0.0
4272,0.0,0.0
4273,0.0,0.0
4274,0.0,0.0
4275,0.0,0.0
4276,141.9752853084476,0.0
4277,383.5779365131332,0.0
4278,506.25036415202044,0.0
4279,948.3446942065431,0.0
4280,1263.716652055536,0.0
4281,207.18039426153905,0.0
4282,230.820056089339,0.0
4283,0.0,0.0
4284,145.88935641354055,0.0
4285,0.0,0.0
4286,0.0,0.0
4287,0.0,0.0
4288,0.0,0.0
4289,0.0,0.0
4290,0.0,0.0
4291,0.0,0.0
4292,0.0,0.0
4293,0.0,0.0
4294,0.0,0.0
4295,0.0,0.0
4296,0.0,0.0
4297,0.0,0.0
4298,0.0,0.0
4299,0.0,0.0
4300,0.0,0.0
4301,0.0,0.0
4302,0.0,0.0
4303,0.0,0.0
4304,0.0,0.0
4305,0.0,0.0
4306,0.0,0.0
4307,0.0,0.0
4308,0.0,0.0
4309,0.0,0.0
4310,0.0,0.0
4311,0.0,0.0
4312,0.0,0.0
4313,0.0,0.0
4314,0.0,0.0
4315,0.0,0.0
4316,0.0,0.0
4317,0.0,0.0
4318,0.0,0.0
4319,0.0,0.0
4320,0.0,0.0
4321,0.0,0.0
4322,0.0,0.0
4323,0.0,0.0
4324,0.0,0.0
4325,0.0,0.0
4326,0.0,0.0
4327,0.0,0.0
4328,0.0,0.0
4329,0.0,0.0
4330,139.06395886164228,0.0
4331,120.21014133451354,0.0
4332,569.7345675696357,0.0
4333,418.96598769340346,0.0
4334,0.0,0.0
4335,57.08855542680544,0.0
4336,0.0,0.0
4337,0.0,0.0
4338,123.86722326902853,0.0
4339,0.0,0.0
4340,0.0,0.0
4341,110.10058282912762,0.0
4342,117.15114369677765,0.0
4343,12.235596894975084,0.0
4344,0.0,0.0
4345,0.0,0.0
4346,0.0,0.0
4347,0.0,0.0
4348,0.0,0.0
4349,0.0,0.0
4350,0.0,0.0
4351,266.4704944375714,0.0
4352,0.0,0.0
4353,0.0,0.0
4354,0.0,0.0
4355,0.0,0.0
4356,0.0,0.0
4357,0.0,0.0
4358,0.0,0.0
4359,0.0,0.0
4360,0.0,0.0
4361,0.0,0.0
4362,216.4763943021345,0.0
4363,400.41444874552906,0.0
4364,216.50195620895715,0.0
4365,183.70122528423278,0.0
4366,0.0,0.0
4367,0.0,0.0
4368,0.0,0.0
4369,0.0,0.0
4370,0.0,0.0
4371,0.0,0.0
4372,0.0,0.0
4373,0.0,0.0
4374,0.0,0.0
4375,0.0,0.0
4376,0.0,0.0
4377,0.0,0.0
4378,0.0,0.0
4379,0.0,0.0
4380,0.0,0.0
