*Hour,Load
1,3510
2,3674
3,3796
4,3926
5,3998
6,3959
7,4027
8,3882
9,4063
10,4203
11,4034
12,4083
13,3813
14,3901
15,3912
16,3902
17,3991
18,4081
19,4229
20,4153
21,4013
22,3836
23,3715
24,3786
25,3699
26,3866
27,3969
28,4053
29,4098
30,3982
31,3864
32,3696
33,3656
34,3649
35,3618
36,3555
37,3380
38,3296
39,3142
40,3160
41,3324
42,3543
43,3799
44,3788
45,3649
46,3521
47,3471
48,3561
49,3532
50,3640
51,3708
52,3830
53,3845
54,3705
55,3499
56,3247
57,3201
58,3238
59,3244
60,3271
61,3153
62,3004
63,2847
64,2911
65,3120
66,3396
67,3708
68,3715
69,3596
70,3414
71,3251
72,3325
73,3270
74,3425
75,3555
76,3670
77,3769
78,3714
79,3652
80,3497
81,3602
82,3724
83,3700
84,3678
85,3464
86,3482
87,3402
88,3379
89,3537
90,3682
91,3860
92,3794
93,3611
94,3501
95,3342
96,3391
97,3276
98,3424
99,3551
100,3638
101,3693
102,3628
103,3504
104,3425
105,3591
106,3676
107,3609
108,3591
109,3362
110,3430
111,3336
112,3325
113,3489
114,3597
115,3787
116,3699
117,3541
118,3398
119,3210
120,3240
121,3184
122,3263
123,3373
124,3501
125,3557
126,3550
127,3621
128,3661
129,3963
130,4138
131,4159
132,4157
133,3880
134,3749
135,3633
136,3606
137,3715
138,3796
139,3980
140,3929
141,3760
142,3575
143,3407
144,3426
145,3393
146,3467
147,3638
148,3718
149,3792
150,3736
151,3672
152,3560
153,3737
154,3891
155,3828
156,3818
157,3544
158,3596
159,3669
160,3743
161,3860
162,3908
163,4004
164,3911
165,3751
166,3594
167,3438
168,3558
169,3470
170,3586
171,3694
172,3814
173,3854
174,3799
175,3917
176,3776
177,3844
178,3957
179,3968
180,4043
181,3685
182,3667
183,3518
184,3476
185,3659
186,3717
187,3893
188,3826
189,3655
190,3504
191,3444
192,3486
193,3413
194,3504
195,3611
196,3674
197,3680
198,3581
199,3455
200,3227
201,3285
202,3356
203,3318
204,3339
205,3233
206,3097
207,3062
208,3112
209,3255
210,3414
211,3600
212,3554
213,3412
214,3312
215,3159
216,3190
217,3124
218,3239
219,3307
220,3417
221,3454
222,3371
223,3244
224,3015
225,3019
226,3036
227,3000
228,2995
229,3085
230,3055
231,3039
232,3089
233,3168
234,3352
235,3539
236,3522
237,3391
238,3247
239,3108
240,3120
241,3070
242,3179
243,3324
244,3412
245,3439
246,3405
247,3504
248,3504
249,3654
250,3742
251,3617
252,3582
253,3359
254,3480
255,3425
256,3425
257,3522
258,3516
259,3672
260,3623
261,3434
262,3265
263,3098
264,3078
265,3018
266,3127
267,3257
268,3370
269,3404
270,3376
271,3430
272,3327
273,3552
274,3618
275,3585
276,3579
277,3313
278,3455
279,3488
280,3492
281,3554
282,3616
283,3713
284,3622
285,3437
286,3276
287,3090
288,3077
289,3026
290,3124
291,3276
292,3382
293,3424
294,3448
295,3530
296,3529
297,3787
298,3911
299,3912
300,3925
301,3735
302,3867
303,3812
304,3780
305,3791
306,3820
307,3929
308,3858
309,3672
310,3492
311,3335
312,3356
313,3256
314,3378
315,3502
316,3591
317,3663
318,3597
319,3568
320,3507
321,3677
322,3803
323,3799
324,3758
325,3545
326,3617
327,3595
328,3607
329,3655
330,3718
331,3921
332,3873
333,3704
334,3508
335,3382
336,3396
337,3350
338,3417
339,3515
340,3640
341,3767
342,3690
343,3727
344,3635
345,3876
346,4000
347,3944
348,3866
349,3719
350,3749
351,3645
352,3596
353,3645
354,3739
355,3949
356,3957
357,3761
358,3580
359,3485
360,3507
361,3380
362,3451
363,3600
364,3708
365,3723
366,3609
367,3466
368,3260
369,3292
370,3334
371,3315
372,3237
373,3083
374,3021
375,2925
376,2918
377,3089
378,3305
379,3569
380,3612
381,3472
382,3289
383,3173
384,3291
385,3269
386,3367
387,3479
388,3553
389,3590
390,3401
391,3247
392,3070
393,3168
394,3223
395,3287
396,3235
397,3189
398,3197
399,3174
400,3142
401,3180
402,3358
403,3594
404,3627
405,3468
406,3347
407,3144
408,3123
409,3125
410,3253
411,3369
412,3458
413,3500
414,3438
415,3529
416,3585
417,3720
418,3834
419,3894
420,3898
421,3625
422,3745
423,3807
424,3821
425,3848
426,3851
427,3917
428,3838
429,3633
430,3445
431,3311
432,3311
433,3226
434,3321
435,3436
436,3549
437,3617
438,3532
439,3536
440,3435
441,3585
442,3688
443,3699
444,3659
445,3428
446,3471
447,3375
448,3346
449,3476
450,3532
451,3707
452,3745
453,3561
454,3391
455,3172
456,3222
457,3173
458,3258
459,3348
460,3474
461,3554
462,3449
463,3470
464,3383
465,3537
466,3691
467,3649
468,3649
469,3441
470,3476
471,3417
472,3396
473,3497
474,3545
475,3688
476,3670
477,3488
478,3315
479,3168
480,3200
481,3111
482,3209
483,3347
484,3468
485,3484
486,3432
487,3408
488,3288
489,3416
490,3555
491,3558
492,3557
493,3338
494,3439
495,3372
496,3351
497,3481
498,3510
499,3625
500,3636
501,3428
502,3261
503,3144
504,3124
505,3073
506,3155
507,3277
508,3413
509,3419
510,3404
511,3358
512,3399
513,3641
514,3832
515,3819
516,3666
517,3394
518,3451
519,3486
520,3486
521,3562
522,3559
523,3669
524,3605
525,3369
526,3203
527,3169
528,3157
529,3104
530,3149
531,3242
532,3372
533,3361
534,3229
535,3140
536,2987
537,3070
538,3250
539,3313
540,3347
541,3223
542,3167
543,3061
544,3066
545,3119
546,3231
547,3416
548,3486
549,3333
550,3184
551,3084
552,3094
553,3039
554,3145
555,3305
556,3357
557,3332
558,3173
559,3064
560,2887
561,3019
562,3075
563,3028
564,3015
565,2987
566,2872
567,2808
568,2869
569,3000
570,3193
571,3427
572,3504
573,3344
574,3209
575,3021
576,2954
577,2854
578,2936
579,3064
580,3209
581,3220
582,3123
583,3207
584,3191
585,3274
586,3433
587,3535
588,3611
589,3420
590,3417
591,3316
592,3345
593,3422
594,3426
595,3535
596,3567
597,3394
598,3233
599,3145
600,3122
601,3021
602,3105
603,3229
604,3328
605,3329
606,3242
607,3317
608,3311
609,3542
610,3710
611,3805
612,3817
613,3631
614,3723
615,3630
616,3517
617,3539
618,3513
619,3646
620,3614
621,3417
622,3247
623,3085
624,3028
625,2969
626,3032
627,3133
628,3251
629,3262
630,3239
631,3331
632,3263
633,3364
634,3565
635,3599
636,3564
637,3397
638,3476
639,3377
640,3393
641,3473
642,3479
643,3632
644,3678
645,3504
646,3299
647,3149
648,3105
649,2991
650,3054
651,3187
652,3309
653,3317
654,3191
655,3232
656,3139
657,3267
658,3429
659,3449
660,3463
661,3238
662,3283
663,3261
664,3238
665,3382
666,3416
667,3573
668,3579
669,3394
670,3227
671,3153
672,3129
673,3034
674,3099
675,3252
676,3390
677,3372
678,3226
679,3083
680,2932
681,3096
682,3269
683,3311
684,3249
685,3182
686,3162
687,3085
688,3045
689,3142
690,3286
691,3456
692,3516
693,3396
694,3249
695,3080
696,3070
697,2994
698,3029
699,3124
700,3245
701,3237
702,3155
703,2992
704,2776
705,2873
706,2992
707,3029
708,3035
709,2973
710,2880
711,2786
712,2845
713,3024
714,3182
715,3344
716,3450
717,3302
718,3147
719,2986
720,2983
721,2912
722,2965
723,3063
724,3167
725,3145
726,3079
727,2954
728,2862
729,3024
730,3058
731,3088
732,3091
733,3122
734,3159
735,3144
736,3127
737,3178
738,3314
739,3470
740,3483
741,3360
742,3177
743,3001
744,3010
745,2933
746,2995
747,3123
748,3242
749,3251
750,3256
751,3224
752,3131
753,3251
754,3329
755,3279
756,3283
757,3152
758,3131
759,3142
760,3128
761,3284
762,3397
763,3477
764,3542
765,3374
766,3194
767,3028
768,2990
769,2887
770,2963
771,3086
772,3169
773,3183
774,3144
775,3054
776,2843
777,2904
778,3038
779,3063
780,3046
781,2918
782,2828
783,2818
784,2906
785,3060
786,3239
787,3339
788,3403
789,3280
790,3144
791,3020
792,3007
793,2913
794,2968
795,3074
796,3183
797,3175
798,3198
799,3194
800,3091
801,3271
802,3333
803,3133
804,2892
805,2720
806,2761
807,2817
808,2843
809,2972
810,3182
811,3366
812,3495
813,3354
814,3219
815,3074
816,3043
817,2970
818,3019
819,3127
820,3234
821,3219
822,3161
823,3027
824,2792
825,2830
826,2951
827,2904
828,2839
829,2715
830,2643
831,2594
832,2650
833,2876
834,3066
835,3248
836,3391
837,3255
838,3058
839,2886
840,2835
841,2816
842,2875
843,3030
844,3136
845,3159
846,3121
847,3045
848,2927
849,3084
850,3215
851,3250
852,3236
853,3099
854,3130
855,3113
856,3180
857,3343
858,3344
859,3392
860,3403
861,3213
862,3065
863,2933
864,2898
865,2819
866,2862
867,2994
868,3070
869,3068
870,2966
871,2794
872,2745
873,2857
874,3054
875,3144
876,3188
877,3140
878,3223
879,3162
880,3112
881,3233
882,3304
883,3361
884,3378
885,3174
886,2995
887,2854
888,2819
889,2791
890,2864
891,2980
892,3058
893,3036
894,2943
895,2803
896,2643
897,2716
898,2807
899,2870
900,2834
901,2798
902,2632
903,2651
904,2707
905,2826
906,3041
907,3193
908,3315
909,3189
910,3054
911,2940
912,2881
913,2835
914,2907
915,3052
916,3161
917,3183
918,3162
919,3093
920,2996
921,3184
922,3450
923,3574
924,3448
925,3258
926,3338
927,3267
928,3223
929,3387
930,3406
931,3456
932,3538
933,3361
934,3177
935,3049
936,2991
937,2854
938,2925
939,3091
940,3208
941,3205
942,3170
943,3132
944,3026
945,3147
946,3340
947,3380
948,3350
949,3161
950,3271
951,3206
952,3232
953,3409
954,3410
955,3433
956,3522
957,3336
958,3170
959,3068
960,3027
961,2908
962,2945
963,3095
964,3191
965,3204
966,3147
967,3086
968,3023
969,3235
970,3405
971,3452
972,3442
973,3246
974,3317
975,3297
976,3310
977,3421
978,3380
979,3443
980,3496
981,3308
982,3132
983,2974
984,2891
985,2850
986,2920
987,3049
988,3161
989,3119
990,3100
991,3067
992,3094
993,3345
994,3465
995,3302
996,3407
997,3299
998,3392
999,3358
1000,3364
1001,3514
1002,3465
1003,3501
1004,3545
1005,3326
1006,3184
1007,3064
1008,2999
1009,2901
1010,2980
1011,3105
1012,3238
1013,3194
1014,3160
1015,3162
1016,3194
1017,3433
1018,3501
1019,3398
1020,3496
1021,3419
1022,3563
1023,3537
1024,3532
1025,3565
1026,3541
1027,3553
1028,3491
1029,3292
1030,3123
1031,3027
1032,2974
1033,2864
1034,2916
1035,3026
1036,3169
1037,3115
1038,3043
1039,2950
1040,2966
1041,3063
1042,3199
1043,3063
1044,3057
1045,2940
1046,3024
1047,2907
1048,2852
1049,2979
1050,3090
1051,3213
1052,3319
1053,3152
1054,3022
1055,2927
1056,2886
1057,2775
1058,2835
1059,2959
1060,3079
1061,3047
1062,2982
1063,2755
1064,2579
1065,2606
1066,2707
1067,2828
1068,2862
1069,2896
1070,2804
1071,2724
1072,2691
1073,2840
1074,3074
1075,3158
1076,3317
1077,3179
1078,3011
1079,2822
1080,2753
1081,2682
1082,2758
1083,2918
1084,3047
1085,3045
1086,3010
1087,2965
1088,2949
1089,3127
1090,3265
1091,3287
1092,3312
1093,3123
1094,3274
1095,3262
1096,3261
1097,3387
1098,3397
1099,3436
1100,3511
1101,3303
1102,3126
1103,2968
1104,2905
1105,2810
1106,2872
1107,3023
1108,3166
1109,3153
1110,3063
1111,3027
1112,2975
1113,3169
1114,3300
1115,3278
1116,3285
1117,3157
1118,3270
1119,3248
1120,3325
1121,3426
1122,3386
1123,3455
1124,3491
1125,3295
1126,3113
1127,2948
1128,2856
1129,2765
1130,2838
1131,2987
1132,3115
1133,3059
1134,3030
1135,2995
1136,2944
1137,3084
1138,3214
1139,3277
1140,3289
1141,3105
1142,3234
1143,3215
1144,3280
1145,3428
1146,3419
1147,3440
1148,3520
1149,3305
1150,3107
1151,2927
1152,2839
1153,2772
1154,2814
1155,2991
1156,3089
1157,3053
1158,2976
1159,2955
1160,2995
1161,3271
1162,3446
1163,3453
1164,3379
1165,3194
1166,3459
1167,3467
1168,3489
1169,3532
1170,3490
1171,3529
1172,3531
1173,3318
1174,3149
1175,3022
1176,2952
1177,2825
1178,2873
1179,3045
1180,3162
1181,3145
1182,3077
1183,3013
1184,2976
1185,3189
1186,3527
1187,3633
1188,3694
1189,3399
1190,3485
1191,3407
1192,3343
1193,3460
1194,3440
1195,3422
1196,3494
1197,3312
1198,3135
1199,3014
1200,2942
1201,2816
1202,2866
1203,2998
1204,3153
1205,3051
1206,2954
1207,2851
1208,2784
1209,2895
1210,3023
1211,3053
1212,3078
1213,2997
1214,2977
1215,3016
1216,3041
1217,3139
1218,3170
1219,3233
1220,3297
1221,3129
1222,2989
1223,2938
1224,2866
1225,2792
1226,2824
1227,2958
1228,3072
1229,3006
1230,2916
1231,2844
1232,2771
1233,2842
1234,2932
1235,2920
1236,2977
1237,2969
1238,2870
1239,2869
1240,2963
1241,3066
1242,3158
1243,3233
1244,3305
1245,3161
1246,2980
1247,2822
1248,2732
1249,2637
1250,2668
1251,2812
1252,2955
1253,2934
1254,2911
1255,2949
1256,2973
1257,3211
1258,3321
1259,3352
1260,3349
1261,3137
1262,3401
1263,3305
1264,3316
1265,3424
1266,3409
1267,3406
1268,3435
1269,3254
1270,3094
1271,2959
1272,2889
1273,2789
1274,2818
1275,2932
1276,3068
1277,3075
1278,3037
1279,3038
1280,3061
1281,3255
1282,3365
1283,3284
1284,3268
1285,3077
1286,3238
1287,3253
1288,3250
1289,3398
1290,3360
1291,3350
1292,3442
1293,3265
1294,3088
1295,2914
1296,2823
1297,2709
1298,2739
1299,2874
1300,3023
1301,2983
1302,2889
1303,2862
1304,2875
1305,3127
1306,3333
1307,3395
1308,3398
1309,3225
1310,3379
1311,3347
1312,3382
1313,3504
1314,3417
1315,3379
1316,3448
1317,3276
1318,3125
1319,2948
1320,2840
1321,2722
1322,2757
1323,2910
1324,3006
1325,2976
1326,2901
1327,2922
1328,2983
1329,3157
1330,3330
1331,3411
1332,3469
1333,3286
1334,3419
1335,3470
1336,3492
1337,3538
1338,3465
1339,3453
1340,3519
1341,3332
1342,3183
1343,3004
1344,2905
1345,2798
1346,2817
1347,2972
1348,3124
1349,3078
1350,3030
1351,3027
1352,3084
1353,3352
1354,3516
1355,3642
1356,3689
1357,3532
1358,3637
1359,3617
1360,3599
1361,3626
1362,3565
1363,3570
1364,3549
1365,3351
1366,3155
1367,3020
1368,2911
1369,2783
1370,2769
1371,2896
1372,3028
1373,3021
1374,2921
1375,2847
1376,2906
1377,3058
1378,3208
1379,3171
1380,3189
1381,3047
1382,3077
1383,3127
1384,3072
1385,3073
1386,3123
1387,3209
1388,3280
1389,3100
1390,2972
1391,2866
1392,2792
1393,2659
1394,2717
1395,2841
1396,3007
1397,2942
1398,2822
1399,2667
1400,2643
1401,2749
1402,2877
1403,2784
1404,2769
1405,2805
1406,2720
1407,2664
1408,2714
1409,2822
1410,2990
1411,3125
1412,3302
1413,3188
1414,2967
1415,2777
1416,2680
1417,2601
1418,2668
1419,2810
1420,2930
1421,2935
1422,2917
1423,2881
1424,2815
1425,2980
1426,3169
1427,3202
1428,3200
1429,3037
1430,3153
1431,3133
1432,3168
1433,3300
1434,3310
1435,3321
1436,3380
1437,3232
1438,3037
1439,2896
1440,2838
1441,2737
1442,2785
1443,2921
1444,3043
1445,3059
1446,2952
1447,2957
1448,3043
1449,3234
1450,3425
1451,3445
1452,3460
1453,3324
1454,3501
1455,3527
1456,3498
1457,3546
1458,3523
1459,3532
1460,3505
1461,3296
1462,3104
1463,2919
1464,2846
1465,2760
1466,2825
1467,2961
1468,3124
1469,3123
1470,3067
1471,3046
1472,3101
1473,3246
1474,3346
1475,3430
1476,3418
1477,3174
1478,3263
1479,3249
1480,3326
1481,3448
1482,3396
1483,3395
1484,3463
1485,3288
1486,3068
1487,2944
1488,2862
1489,2779
1490,2827
1491,2973
1492,3098
1493,3120
1494,3018
1495,3021
1496,3041
1497,3189
1498,3331
1499,3314
1500,3326
1501,3187
1502,3378
1503,3379
1504,3378
1505,3485
1506,3422
1507,3416
1508,3467
1509,3294
1510,3113
1511,2943
1512,2832
1513,2734
1514,2782
1515,2980
1516,3139
1517,3105
1518,3029
1519,3063
1520,3119
1521,3328
1522,3418
1523,3388
1524,3361
1525,3173
1526,3287
1527,3304
1528,3280
1529,3397
1530,3403
1531,3388
1532,3484
1533,3305
1534,3132
1535,3065
1536,2985
1537,2892
1538,2914
1539,3042
1540,3164
1541,3141
1542,3020
1543,2872
1544,2816
1545,2912
1546,3011
1547,3030
1548,3047
1549,2916
1550,2892
1551,2896
1552,2963
1553,3083
1554,3140
1555,3201
1556,3315
1557,3133
1558,3000
1559,2889
1560,2849
1561,2768
1562,2827
1563,2970
1564,3081
1565,3081
1566,2938
1567,2783
1568,2676
1569,2678
1570,2755
1571,2760
1572,2709
1573,2676
1574,2699
1575,2658
1576,2749
1577,2886
1578,3058
1579,3126
1580,3266
1581,3191
1582,2967
1583,2816
1584,2753
1585,2630
1586,2700
1587,2852
1588,3006
1589,3013
1590,2941
1591,2933
1592,3008
1593,3177
1594,3244
1595,3220
1596,3219
1597,3031
1598,3213
1599,3206
1600,3216
1601,3364
1602,3343
1603,3349
1604,3442
1605,3309
1606,3148
1607,2965
1608,2908
1609,2798
1610,2870
1611,2998
1612,3163
1613,3110
1614,3022
1615,3033
1616,2980
1617,3120
1618,3281
1619,3309
1620,3279
1621,3079
1622,3168
1623,3191
1624,3194
1625,3372
1626,3369
1627,3327
1628,3399
1629,3267
1630,3076
1631,2939
1632,2862
1633,2776
1634,2817
1635,2975
1636,3101
1637,3113
1638,3072
1639,3070
1640,3063
1641,3229
1642,3315
1643,3255
1644,3188
1645,3005
1646,3170
1647,3192
1648,3265
1649,3366
1650,3356
1651,3355
1652,3417
1653,3271
1654,3089
1655,2992
1656,2902
1657,2784
1658,2826
1659,2979
1660,3097
1661,3137
1662,3055
1663,3044
1664,3073
1665,3215
1666,3296
1667,3222
1668,3270
1669,3096
1670,3300
1671,3320
1672,3312
1673,3401
1674,3401
1675,3403
1676,3484
1677,3324
1678,3132
1679,3008
1680,2940
1681,2864
1682,2876
1683,3016
1684,3107
1685,3117
1686,3068
1687,3017
1688,3074
1689,3233
1690,3315
1691,3324
1692,3295
1693,3117
1694,3233
1695,3220
1696,3282
1697,3416
1698,3364
1699,3330
1700,3369
1701,3224
1702,3044
1703,2967
1704,2913
1705,2828
1706,2804
1707,2952
1708,3102
1709,3084
1710,2953
1711,2879
1712,2866
1713,2989
1714,3075
1715,3086
1716,3102
1717,3004
1718,2997
1719,2998
1720,3074
1721,3141
1722,3178
1723,3186
1724,3197
1725,3059
1726,2907
1727,2810
1728,2778
1729,2694
1730,2708
1731,2862
1732,2974
1733,2942
1734,2847
1735,2760
1736,2663
1737,2722
1738,2807
1739,2780
1740,2749
1741,2773
1742,2752
1743,2734
1744,2739
1745,2897
1746,3054
1747,3115
1748,3234
1749,3145
1750,2969
1751,2785
1752,2722
1753,2607
1754,2632
1755,2809
1756,2963
1757,2988
1758,2918
1759,2954
1760,3008
1761,3113
1762,3286
1763,3340
1764,3299
1765,3145
1766,3244
1767,3178
1768,3154
1769,3302
1770,3334
1771,3313
1772,3410
1773,3269
1774,3069
1775,2918
1776,2834
1777,2757
1778,2779
1779,2943
1780,3095
1781,3078
1782,3006
1783,2947
1784,2982
1785,3148
1786,3273
1787,3280
1788,3227
1789,3063
1790,3221
1791,3197
1792,3213
1793,3379
1794,3372
1795,3331
1796,3363
1797,3219
1798,3030
1799,2885
1800,2820
1801,2746
1802,2756
1803,2927
1804,3046
1805,3111
1806,2967
1807,2910
1808,2909
1809,3062
1810,3285
1811,3328
1812,3335
1813,3170
1814,3345
1815,3321
1816,3303
1817,3388
1818,3359
1819,3377
1820,3414
1821,3233
1822,3070
1823,2947
1824,2841
1825,2732
1826,2789
1827,2965
1828,3105
1829,3091
1830,3018
1831,3046
1832,3130
1833,3377
1834,3524
1835,3527
1836,3451
1837,3253
1838,3448
1839,3455
1840,3405
1841,3460
1842,3432
1843,3423
1844,3449
1845,3272
1846,3067
1847,2969
1848,2929
1849,2803
1850,2827
1851,2985
1852,3107
1853,3135
1854,3039
1855,2986
1856,3011
1857,3206
1858,3390
1859,3439
1860,3426
1861,3238
1862,3418
1863,3408
1864,3399
1865,3475
1866,3422
1867,3365
1868,3413
1869,3232
1870,3057
1871,2964
1872,2865
1873,2762
1874,2782
1875,2936
1876,3058
1877,3055
1878,2938
1879,2786
1880,2777
1881,2936
1882,3082
1883,3123
1884,3145
1885,3004
1886,3072
1887,3016
1888,3007
1889,3101
1890,3171
1891,3166
1892,3247
1893,3132
1894,2979
1895,2895
1896,2824
1897,2711
1898,2748
1899,2886
1900,2997
1901,2981
1902,2869
1903,2744
1904,2694
1905,2820
1906,2876
1907,2930
1908,3004
1909,2956
1910,2945
1911,2943
1912,2951
1913,3093
1914,3186
1915,3218
1916,3321
1917,3201
1918,3011
1919,2826
1920,2674
1921,2550
1922,2574
1923,2682
1924,2859
1925,2894
1926,2851
1927,2870
1928,2883
1929,3180
1930,3483
1931,3492
1932,3560
1933,3334
1934,3429
1935,3395
1936,3364
1937,3466
1938,3425
1939,3395
1940,3423
1941,3277
1942,3086
1943,2933
1944,2798
1945,2700
1946,2726
1947,2834
1948,3011
1949,2987
1950,2963
1951,2939
1952,2936
1953,3205
1954,3356
1955,3401
1956,3446
1957,3265
1958,3365
1959,3397
1960,3438
1961,3545
1962,3434
1963,3408
1964,3457
1965,3298
1966,3089
1967,2916
1968,2788
1969,2673
1970,2650
1971,2782
1972,2942
1973,2956
1974,2863
1975,2843
1976,2984
1977,3241
1978,3362
1979,3359
1980,3380
1981,3223
1982,3386
1983,3379
1984,3409
1985,3521
1986,3428
1987,3424
1988,3455
1989,3295
1990,3100
1991,2910
1992,2795
1993,2674
1994,2679
1995,2812
1996,2981
1997,3001
1998,2918
1999,2941
2000,3115
2001,3409
2002,3595
2003,3592
2004,3648
2005,3396
2006,3580
2007,3586
2008,3558
2009,3613
2010,3537
2011,3492
2012,3497
2013,3298
2014,3123
2015,3012
2016,2876
2017,2767
2018,2781
2019,2898
2020,3080
2021,3100
2022,3064
2023,3139
2024,3269
2025,3566
2026,3762
2027,3791
2028,3809
2029,3588
2030,3700
2031,3672
2032,3592
2033,3615
2034,3530
2035,3492
2036,3490
2037,3314
2038,3146
2039,3016
2040,2920
2041,2817
2042,2814
2043,2918
2044,3057
2045,3058
2046,2909
2047,2813
2048,2814
2049,2893
2050,3167
2051,3292
2052,3339
2053,3273
2054,3331
2055,3260
2056,3269
2057,3385
2058,3398
2059,3359
2060,3433
2061,3307
2062,3145
2063,3047
2064,2938
2065,2801
2066,2808
2067,2943
2068,3050
2069,3008
2070,2955
2071,2815
2072,2783
2073,2971
2074,3079
2075,3132
2076,3174
2077,3187
2078,3189
2079,3121
2080,3145
2081,3268
2082,3374
2083,3430
2084,3483
2085,3395
2086,3205
2087,2980
2088,2855
2089,2680
2090,2700
2091,2828
2092,2950
2093,3006
2094,2958
2095,2989
2096,3096
2097,3377
2098,3562
2099,3545
2100,3622
2101,3490
2102,3659
2103,3661
2104,3612
2105,3686
2106,3594
2107,3534
2108,3550
2109,3402
2110,3213
2111,3000
2112,2840
2113,2722
2114,2726
2115,2838
2116,2997
2117,2985
2118,2924
2119,2892
2120,3015
2121,3350
2122,3676
2123,3672
2124,3783
2125,3555
2126,3708
2127,3696
2128,3620
2129,3664
2130,3629
2131,3582
2132,3581
2133,3363
2134,3160
2135,3043
2136,2928
2137,2819
2138,2776
2139,2888
2140,3046
2141,3104
2142,3086
2143,3090
2144,3188
2145,3519
2146,3674
2147,3705
2148,3717
2149,3528
2150,3704
2151,3707
2152,3668
2153,3682
2154,3654
2155,3618
2156,3584
2157,3407
2158,3202
2159,3057
2160,2892
2161,2732
2162,2735
2163,2867
2164,3015
2165,3026
2166,2992
2167,2974
2168,3030
2169,3245
2170,3403
2171,3461
2172,3489
2173,3309
2174,3529
2175,3519
2176,3532
2177,3577
2178,3553
2179,3519
2180,3533
2181,3362
2182,3168
2183,3083
2184,2920
2185,2767
2186,2736
2187,2885
2188,3029
2189,3062
2190,2982
2191,2932
2192,3012
2193,3330
2194,3532
2195,3550
2196,3564
2197,3413
2198,3547
2199,3559
2200,3578
2201,3678
2202,3610
2203,3542
2204,3538
2205,3389
2206,3190
2207,3044
2208,2930
2209,2829
2210,2787
2211,2889
2212,3076
2213,3063
2214,2948
2215,2842
2216,2896
2217,3044
2218,3166
2219,3155
2220,3193
2221,3152
2222,3267
2223,3339
2224,3341
2225,3413
2226,3373
2227,3387
2228,3479
2229,3333
2230,3169
2231,3037
2232,2964
2233,2838
2234,2809
2235,2919
2236,3046
2237,3003
2238,2871
2239,2780
2240,2794
2241,2956
2242,3199
2243,3266
2244,3354
2245,3416
2246,3404
2247,3438
2248,3517
2249,3691
2250,3750
2251,3717
2252,3785
2253,3658
2254,3421
2255,3167
2256,2980
2257,2793
2258,2739
2259,2864
2260,3020
2261,3004
2262,2929
2263,2966
2264,3136
2265,3622
2266,3981
2267,4126
2268,4208
2269,4118
2270,4147
2271,4114
2272,4110
2273,4076
2274,3924
2275,3818
2276,3803
2277,3576
2278,3380
2279,3170
2280,3027
2281,2869
2282,2824
2283,2936
2284,3112
2285,3117
2286,3062
2287,3166
2288,3336
2289,3667
2290,3833
2291,3855
2292,3849
2293,3725
2294,3879
2295,3879
2296,3870
2297,3982
2298,3854
2299,3747
2300,3776
2301,3612
2302,3381
2303,3174
2304,3028
2305,2864
2306,2813
2307,2924
2308,3069
2309,3090
2310,3047
2311,3107
2312,3279
2313,3673
2314,3863
2315,3873
2316,3923
2317,3814
2318,3983
2319,3999
2320,3998
2321,4050
2322,3934
2323,3800
2324,3810
2325,3597
2326,3355
2327,3169
2328,3036
2329,2880
2330,2833
2331,2970
2332,3117
2333,3117
2334,3016
2335,3023
2336,3174
2337,3567
2338,3821
2339,3908
2340,3922
2341,3747
2342,3926
2343,4047
2344,4035
2345,4136
2346,4034
2347,3916
2348,3829
2349,3624
2350,3365
2351,3179
2352,3051
2353,2859
2354,2815
2355,2929
2356,3101
2357,3132
2358,3066
2359,3132
2360,3265
2361,3583
2362,3870
2363,3907
2364,3906
2365,3742
2366,3904
2367,3911
2368,3942
2369,4034
2370,3883
2371,3723
2372,3710
2373,3521
2374,3321
2375,3155
2376,3046
2377,2856
2378,2788
2379,2877
2380,3030
2381,3013
2382,2928
2383,2885
2384,2979
2385,3170
2386,3382
2387,3411
2388,3456
2389,3427
2390,3380
2391,3456
2392,3450
2393,3519
2394,3546
2395,3536
2396,3590
2397,3439
2398,3203
2399,3067
2400,2943
2401,2796
2402,2736
2403,2859
2404,3026
2405,3013
2406,2930
2407,2928
2408,2864
2409,2968
2410,3155
2411,3285
2412,3318
2413,3375
2414,3324
2415,3311
2416,3362
2417,3484
2418,3551
2419,3523
2420,3599
2421,3475
2422,3294
2423,3068
2424,2918
2425,2760
2426,2715
2427,2809
2428,2970
2429,2988
2430,3018
2431,3123
2432,3277
2433,3679
2434,3926
2435,3969
2436,3958
2437,3803
2438,4018
2439,3996
2440,3959
2441,4014
2442,3910
2443,3847
2444,3830
2445,3636
2446,3410
2447,3211
2448,3023
2449,2854
2450,2804
2451,2897
2452,3078
2453,3104
2454,3041
2455,3131
2456,3328
2457,3710
2458,3954
2459,4060
2460,4019
2461,3826
2462,3965
2463,4015
2464,3985
2465,4031
2466,3901
2467,3848
2468,3871
2469,3655
2470,3416
2471,3180
2472,3042
2473,2880
2474,2785
2475,2907
2476,3067
2477,3069
2478,3031
2479,3002
2480,3177
2481,3561
2482,3821
2483,3936
2484,3976
2485,3797
2486,3920
2487,3893
2488,3876
2489,3903
2490,3839
2491,3800
2492,3796
2493,3570
2494,3320
2495,3092
2496,2963
2497,2762
2498,2704
2499,2795
2500,2974
2501,3033
2502,2981
2503,3037
2504,3236
2505,3629
2506,3873
2507,3854
2508,3816
2509,3671
2510,3857
2511,3922
2512,3896
2513,3914
2514,3793
2515,3710
2516,3713
2517,3542
2518,3301
2519,3128
2520,2988
2521,2816
2522,2771
2523,2894
2524,3049
2525,3093
2526,3052
2527,3002
2528,3111
2529,3490
2530,3688
2531,3754
2532,3812
2533,3582
2534,3726
2535,3833
2536,3778
2537,3804
2538,3696
2539,3629
2540,3646
2541,3430
2542,3232
2543,3092
2544,2929
2545,2799
2546,2719
2547,2830
2548,2972
2549,3002
2550,2984
2551,2891
2552,2958
2553,3114
2554,3267
2555,3377
2556,3382
2557,3211
2558,3224
2559,3233
2560,3205
2561,3217
2562,3340
2563,3379
2564,3422
2565,3256
2566,3024
2567,2932
2568,2822
2569,2688
2570,2644
2571,2783
2572,2912
2573,2901
2574,2787
2575,2697
2576,2754
2577,2960
2578,3085
2579,3199
2580,3220
2581,3222
2582,3231
2583,3201
2584,3161
2585,3253
2586,3340
2587,3358
2588,3364
2589,3200
2590,3008
2591,2822
2592,2686
2593,2580
2594,2573
2595,2650
2596,2851
2597,2857
2598,2776
2599,2744
2600,2746
2601,2934
2602,3133
2603,3180
2604,3182
2605,3094
2606,3146
2607,3191
2608,3166
2609,3309
2610,3420
2611,3439
2612,3517
2613,3375
2614,3168
2615,2968
2616,2828
2617,2676
2618,2667
2619,2784
2620,2986
2621,2990
2622,2923
2623,2928
2624,3090
2625,3454
2626,3679
2627,3743
2628,3762
2629,3611
2630,3768
2631,3816
2632,3873
2633,3948
2634,3870
2635,3756
2636,3792
2637,3570
2638,3318
2639,3065
2640,2922
2641,2757
2642,2721
2643,2832
2644,3027
2645,3047
2646,3069
2647,3094
2648,3267
2649,3625
2650,3810
2651,3801
2652,3832
2653,3669
2654,3860
2655,3865
2656,3835
2657,3856
2658,3788
2659,3717
2660,3739
2661,3527
2662,3288
2663,3104
2664,2951
2665,2770
2666,2721
2667,2808
2668,2976
2669,3008
2670,2953
2671,2958
2672,3067
2673,3410
2674,3594
2675,3664
2676,3736
2677,3581
2678,3749
2679,3787
2680,3810
2681,3956
2682,3876
2683,3780
2684,3776
2685,3552
2686,3310
2687,3105
2688,2999
2689,2843
2690,2780
2691,2866
2692,3077
2693,3078
2694,2986
2695,3022
2696,3149
2697,3517
2698,3754
2699,3838
2700,3780
2701,3626
2702,3908
2703,3910
2704,3908
2705,3951
2706,3842
2707,3741
2708,3751
2709,3517
2710,3267
2711,3126
2712,3022
2713,2903
2714,2793
2715,2932
2716,3089
2717,3107
2718,3069
2719,3051
2720,3085
2721,3224
2722,3421
2723,3450
2724,3408
2725,3253
2726,3315
2727,3303
2728,3323
2729,3334
2730,3370
2731,3421
2732,3439
2733,3297
2734,3090
2735,2965
2736,2858
2737,2722
2738,2686
2739,2818
2740,2995
2741,2955
2742,2838
2743,2747
2744,2770
2745,2958
2746,3064
2747,3051
2748,3059
2749,3092
2750,3109
2751,3059
2752,3036
2753,3110
2754,3242
2755,3341
2756,3412
2757,3273
2758,3098
2759,2901
2760,2791
2761,2653
2762,2580
2763,2718
2764,2938
2765,2959
2766,2912
2767,2985
2768,3121
2769,3451
2770,3685
2771,3711
2772,3700
2773,3563
2774,3666
2775,3677
2776,3734
2777,3940
2778,3870
2779,3780
2780,3789
2781,3573
2782,3309
2783,3184
2784,3028
2785,2844
2786,2819
2787,2923
2788,3089
2789,3115
2790,3064
2791,3073
2792,3149
2793,3392
2794,3746
2795,3914
2796,3902
2797,3760
2798,3924
2799,3965
2800,3993
2801,4110
2802,4050
2803,3960
2804,3956
2805,3737
2806,3456
2807,3296
2808,3154
2809,2950
2810,2883
2811,2972
2812,3152
2813,3189
2814,3106
2815,3140
2816,3291
2817,3668
2818,3857
2819,3902
2820,4019
2821,3964
2822,4081
2823,4058
2824,4137
2825,4231
2826,4115
2827,4008
2828,4010
2829,3758
2830,3479
2831,3309
2832,3126
2833,2959
2834,2902
2835,2989
2836,3164
2837,3194
2838,3169
2839,3153
2840,3274
2841,3651
2842,3944
2843,3964
2844,4001
2845,3830
2846,3991
2847,4081
2848,4082
2849,4190
2850,4082
2851,4001
2852,4007
2853,3783
2854,3514
2855,3303
2856,3143
2857,2977
2858,2883
2859,2995
2860,3171
2861,3187
2862,3146
2863,3111
2864,3264
2865,3589
2866,3862
2867,3913
2868,4095
2869,3984
2870,4086
2871,4176
2872,4229
2873,4274
2874,4151
2875,4062
2876,4068
2877,3835
2878,3605
2879,3430
2880,3273
2881,3075
2882,3034
2883,3095
2884,3257
2885,3216
2886,3123
2887,3135
2888,3177
2889,3432
2890,3623
2891,3677
2892,3794
2893,3782
2894,3893
2895,3904
2896,3923
2897,4030
2898,4017
2899,3972
2900,3998
2901,3786
2902,3549
2903,3354
2904,3234
2905,3054
2906,2985
2907,3033
2908,3220
2909,3200
2910,3073
2911,3069
2912,3095
2913,3371
2914,3578
2915,3672
2916,3766
2917,3761
2918,3809
2919,3883
2920,3880
2921,3938
2922,3967
2923,3996
2924,4052
2925,3816
2926,3585
2927,3324
2928,3144
2929,2968
2930,2922
2931,2974
2932,3130
2933,3149
2934,3122
2935,3143
2936,3324
2937,3750
2938,4163
2939,4176
2940,4171
2941,3905
2942,4002
2943,4023
2944,3973
2945,3961
2946,3862
2947,3854
2948,3844
2949,3601
2950,3390
2951,3244
2952,3091
2953,2935
2954,2911
2955,2935
2956,3092
2957,3160
2958,3117
2959,3140
2960,3277
2961,3636
2962,3909
2963,3917
2964,3925
2965,3726
2966,3868
2967,3845
2968,3843
2969,3909
2970,3819
2971,3798
2972,3810
2973,3607
2974,3382
2975,3220
2976,3117
2977,2967
2978,2864
2979,2947
2980,3100
2981,3119
2982,3057
2983,3053
2984,3218
2985,3574
2986,3826
2987,3953
2988,3926
2989,3715
2990,3909
2991,3882
2992,3847
2993,3905
2994,3797
2995,3810
2996,3841
2997,3606
2998,3372
2999,3184
3000,3051
3001,2906
3002,2862
3003,2935
3004,3098
3005,3126
3006,3068
3007,3059
3008,3226
3009,3586
3010,3770
3011,3820
3012,3913
3013,3723
3014,3858
3015,3876
3016,3890
3017,3951
3018,3821
3019,3807
3020,3833
3021,3588
3022,3360
3023,3177
3024,3029
3025,2862
3026,2785
3027,2871
3028,3028
3029,3073
3030,2999
3031,2985
3032,3119
3033,3483
3034,3724
3035,3767
3036,3792
3037,3606
3038,3733
3039,3746
3040,3761
3041,3829
3042,3755
3043,3693
3044,3709
3045,3463
3046,3236
3047,3091
3048,2944
3049,2776
3050,2756
3051,2833
3052,2988
3053,3015
3054,2914
3055,2857
3056,2918
3057,3104
3058,3302
3059,3404
3060,3354
3061,3310
3062,3366
3063,3338
3064,3340
3065,3446
3066,3404
3067,3451
3068,3538
3069,3364
3070,3173
3071,3032
3072,2898
3073,2754
3074,2690
3075,2800
3076,2969
3077,2966
3078,2850
3079,2758
3080,2815
3081,3027
3082,3093
3083,3100
3084,3142
3085,3098
3086,3052
3087,3076
3088,3125
3089,3301
3090,3398
3091,3503
3092,3567
3093,3376
3094,3166
3095,2968
3096,2846
3097,2719
3098,2669
3099,2773
3100,2960
3101,3016
3102,2984
3103,3074
3104,3307
3105,3718
3106,3998
3107,4030
3108,4051
3109,3863
3110,4048
3111,4071
3112,4053
3113,4201
3114,4140
3115,4089
3116,4032
3117,3760
3118,3471
3119,3311
3120,3147
3121,3002
3122,2914
3123,2992
3124,3113
3125,3139
3126,3099
3127,3128
3128,3347
3129,3789
3130,4027
3131,4122
3132,4207
3133,4067
3134,4215
3135,4217
3136,4173
3137,4203
3138,4116
3139,4055
3140,4043
3141,3761
3142,3505
3143,3284
3144,3131
3145,2957
3146,2854
3147,2945
3148,3091
3149,3153
3150,3122
3151,3161
3152,3315
3153,3699
3154,3841
3155,3892
3156,3981
3157,3823
3158,3941
3159,3885
3160,3830
3161,3970
3162,3876
3163,3874
3164,3885
3165,3636
3166,3386
3167,3190
3168,3060
3169,2901
3170,2839
3171,2924
3172,3080
3173,3127
3174,3013
3175,2976
3176,3028
3177,3331
3178,3635
3179,3704
3180,3628
3181,3621
3182,3662
3183,3629
3184,3699
3185,3754
3186,3733
3187,3782
3188,3773
3189,3552
3190,3399
3191,3187
3192,3038
3193,2911
3194,2876
3195,2952
3196,3099
3197,3114
3198,3077
3199,3037
3200,3131
3201,3389
3202,3503
3203,3596
3204,3583
3205,3610
3206,3748
3207,3735
3208,3745
3209,3896
3210,3905
3211,3932
3212,3930
3213,3637
3214,3388
3215,3223
3216,3101
3217,2916
3218,2792
3219,2888
3220,3033
3221,3020
3222,2945
3223,2925
3224,2971
3225,3189
3226,3461
3227,3445
3228,3457
3229,3356
3230,3346
3231,3391
3232,3461
3233,3524
3234,3569
3235,3630
3236,3653
3237,3486
3238,3283
3239,3107
3240,2998
3241,2846
3242,2765
3243,2820
3244,2969
3245,3004
3246,2920
3247,2919
3248,2918
3249,3006
3250,3175
3251,3219
3252,3151
3253,3049
3254,3058
3255,3013
3256,3010
3257,3166
3258,3364
3259,3467
3260,3524
3261,3345
3262,3136
3263,2904
3264,2766
3265,2625
3266,2562
3267,2628
3268,2782
3269,2802
3270,2719
3271,2669
3272,2717
3273,2904
3274,3094
3275,3241
3276,3318
3277,3376
3278,3456
3279,3403
3280,3381
3281,3413
3282,3475
3283,3539
3284,3484
3285,3295
3286,3099
3287,2967
3288,2887
3289,2734
3290,2657
3291,2764
3292,2925
3293,2985
3294,2960
3295,3044
3296,3161
3297,3408
3298,3614
3299,3625
3300,3621
3301,3563
3302,3520
3303,3495
3304,3498
3305,3563
3306,3607
3307,3694
3308,3644
3309,3396
3310,3171
3311,3000
3312,2875
3313,2715
3314,2680
3315,2786
3316,2963
3317,2984
3318,2969
3319,2935
3320,3005
3321,3352
3322,3630
3323,3722
3324,3804
3325,3667
3326,3781
3327,3750
3328,3783
3329,3910
3330,3863
3331,3859
3332,3844
3333,3538
3334,3255
3335,3067
3336,2944
3337,2831
3338,2729
3339,2849
3340,2961
3341,3047
3342,2965
3343,2975
3344,3091
3345,3441
3346,3688
3347,3782
3348,3846
3349,3667
3350,3800
3351,3823
3352,3797
3353,3816
3354,3773
3355,3807
3356,3720
3357,3456
3358,3202
3359,3027
3360,2883
3361,2732
3362,2700
3363,2823
3364,3024
3365,3059
3366,3034
3367,2999
3368,3135
3369,3401
3370,3671
3371,3714
3372,3760
3373,3598
3374,3771
3375,3771
3376,3809
3377,3935
3378,3825
3379,3851
3380,3788
3381,3535
3382,3298
3383,3079
3384,2980
3385,2829
3386,2753
3387,2851
3388,2997
3389,3016
3390,2943
3391,2887
3392,3031
3393,3316
3394,3599
3395,3576
3396,3558
3397,3456
3398,3554
3399,3499
3400,3381
3401,3480
3402,3514
3403,3566
3404,3557
3405,3387
3406,3169
3407,2958
3408,2838
3409,2677
3410,2602
3411,2704
3412,2902
3413,2902
3414,2831
3415,2685
3416,2651
3417,2784
3418,2977
3419,3085
3420,3146
3421,3159
3422,3113
3423,3095
3424,3152
3425,3300
3426,3466
3427,3533
3428,3517
3429,3307
3430,3082
3431,2880
3432,2734
3433,2574
3434,2496
3435,2629
3436,2828
3437,2851
3438,2815
3439,2824
3440,2903
3441,3285
3442,3605
3443,3795
3444,3928
3445,3793
3446,3967
3447,3991
3448,3965
3449,3946
3450,3857
3451,3886
3452,3800
3453,3534
3454,3330
3455,3108
3456,2979
3457,2824
3458,2801
3459,2869
3460,3074
3461,3130
3462,3119
3463,3185
3464,3371
3465,3766
3466,4034
3467,4161
3468,4111
3469,3904
3470,4062
3471,4114
3472,4071
3473,4058
3474,3932
3475,3946
3476,3903
3477,3611
3478,3396
3479,3179
3480,3024
3481,2869
3482,2815
3483,2922
3484,3084
3485,3121
3486,3039
3487,3002
3488,3062
3489,3399
3490,3671
3491,3764
3492,3770
3493,3535
3494,3620
3495,3648
3496,3732
3497,3874
3498,3819
3499,3832
3500,3780
3501,3494
3502,3276
3503,3059
3504,2912
3505,2746
3506,2719
3507,2830
3508,2990
3509,3062
3510,2985
3511,2930
3512,2973
3513,3364
3514,3640
3515,3736
3516,3769
3517,3599
3518,3742
3519,3753
3520,3779
3521,3888
3522,3836
3523,3892
3524,3811
3525,3529
3526,3289
3527,3161
3528,3054
3529,2850
3530,2789
3531,2923
3532,3082
3533,3160
3534,3148
3535,3233
3536,3310
3537,3624
3538,3912
3539,3944
3540,3966
3541,3726
3542,3814
3543,3721
3544,3739
3545,3864
3546,3800
3547,3859
3548,3793
3549,3538
3550,3271
3551,3158
3552,3005
3553,2801
3554,2741
3555,2852
3556,3031
3557,3108
3558,2999
3559,2959
3560,3062
3561,3297
3562,3460
3563,3566
3564,3630
3565,3453
3566,3451
3567,3434
3568,3445
3569,3476
3570,3534
3571,3621
3572,3523
3573,3361
3574,3173
3575,2996
3576,2917
3577,2788
3578,2773
3579,2825
3580,2995
3581,3012
3582,2957
3583,2945
3584,2947
3585,3021
3586,3099
3587,3144
3588,3183
3589,3093
3590,3001
3591,3015
3592,3067
3593,3184
3594,3363
3595,3529
3596,3477
3597,3249
3598,3077
3599,2860
3600,2730
3601,2614
3602,2541
3603,2664
3604,2866
3605,2938
3606,2847
3607,2878
3608,3011
3609,3205
3610,3513
3611,3698
3612,3726
3613,3502
3614,3582
3615,3656
3616,3724
3617,3821
3618,3779
3619,3818
3620,3667
3621,3403
3622,3200
3623,3106
3624,2909
3625,2757
3626,2747
3627,2880
3628,3072
3629,3115
3630,2996
3631,3035
3632,3151
3633,3427
3634,3748
3635,3793
3636,3760
3637,3639
3638,3767
3639,3770
3640,3757
3641,3810
3642,3743
3643,3833
3644,3691
3645,3438
3646,3229
3647,3061
3648,2949
3649,2834
3650,2747
3651,2855
3652,3026
3653,3126
3654,3018
3655,3113
3656,3253
3657,3532
3658,3800
3659,3873
3660,3907
3661,3705
3662,3860
3663,3874
3664,3792
3665,3776
3666,3720
3667,3765
3668,3656
3669,3443
3670,3273
3671,3097
3672,2943
3673,2825
3674,2782
3675,2857
3676,3041
3677,3074
3678,3005
3679,3074
3680,3215
3681,3487
3682,3799
3683,3834
3684,3810
3685,3611
3686,3794
3687,3762
3688,3748
3689,3832
3690,3778
3691,3842
3692,3755
3693,3517
3694,3300
3695,3113
3696,2975
3697,2815
3698,2766
3699,2911
3700,3088
3701,3159
3702,3061
3703,3047
3704,3135
3705,3420
3706,3674
3707,3761
3708,3768
3709,3630
3710,3644
3711,3661
3712,3684
3713,3724
3714,3662
3715,3745
3716,3651
3717,3390
3718,3135
3719,3027
3720,2911
3721,2794
3722,2697
3723,2814
3724,2984
3725,3028
3726,2900
3727,2826
3728,2820
3729,3061
3730,3232
3731,3330
3732,3375
3733,3188
3734,3204
3735,3158
3736,3159
3737,3288
3738,3355
3739,3504
3740,3426
3741,3225
3742,2994
3743,2908
3744,2851
3745,2702
3746,2692
3747,2804
3748,2967
3749,3024
3750,2863
3751,2764
3752,2677
3753,2725
3754,2867
3755,2934
3756,2987
3757,2970
3758,2981
3759,2992
3760,3036
3761,3166
3762,3362
3763,3550
3764,3469
3765,3283
3766,3064
3767,2874
3768,2757
3769,2610
3770,2590
3771,2720
3772,2913
3773,3008
3774,2935
3775,2990
3776,3120
3777,3450
3778,3633
3779,3645
3780,3670
3781,3580
3782,3716
3783,3767
3784,3745
3785,3811
3786,3779
3787,3854
3788,3716
3789,3456
3790,3203
3791,3106
3792,3006
3793,2846
3794,2796
3795,2910
3796,3050
3797,3152
3798,3057
3799,3157
3800,3314
3801,3657
3802,3942
3803,3912
3804,3911
3805,3732
3806,3890
3807,3932
3808,3897
3809,3919
3810,3905
3811,3976
3812,3844
3813,3583
3814,3365
3815,3142
3816,3026
3817,2864
3818,2852
3819,2938
3820,3130
3821,3174
3822,3043
3823,3049
3824,3164
3825,3457
3826,3763
3827,3845
3828,3908
3829,3700
3830,3845
3831,3813
3832,3854
3833,3903
3834,3875
3835,3925
3836,3778
3837,3527
3838,3282
3839,3091
3840,2994
3841,2813
3842,2782
3843,2865
3844,3027
3845,3089
3846,2952
3847,2964
3848,3059
3849,3326
3850,3620
3851,3716
3852,3783
3853,3609
3854,3745
3855,3768
3856,3776
3857,3842
3858,3776
3859,3871
3860,3716
3861,3436
3862,3214
3863,3023
3864,2900
3865,2763
3866,2742
3867,2832
3868,3011
3869,3070
3870,2958
3871,3005
3872,3059
3873,3325
3874,3599
3875,3741
3876,3827
3877,3671
3878,3852
3879,3827
3880,3836
3881,3921
3882,3877
3883,3919
3884,3749
3885,3500
3886,3265
3887,3093
3888,3012
3889,2828
3890,2768
3891,2838
3892,3024
3893,3063
3894,2918
3895,2804
3896,2760
3897,2869
3898,3070
3899,3132
3900,3195
3901,3097
3902,3080
3903,3032
3904,3084
3905,3194
3906,3293
3907,3443
3908,3364
3909,3151
3910,2945
3911,2840
3912,2746
3913,2602
3914,2590
3915,2664
3916,2852
3917,2895
3918,2739
3919,2615
3920,2610
3921,2720
3922,2882
3923,2958
3924,3006
3925,2975
3926,2912
3927,2881
3928,2947
3929,3090
3930,3285
3931,3477
3932,3395
3933,3205
3934,3016
3935,2828
3936,2730
3937,2578
3938,2576
3939,2701
3940,2883
3941,2972
3942,2880
3943,2914
3944,2988
3945,3298
3946,3590
3947,3678
3948,3747
3949,3488
3950,3662
3951,3668
3952,3741
3953,3829
3954,3811
3955,3886
3956,3713
3957,3451
3958,3232
3959,3073
3960,2945
3961,2807
3962,2773
3963,2883
3964,3053
3965,3114
3966,3047
3967,3169
3968,3277
3969,3597
3970,3723
3971,3733
3972,3791
3973,3640
3974,3860
3975,3802
3976,3866
3977,3988
3978,3941
3979,4000
3980,3826
3981,3579
3982,3283
3983,3070
3984,2970
3985,2830
3986,2746
3987,2823
3988,3010
3989,3066
3990,3000
3991,2968
3992,3010
3993,3269
3994,3438
3995,3446
3996,3428
3997,3234
3998,3372
3999,3391
4000,3459
4001,3606
4002,3660
4003,3721
4004,3576
4005,3345
4006,3125
4007,2944
4008,2836
4009,2669
4010,2644
4011,2764
4012,2964
4013,3049
4014,2910
4015,2870
4016,2943
4017,3175
4018,3379
4019,3460
4020,3497
4021,3287
4022,3486
4023,3571
4024,3598
4025,3707
4026,3732
4027,3791
4028,3601
4029,3357
4030,3138
4031,2957
4032,2859
4033,2724
4034,2695
4035,2817
4036,3000
4037,3072
4038,3019
4039,3038
4040,3170
4041,3496
4042,3704
4043,3694
4044,3684
4045,3484
4046,3606
4047,3651
4048,3720
4049,3779
4050,3783
4051,3771
4052,3633
4053,3425
4054,3197
4055,3129
4056,3042
4057,2852
4058,2755
4059,2863
4060,3008
4061,3060
4062,2972
4063,3005
4064,3008
4065,3301
4066,3433
4067,3467
4068,3501
4069,3392
4070,3421
4071,3375
4072,3395
4073,3441
4074,3531
4075,3645
4076,3515
4077,3323
4078,3097
4079,3016
4080,2907
4081,2823
4082,2729
4083,2836
4084,3020
4085,3076
4086,2953
4087,2897
4088,2897
4089,3032
4090,3222
4091,3340
4092,3357
4093,3317
4094,3252
4095,3222
4096,3242
4097,3321
4098,3501
4099,3568
4100,3485
4101,3328
4102,3128
4103,2967
4104,2854
4105,2711
4106,2638
4107,2771
4108,2919
4109,2977
4110,2894
4111,2933
4112,2994
4113,3182
4114,3406
4115,3511
4116,3541
4117,3458
4118,3529
4119,3529
4120,3505
4121,3553
4122,3642
4123,3629
4124,3490
4125,3281
4126,3108
4127,2924
4128,2801
4129,2668
4130,2632
4131,2792
4132,2977
4133,3014
4134,2945
4135,3052
4136,3166
4137,3356
4138,3479
4139,3482
4140,3300
4141,3041
4142,3177
4143,3182
4144,3247
4145,3484
4146,3584
4147,3674
4148,3516
4149,3309
4150,3052
4151,2893
4152,2773
4153,2650
4154,2624
4155,2720
4156,2916
4157,3014
4158,2955
4159,2980
4160,3168
4161,3417
4162,3500
4163,3426
4164,3387
4165,3178
4166,3217
4167,3223
4168,3286
4169,3514
4170,3626
4171,3702
4172,3546
4173,3343
4174,3160
4175,3002
4176,2860
4177,2687
4178,2643
4179,2775
4180,2987
4181,3048
4182,2970
4183,2938
4184,2940
4185,3147
4186,3347
4187,3354
4188,3417
4189,3206
4190,3328
4191,3377
4192,3446
4193,3592
4194,3676
4195,3705
4196,3552
4197,3346
4198,3133
4199,2999
4200,2912
4201,2766
4202,2744
4203,2860
4204,3063
4205,3125
4206,3018
4207,2997
4208,3075
4209,3330
4210,3492
4211,3522
4212,3520
4213,3372
4214,3402
4215,3423
4216,3423
4217,3475
4218,3600
4219,3562
4220,3443
4221,3288
4222,3136
4223,2963
4224,2882
4225,2746
4226,2710
4227,2832
4228,2998
4229,3057
4230,2977
4231,3017
4232,3095
4233,3273
4234,3458
4235,3477
4236,3378
4237,3232
4238,3222
4239,3238
4240,3146
4241,3219
4242,3409
4243,3497
4244,3369
4245,3162
4246,2972
4247,2843
4248,2773
4249,2663
4250,2629
4251,2737
4252,2908
4253,2955
4254,2808
4255,2680
4256,2652
4257,2604
4258,2754
4259,2771
4260,2812
4261,2785
4262,2812
4263,2807
4264,2843
4265,3021
4266,3279
4267,3394
4268,3289
4269,3116
4270,2934
4271,2772
4272,2683
4273,2561
4274,2533
4275,2689
4276,2888
4277,2958
4278,2887
4279,2957
4280,3022
4281,3171
4282,3266
4283,3316
4284,3387
4285,3246
4286,3345
4287,3359
4288,3439
4289,3653
4290,3756
4291,3781
4292,3606
4293,3366
4294,3133
4295,2974
4296,2882
4297,2733
4298,2726
4299,2841
4300,3038
4301,3098
4302,2985
4303,2971
4304,2953
4305,3195
4306,3321
4307,3340
4308,3392
4309,3234
4310,3401
4311,3455
4312,3518
4313,3688
4314,3785
4315,3757
4316,3581
4317,3357
4318,3122
4319,2950
4320,2859
4321,2710
4322,2672
4323,2802
4324,3012
4325,3069
4326,2984
4327,3038
4328,3100
4329,3360
4330,3549
4331,3504
4332,3475
4333,3252
4334,3385
4335,3416
4336,3453
4337,3655
4338,3750
4339,3754
4340,3579
4341,3341
4342,3122
4343,2959
4344,2846
4345,2703
4346,2673
4347,2808
4348,2987
4349,3047
4350,2963
4351,2918
4352,3053
4353,3276
4354,3548
4355,3640
4356,3671
4357,3392
4358,3512
4359,3535
4360,3505
4361,3662
4362,3828
4363,3803
4364,3581
4365,3377
4366,3172
4367,3052
4368,2890
4369,2758
4370,2754
4371,2875
4372,3020
4373,3074
4374,2989
4375,3020
4376,3149
4377,3352
4378,3504
4379,3534
4380,3544
4381,3356
4382,3465
4383,3457
4384,3469
4385,3696
4386,3842
4387,3805
4388,3636
4389,3391
4390,3184
4391,3017
4392,2904
4393,2786
4394,2769
4395,2877
4396,3063
4397,3083
4398,2952
4399,2880
4400,2895
4401,3035
4402,3200
4403,3268
4404,3312
4405,3207
4406,3293
4407,3310
4408,3253
4409,3404
4410,3604
4411,3597
4412,3464
4413,3271
4414,3076
4415,2988
4416,2881
4417,2764
4418,2753
4419,2867
4420,3023
4421,3106
4422,2890
4423,2792
4424,2822
4425,2907
4426,2991
4427,2981
4428,3007
4429,3062
4430,3060
4431,3029
4432,3070
4433,3205
4434,3488
4435,3489
4436,3414
4437,3284
4438,3120
4439,2897
4440,2794
4441,2651
4442,2616
4443,2778
4444,2924
4445,3005
4446,2935
4447,2966
4448,3114
4449,3383
4450,3588
4451,3663
4452,3631
4453,3474
4454,3599
4455,3555
4456,3564
4457,3670
4458,3826
4459,3783
4460,3610
4461,3404
4462,3171
4463,3010
4464,2908
4465,2807
4466,2778
4467,2894
4468,3078
4469,3162
4470,3102
4471,3186
4472,3334
4473,3662
4474,3898
4475,3902
4476,3849
4477,3644
4478,3777
4479,3779
4480,3766
4481,3823
4482,3883
4483,3772
4484,3611
4485,3393
4486,3172
4487,3005
4488,2854
4489,2736
4490,2709
4491,2826
4492,2986
4493,3060
4494,3007
4495,2952
4496,3065
4497,3355
4498,3562
4499,3613
4500,3555
4501,3285
4502,3421
4503,3419
4504,3414
4505,3596
4506,3796
4507,3754
4508,3604
4509,3399
4510,3188
4511,3035
4512,2900
4513,2761
4514,2773
4515,2942
4516,3088
4517,3207
4518,3154
4519,3191
4520,3234
4521,3342
4522,3518
4523,3542
4524,3522
4525,3394
4526,3654
4527,3600
4528,3582
4529,3727
4530,3912
4531,3875
4532,3725
4533,3532
4534,3323
4535,3147
4536,3031
4537,2880
4538,2897
4539,3020
4540,3229
4541,3324
4542,3254
4543,3318
4544,3346
4545,3477
4546,3576
4547,3521
4548,3446
4549,3336
4550,3520
4551,3559
4552,3571
4553,3710
4554,3872
4555,3813
4556,3675
4557,3499
4558,3298
4559,3096
4560,2989
4561,2902
4562,2851
4563,2976
4564,3143
4565,3230
4566,3161
4567,3143
4568,3117
4569,3083
4570,3136
4571,3083
4572,3028
4573,2989
4574,3032
4575,2990
4576,3007
4577,3244
4578,3496
4579,3516
4580,3426
4581,3274
4582,3102
4583,3048
4584,2950
4585,2817
4586,2832
4587,2983
4588,3121
4589,3209
4590,3117
4591,2959
4592,2849
4593,2828
4594,2834
4595,2784
4596,2805
4597,2736
4598,2763
4599,2799
4600,2847
4601,3032
4602,3385
4603,3382
4604,3330
4605,3187
4606,3015
4607,2846
4608,2748
4609,2650
4610,2668
4611,2766
4612,2943
4613,3023
4614,3010
4615,3059
4616,3098
4617,3278
4618,3438
4619,3468
4620,3479
4621,3411
4622,3449
4623,3444
4624,3460
4625,3549
4626,3699
4627,3620
4628,3541
4629,3370
4630,3153
4631,2964
4632,2859
4633,2720
4634,2742
4635,2874
4636,3037
4637,3132
4638,3061
4639,3123
4640,3213
4641,3406
4642,3618
4643,3417
4644,3356
4645,3105
4646,3155
4647,3278
4648,3331
4649,3589
4650,3764
4651,3687
4652,3551
4653,3349
4654,3145
4655,2980
4656,2865
4657,2757
4658,2750
4659,2901
4660,3090
4661,3130
4662,3078
4663,3042
4664,3019
4665,3208
4666,3389
4667,3393
4668,3367
4669,3046
4670,3219
4671,3219
4672,3261
4673,3544
4674,3751
4675,3683
4676,3542
4677,3349
4678,3163
4679,2997
4680,2880
4681,2788
4682,2787
4683,2944
4684,3120
4685,3210
4686,3185
4687,3182
4688,3147
4689,3314
4690,3437
4691,3441
4692,3388
4693,3172
4694,3324
4695,3314
4696,3399
4697,3644
4698,3855
4699,3787
4700,3640
4701,3451
4702,3267
4703,3171
4704,3039
4705,2934
4706,2910
4707,3082
4708,3256
4709,3321
4710,3299
4711,3293
4712,3254
4713,3323
4714,3486
4715,3456
4716,3417
4717,3221
4718,3371
4719,3365
4720,3443
4721,3668
4722,3832
4723,3729
4724,3607
4725,3388
4726,3202
4727,3098
4728,2984
4729,2850
4730,2820
4731,2939
4732,3139
4733,3198
4734,3112
4735,3113
4736,3170
4737,3267
4738,3317
4739,3145
4740,3119
4741,3054
4742,3099
4743,3063
4744,3132
4745,3336
4746,3533
4747,3480
4748,3382
4749,3217
4750,3052
4751,2973
4752,2908
4753,2833
4754,2811
4755,2937
4756,3091
4757,3162
4758,3034
4759,2927
4760,2880
4761,2834
4762,2897
4763,2857
4764,2924
4765,3023
4766,2990
4767,2968
4768,2944
4769,3175
4770,3524
4771,3483
4772,3423
4773,3261
4774,3095
4775,2936
4776,2855
4777,2735
4778,2742
4779,2858
4780,3029
4781,3115
4782,3094
4783,3193
4784,3269
4785,3488
4786,3578
4787,3677
4788,3639
4789,3514
4790,3639
4791,3658
4792,3677
4793,3791
4794,3878
4795,3773
4796,3646
4797,3406
4798,3252
4799,3120
4800,3017
4801,2881
4802,2890
4803,3032
4804,3220
4805,3325
4806,3314
4807,3289
4808,3338
4809,3502
4810,3606
4811,3664
4812,3562
4813,3438
4814,3546
4815,3579
4816,3648
4817,3827
4818,3976
4819,3871
4820,3733
4821,3522
4822,3318
4823,3156
4824,3099
4825,2930
4826,2890
4827,2998
4828,3206
4829,3307
4830,3286
4831,3332
4832,3422
4833,3597
4834,3668
4835,3731
4836,3626
4837,3369
4838,3529
4839,3589
4840,3629
4841,3849
4842,3989
4843,3916
4844,3774
4845,3571
4846,3351
4847,3193
4848,3111
4849,2968
4850,2958
4851,3076
4852,3304
4853,3413
4854,3385
4855,3342
4856,3262
4857,3313
4858,3465
4859,3423
4860,3388
4861,3206
4862,3377
4863,3345
4864,3488
4865,3792
4866,3919
4867,3810
4868,3686
4869,3468
4870,3252
4871,3120
4872,3047
4873,2923
4874,2933
4875,3047
4876,3252
4877,3358
4878,3304
4879,3285
4880,3214
4881,3299
4882,3484
4883,3391
4884,3334
4885,3319
4886,3602
4887,3612
4888,3673
4889,3787
4890,3839
4891,3717
4892,3612
4893,3407
4894,3225
4895,3128
4896,3059
4897,2919
4898,2918
4899,3022
4900,3207
4901,3284
4902,3189
4903,3050
4904,3054
4905,3097
4906,3195
4907,3138
4908,3068
4909,2959
4910,2976
4911,2983
4912,3084
4913,3323
4914,3542
4915,3456
4916,3361
4917,3211
4918,3038
4919,2940
4920,2895
4921,2781
4922,2809
4923,2942
4924,3111
4925,3188
4926,3119
4927,3041
4928,3000
4929,2981
4930,3094
4931,3080
4932,3026
4933,2969
4934,3026
4935,3004
4936,3054
4937,3312
4938,3535
4939,3506
4940,3458
4941,3328
4942,3173
4943,2995
4944,2950
4945,2799
4946,2843
4947,2976
4948,3170
4949,3307
4950,3330
4951,3390
4952,3418
4953,3598
4954,3757
4955,3850
4956,3892
4957,3668
4958,3825
4959,3830
4960,3862
4961,4112
4962,4220
4963,4076
4964,3878
4965,3663
4966,3456
4967,3252
4968,3180
4969,3062
4970,3113
4971,3271
4972,3473
4973,3561
4974,3563
4975,3602
4976,3429
4977,3543
4978,3605
4979,3511
4980,3459
4981,3178
4982,3324
4983,3382
4984,3561
4985,3880
4986,4024
4987,3930
4988,3841
4989,3652
4990,3442
4991,3270
4992,3202
4993,3039
4994,3054
4995,3217
4996,3419
4997,3542
4998,3552
4999,3558
5000,3381
5001,3460
5002,3555
5003,3458
5004,3387
5005,3169
5006,3285
5007,3347
5008,3528
5009,3870
5010,4007
5011,3930
5012,3824
5013,3617
5014,3403
5015,3192
5016,3126
5017,3015
5018,3080
5019,3239
5020,3423
5021,3550
5022,3575
5023,3555
5024,3399
5025,3485
5026,3581
5027,3489
5028,3531
5029,3390
5030,3568
5031,3663
5032,3782
5033,4076
5034,4153
5035,4033
5036,3818
5037,3623
5038,3402
5039,3249
5040,3177
5041,3039
5042,3050
5043,3187
5044,3377
5045,3482
5046,3477
5047,3497
5048,3500
5049,3609
5050,3660
5051,3633
5052,3538
5053,3314
5054,3538
5055,3596
5056,3716
5057,3936
5058,3973
5059,3833
5060,3708
5061,3475
5062,3307
5063,3112
5064,3073
5065,2910
5066,2914
5067,3051
5068,3226
5069,3316
5070,3280
5071,3208
5072,3162
5073,3308
5074,3407
5075,3369
5076,3248
5077,3063
5078,3183
5079,3184
5080,3260
5081,3517
5082,3667
5083,3609
5084,3528
5085,3352
5086,3200
5087,3075
5088,3017
5089,2917
5090,2937
5091,3058
5092,3226
5093,3312
5094,3249
5095,3075
5096,2901
5097,2969
5098,3000
5099,2950
5100,2947
5101,2983
5102,2854
5103,2808
5104,2953
5105,3304
5106,3552
5107,3518
5108,3456
5109,3301
5110,3131
5111,2956
5112,2886
5113,2824
5114,2841
5115,3018
5116,3210
5117,3331
5118,3383
5119,3394
5120,3239
5121,3396
5122,3518
5123,3467
5124,3391
5125,3152
5126,3253
5127,3261
5128,3449
5129,3832
5130,3933
5131,3827
5132,3672
5133,3488
5134,3309
5135,3167
5136,3102
5137,2982
5138,3018
5139,3185
5140,3338
5141,3444
5142,3454
5143,3436
5144,3448
5145,3574
5146,3762
5147,3691
5148,3773
5149,3560
5150,3645
5151,3683
5152,3736
5153,4000
5154,4012
5155,3897
5156,3745
5157,3545
5158,3344
5159,3185
5160,3112
5161,2975
5162,3018
5163,3140
5164,3336
5165,3456
5166,3465
5167,3428
5168,3286
5169,3380
5170,3532
5171,3495
5172,3376
5173,3158
5174,3269
5175,3305
5176,3547
5177,3902
5178,3958
5179,3840
5180,3702
5181,3528
5182,3293
5183,3155
5184,3094
5185,2948
5186,2990
5187,3086
5188,3288
5189,3367
5190,3361
5191,3261
5192,3234
5193,3418
5194,3627
5195,3711
5196,3721
5197,3595
5198,3599
5199,3564
5200,3585
5201,3831
5202,3924
5203,3863
5204,3774
5205,3607
5206,3414
5207,3242
5208,3177
5209,3075
5210,3113
5211,3276
5212,3466
5213,3561
5214,3591
5215,3610
5216,3639
5217,3885
5218,3941
5219,3868
5220,3814
5221,3519
5222,3660
5223,3685
5224,3872
5225,4173
5226,4191
5227,4070
5228,3950
5229,3735
5230,3497
5231,3399
5232,3372
5233,3225
5234,3278
5235,3394
5236,3569
5237,3658
5238,3606
5239,3499
5240,3461
5241,3569
5242,3589
5243,3515
5244,3553
5245,3472
5246,3467
5247,3457
5248,3526
5249,3791
5250,3887
5251,3823
5252,3736
5253,3555
5254,3354
5255,3255
5256,3273
5257,3180
5258,3211
5259,3372
5260,3519
5261,3621
5262,3519
5263,3340
5264,3123
5265,3013
5266,3024
5267,3024
5268,2944
5269,2870
5270,2750
5271,2768
5272,3033
5273,3428
5274,3677
5275,3696
5276,3652
5277,3545
5278,3361
5279,3216
5280,3198
5281,3114
5282,3179
5283,3332
5284,3516
5285,3635
5286,3686
5287,3669
5288,3574
5289,3694
5290,3721
5291,3641
5292,3581
5293,3422
5294,3593
5295,3646
5296,3876
5297,4154
5298,4186
5299,4069
5300,3950
5301,3753
5302,3547
5303,3332
5304,3321
5305,3208
5306,3277
5307,3438
5308,3608
5309,3726
5310,3780
5311,3738
5312,3624
5313,3859
5314,4080
5315,4036
5316,3922
5317,3653
5318,3832
5319,3844
5320,3886
5321,4139
5322,4127
5323,4015
5324,3889
5325,3706
5326,3499
5327,3302
5328,3268
5329,3149
5330,3193
5331,3333
5332,3541
5333,3624
5334,3663
5335,3673
5336,3687
5337,3710
5338,3642
5339,3533
5340,3483
5341,3263
5342,3432
5343,3508
5344,3687
5345,4035
5346,4069
5347,3957
5348,3842
5349,3637
5350,3432
5351,3240
5352,3207
5353,3098
5354,3138
5355,3267
5356,3426
5357,3564
5358,3557
5359,3533
5360,3538
5361,3720
5362,3769
5363,3718
5364,3604
5365,3333
5366,3439
5367,3494
5368,3720
5369,4068
5370,4088
5371,3973
5372,3878
5373,3674
5374,3489
5375,3334
5376,3332
5377,3269
5378,3320
5379,3458
5380,3623
5381,3761
5382,3792
5383,3810
5384,3632
5385,3664
5386,3653
5387,3555
5388,3450
5389,3216
5390,3348
5391,3413
5392,3706
5393,4058
5394,4118
5395,4013
5396,3890
5397,3710
5398,3532
5399,3427
5400,3455
5401,3313
5402,3345
5403,3519
5404,3656
5405,3742
5406,3707
5407,3594
5408,3453
5409,3482
5410,3519
5411,3362
5412,3339
5413,3170
5414,3133
5415,3124
5416,3265
5417,3597
5418,3726
5419,3670
5420,3585
5421,3441
5422,3251
5423,3195
5424,3222
5425,3109
5426,3166
5427,3255
5428,3449
5429,3541
5430,3466
5431,3332
5432,3328
5433,3443
5434,3532
5435,3520
5436,3492
5437,3472
5438,3490
5439,3469
5440,3471
5441,3637
5442,3752
5443,3722
5444,3688
5445,3553
5446,3366
5447,3177
5448,3186
5449,3096
5450,3184
5451,3355
5452,3498
5453,3631
5454,3668
5455,3705
5456,3600
5457,3716
5458,3823
5459,3730
5460,3701
5461,3545
5462,3628
5463,3684
5464,3905
5465,4196
5466,4186
5467,4063
5468,3934
5469,3743
5470,3537
5471,3374
5472,3376
5473,3307
5474,3380
5475,3503
5476,3660
5477,3783
5478,3825
5479,3855
5480,3785
5481,3910
5482,3992
5483,3906
5484,3856
5485,3647
5486,3905
5487,3967
5488,4040
5489,4248
5490,4213
5491,4122
5492,4000
5493,3824
5494,3592
5495,3457
5496,3451
5497,3357
5498,3427
5499,3577
5500,3737
5501,3893
5502,3906
5503,3916
5504,3894
5505,3914
5506,3964
5507,3993
5508,4039
5509,3895
5510,3937
5511,3973
5512,4107
5513,4381
5514,4378
5515,4304
5516,4154
5517,3959
5518,3755
5519,3560
5520,3520
5521,3406
5522,3465
5523,3580
5524,3753
5525,3880
5526,3917
5527,3945
5528,3938
5529,4046
5530,4101
5531,3973
5532,4106
5533,3868
5534,3939
5535,4044
5536,4168
5537,4423
5538,4396
5539,4258
5540,4130
5541,3960
5542,3740
5543,3606
5544,3581
5545,3480
5546,3524
5547,3672
5548,3849
5549,3985
5550,4015
5551,4059
5552,3969
5553,3935
5554,3935
5555,4003
5556,3952
5557,3868
5558,3894
5559,3959
5560,4080
5561,4314
5562,4256
5563,4106
5564,4023
5565,3818
5566,3605
5567,3491
5568,3504
5569,3364
5570,3407
5571,3558
5572,3741
5573,3836
5574,3805
5575,3711
5576,3746
5577,3828
5578,3878
5579,3807
5580,3706
5581,3568
5582,3608
5583,3638
5584,3670
5585,3890
5586,3929
5587,3855
5588,3772
5589,3616
5590,3473
5591,3405
5592,3453
5593,3359
5594,3439
5595,3552
5596,3706
5597,3792
5598,3711
5599,3591
5600,3481
5601,3463
5602,3371
5603,3342
5604,3323
5605,3297
5606,3338
5607,3351
5608,3475
5609,3748
5610,3852
5611,3819
5612,3752
5613,3610
5614,3408
5615,3217
5616,3216
5617,3136
5618,3217
5619,3346
5620,3512
5621,3629
5622,3668
5623,3680
5624,3826
5625,4003
5626,4129
5627,4130
5628,4051
5629,3814
5630,3972
5631,3961
5632,3952
5633,4165
5634,4118
5635,3985
5636,3848
5637,3623
5638,3452
5639,3360
5640,3376
5641,3261
5642,3332
5643,3468
5644,3632
5645,3770
5646,3764
5647,3808
5648,3779
5649,3762
5650,3862
5651,3852
5652,3875
5653,3746
5654,3883
5655,3980
5656,4110
5657,4359
5658,4285
5659,4154
5660,4033
5661,3829
5662,3640
5663,3519
5664,3523
5665,3416
5666,3515
5667,3626
5668,3776
5669,3891
5670,3880
5671,3782
5672,3569
5673,3550
5674,3560
5675,3461
5676,3362
5677,3320
5678,3421
5679,3515
5680,3660
5681,3993
5682,4071
5683,4040
5684,3964
5685,3809
5686,3647
5687,3480
5688,3543
5689,3456
5690,3485
5691,3648
5692,3768
5693,3863
5694,3886
5695,3897
5696,4058
5697,4294
5698,4266
5699,4052
5700,3956
5701,3754
5702,3899
5703,3949
5704,4049
5705,4288
5706,4224
5707,4121
5708,3985
5709,3789
5710,3583
5711,3530
5712,3503
5713,3407
5714,3479
5715,3617
5716,3805
5717,3918
5718,3932
5719,3942
5720,3910
5721,3897
5722,3888
5723,3766
5724,3713
5725,3470
5726,3640
5727,3781
5728,3959
5729,4221
5730,4157
5731,4028
5732,3920
5733,3718
5734,3503
5735,3403
5736,3439
5737,3370
5738,3421
5739,3529
5740,3686
5741,3774
5742,3731
5743,3594
5744,3523
5745,3486
5746,3492
5747,3602
5748,3643
5749,3505
5750,3426
5751,3470
5752,3490
5753,3732
5754,3796
5755,3736
5756,3668
5757,3531
5758,3392
5759,3339
5760,3409
5761,3293
5762,3340
5763,3443
5764,3620
5765,3718
5766,3674
5767,3548
5768,3433
5769,3420
5770,3411
5771,3448
5772,3411
5773,3376
5774,3256
5775,3383
5776,3567
5777,3816
5778,3929
5779,3912
5780,3833
5781,3699
5782,3511
5783,3313
5784,3323
5785,3229
5786,3309
5787,3470
5788,3632
5789,3752
5790,3796
5791,3881
5792,3998
5793,4142
5794,4183
5795,4167
5796,4112
5797,3859
5798,4061
5799,4109
5800,4205
5801,4393
5802,4326
5803,4193
5804,4046
5805,3830
5806,3636
5807,3437
5808,3406
5809,3295
5810,3369
5811,3483
5812,3644
5813,3757
5814,3739
5815,3762
5816,3863
5817,4188
5818,4265
5819,4242
5820,4251
5821,4048
5822,4191
5823,4145
5824,4124
5825,4241
5826,4152
5827,4030
5828,3917
5829,3710
5830,3491
5831,3291
5832,3286
5833,3195
5834,3277
5835,3427
5836,3594
5837,3731
5838,3756
5839,3851
5840,4029
5841,4507
5842,4742
5843,4625
5844,4537
5845,4301
5846,4299
5847,4261
5848,4397
5849,4633
5850,4633
5851,4530
5852,4379
5853,4230
5854,4043
5855,3828
5856,3877
5857,3777
5858,3842
5859,3977
5860,4147
5861,4282
5862,4305
5863,4388
5864,4392
5865,4609
5866,4757
5867,4671
5868,4550
5869,4366
5870,4473
5871,4583
5872,4770
5873,4959
5874,4934
5875,4830
5876,4664
5877,4498
5878,4345
5879,4088
5880,4114
5881,4023
5882,4123
5883,4257
5884,4434
5885,4607
5886,4582
5887,4621
5888,4503
5889,4615
5890,4655
5891,4595
5892,4507
5893,4257
5894,4279
5895,4396
5896,4652
5897,4871
5898,4871
5899,4761
5900,4624
5901,4420
5902,4221
5903,3987
5904,4020
5905,3934
5906,4034
5907,4179
5908,4329
5909,4335
5910,4289
5911,4182
5912,4080
5913,4281
5914,4314
5915,4209
5916,4209
5917,4216
5918,4426
5919,4419
5920,4358
5921,4404
5922,4462
5923,4410
5924,4295
5925,4123
5926,4024
5927,3838
5928,3892
5929,3940
5930,4088
5931,4172
5932,4297
5933,4334
5934,4233
5935,4067
5936,4010
5937,4116
5938,4128
5939,4094
5940,3998
5941,3929
5942,3894
5943,3983
5944,4165
5945,4362
5946,4518
5947,4539
5948,4487
5949,4391
5950,4246
5951,4029
5952,4089
5953,4018
5954,4145
5955,4345
5956,4508
5957,4654
5958,4648
5959,4724
5960,4735
5961,4930
5962,4982
5963,4894
5964,4783
5965,4518
5966,4639
5967,4700
5968,4890
5969,5029
5970,4985
5971,4879
5972,4743
5973,4581
5974,4403
5975,4121
5976,4213
5977,4171
5978,4299
5979,4481
5980,4519
5981,4581
5982,4574
5983,4628
5984,4585
5985,4720
5986,4756
5987,4596
5988,4466
5989,4232
5990,4360
5991,4452
5992,4627
5993,4823
5994,4757
5995,4684
5996,4544
5997,4383
5998,4154
5999,3923
6000,3957
6001,3920
6002,4052
6003,4249
6004,4387
6005,4459
6006,4479
6007,4586
6008,4534
6009,4776
6010,4661
6011,4502
6012,4438
6013,4278
6014,4530
6015,4658
6016,4856
6017,4944
6018,4849
6019,4716
6020,4593
6021,4452
6022,4241
6023,4004
6024,4064
6025,3950
6026,4040
6027,4190
6028,4336
6029,4496
6030,4460
6031,4543
6032,4596
6033,4842
6034,4814
6035,4608
6036,4568
6037,4423
6038,4695
6039,4812
6040,4943
6041,5077
6042,5001
6043,4934
6044,4781
6045,4622
6046,4414
6047,4090
6048,4115
6049,4014
6050,4141
6051,4318
6052,4474
6053,4571
6054,4561
6055,4630
6056,4612
6057,4730
6058,4677
6059,4536
6060,4476
6061,4271
6062,4521
6063,4685
6064,4824
6065,4957
6066,4897
6067,4773
6068,4606
6069,4430
6070,4240
6071,4007
6072,4000
6073,3918
6074,4035
6075,4193
6076,4321
6077,4395
6078,4346
6079,4299
6080,4155
6081,4120
6082,4038
6083,3956
6084,3934
6085,3842
6086,3854
6087,3981
6088,4215
6089,4412
6090,4502
6091,4454
6092,4355
6093,4237
6094,4079
6095,3873
6096,3986
6097,3938
6098,4033
6099,4152
6100,4298
6101,4355
6102,4289
6103,4177
6104,4038
6105,3989
6106,3889
6107,3881
6108,3868
6109,3890
6110,3836
6111,3815
6112,4022
6113,4269
6114,4517
6115,4559
6116,4476
6117,4387
6118,4297
6119,4083
6120,4149
6121,4079
6122,4215
6123,4364
6124,4481
6125,4577
6126,4615
6127,4706
6128,4706
6129,4799
6130,4723
6131,4511
6132,4304
6133,4026
6134,4190
6135,4394
6136,4720
6137,4929
6138,4871
6139,4754
6140,4604
6141,4425
6142,4208
6143,3954
6144,4032
6145,3963
6146,4082
6147,4225
6148,4374
6149,4443
6150,4413
6151,4438
6152,4445
6153,4789
6154,4886
6155,4894
6156,4864
6157,4543
6158,4547
6159,4482
6160,4540
6161,4719
6162,4665
6163,4528
6164,4402
6165,4249
6166,4060
6167,3871
6168,3993
6169,3958
6170,4117
6171,4234
6172,4349
6173,4424
6174,4399
6175,4479
6176,4498
6177,4873
6178,5177
6179,5132
6180,5141
6181,5050
6182,5164
6183,5162
6184,5257
6185,5272
6186,5171
6187,5110
6188,4902
6189,4759
6190,4660
6191,4407
6192,4475
6193,4387
6194,4495
6195,4653
6196,4738
6197,4818
6198,4856
6199,4929
6200,4836
6201,5051
6202,5091
6203,5006
6204,4973
6205,4739
6206,4840
6207,4984
6208,5161
6209,5241
6210,5178
6211,5098
6212,4933
6213,4827
6214,4732
6215,4482
6216,4490
6217,4435
6218,4518
6219,4648
6220,4766
6221,4862
6222,4867
6223,4974
6224,4955
6225,5089
6226,5156
6227,5008
6228,4909
6229,4643
6230,4764
6231,4882
6232,5089
6233,5231
6234,5179
6235,5079
6236,4925
6237,4779
6238,4640
6239,4408
6240,4437
6241,4339
6242,4407
6243,4598
6244,4708
6245,4727
6246,4679
6247,4616
6248,4474
6249,4517
6250,4456
6251,4374
6252,4324
6253,4186
6254,4256
6255,4316
6256,4495
6257,4669
6258,4715
6259,4708
6260,4637
6261,4578
6262,4577
6263,4399
6264,4511
6265,4497
6266,4593
6267,4701
6268,4835
6269,4829
6270,4752
6271,4622
6272,4434
6273,4449
6274,4376
6275,4270
6276,4086
6277,3946
6278,3968
6279,4145
6280,4448
6281,4601
6282,4774
6283,4816
6284,4745
6285,4717
6286,4622
6287,4443
6288,4564
6289,4508
6290,4662
6291,4823
6292,4906
6293,4981
6294,5032
6295,5116
6296,5066
6297,5225
6298,5259
6299,5122
6300,5019
6301,4805
6302,4894
6303,4983
6304,5133
6305,5263
6306,5243
6307,5171
6308,5008
6309,4901
6310,4741
6311,4490
6312,4581
6313,4482
6314,4607
6315,4768
6316,4888
6317,4968
6318,4945
6319,5068
6320,5054
6321,5179
6322,5121
6323,4967
6324,4830
6325,4614
6326,4734
6327,4854
6328,5040
6329,5175
6330,5185
6331,5095
6332,4953
6333,4807
6334,4641
6335,4366
6336,4371
6337,4297
6338,4394
6339,4542
6340,4696
6341,4771
6342,4759
6343,4850
6344,4804
6345,4995
6346,5001
6347,4827
6348,4695
6349,4524
6350,4659
6351,4665
6352,4880
6353,5085
6354,5073
6355,4968
6356,4814
6357,4688
6358,4498
6359,4219
6360,4292
6361,4218
6362,4359
6363,4524
6364,4678
6365,4756
6366,4800
6367,4887
6368,4889
6369,5152
6370,5186
6371,5204
6372,5161
6373,4970
6374,5121
6375,5055
6376,5028
6377,5146
6378,5097
6379,5011
6380,4813
6381,4628
6382,4425
6383,4263
6384,4378
6385,4314
6386,4476
6387,4663
6388,4774
6389,4841
6390,4766
6391,4839
6392,4729
6393,4944
6394,5149
6395,5080
6396,5027
6397,4874
6398,4939
6399,5031
6400,5032
6401,5019
6402,4905
6403,4779
6404,4624
6405,4512
6406,4406
6407,4085
6408,4117
6409,4076
6410,4093
6411,4201
6412,4310
6413,4329
6414,4245
6415,4159
6416,4039
6417,4265
6418,4255
6419,4223
6420,4193
6421,4110
6422,4170
6423,4157
6424,4278
6425,4485
6426,4538
6427,4528
6428,4393
6429,4321
6430,4266
6431,4054
6432,4114
6433,4073
6434,4192
6435,4337
6436,4472
6437,4516
6438,4419
6439,4277
6440,3988
6441,4011
6442,3886
6443,3644
6444,3593
6445,3579
6446,3593
6447,3777
6448,3971
6449,4184
6450,4343
6451,4392
6452,4302
6453,4192
6454,4060
6455,3845
6456,3908
6457,3863
6458,3984
6459,4177
6460,4307
6461,4389
6462,4374
6463,4425
6464,4387
6465,4623
6466,4570
6467,4342
6468,4251
6469,4036
6470,4191
6471,4264
6472,4459
6473,4698
6474,4685
6475,4596
6476,4487
6477,4330
6478,4148
6479,3921
6480,3984
6481,3901
6482,4016
6483,4196
6484,4359
6485,4429
6486,4408
6487,4483
6488,4424
6489,4600
6490,4485
6491,4270
6492,4063
6493,3855
6494,3940
6495,4097
6496,4372
6497,4614
6498,4622
6499,4565
6500,4479
6501,4347
6502,4199
6503,3954
6504,4057
6505,3974
6506,4071
6507,4201
6508,4315
6509,4427
6510,4422
6511,4453
6512,4377
6513,4476
6514,4311
6515,4128
6516,4074
6517,3996
6518,4126
6519,4253
6520,4370
6521,4542
6522,4660
6523,4632
6524,4505
6525,4331
6526,4227
6527,4008
6528,4120
6529,4034
6530,4136
6531,4293
6532,4453
6533,4561
6534,4584
6535,4539
6536,4360
6537,4334
6538,4193
6539,4079
6540,4037
6541,3995
6542,3926
6543,4081
6544,4317
6545,4503
6546,4663
6547,4673
6548,4576
6549,4491
6550,4413
6551,4238
6552,4324
6553,4261
6554,4327
6555,4396
6556,4492
6557,4538
6558,4469
6559,4371
6560,4171
6561,4141
6562,3976
6563,3838
6564,3768
6565,3723
6566,3708
6567,3832
6568,4054
6569,4215
6570,4403
6571,4405
6572,4319
6573,4216
6574,4161
6575,4008
6576,4106
6577,4040
6578,4163
6579,4284
6580,4373
6581,4411
6582,4320
6583,4171
6584,3929
6585,3906
6586,3760
6587,3583
6588,3452
6589,3345
6590,3342
6591,3470
6592,3689
6593,3924
6594,4008
6595,3956
6596,3851
6597,3808
6598,3782
6599,3730
6600,3977
6601,3954
6602,4054
6603,4177
6604,4323
6605,4341
6606,4236
6607,4049
6608,3772
6609,3742
6610,3534
6611,3498
6612,3432
6613,3465
6614,3393
6615,3559
6616,3719
6617,3851
6618,4042
6619,4084
6620,4076
6621,4095
6622,4204
6623,4089
6624,4190
6625,4172
6626,4269
6627,4449
6628,4505
6629,4547
6630,4482
6631,4374
6632,4179
6633,4165
6634,4047
6635,3862
6636,3737
6637,3693
6638,3670
6639,3832
6640,4081
6641,4167
6642,4350
6643,4395
6644,4330
6645,4326
6646,4300
6647,4179
6648,4342
6649,4340
6650,4434
6651,4563
6652,4656
6653,4707
6654,4623
6655,4503
6656,4364
6657,4330
6658,4189
6659,4021
6660,3973
6661,3896
6662,3889
6663,3993
6664,4169
6665,4352
6666,4548
6667,4555
6668,4500
6669,4469
6670,4430
6671,4263
6672,4392
6673,4339
6674,4471
6675,4642
6676,4767
6677,4819
6678,4748
6679,4694
6680,4548
6681,4626
6682,4602
6683,4492
6684,4347
6685,4211
6686,4186
6687,4276
6688,4573
6689,4674
6690,4888
6691,4880
6692,4750
6693,4686
6694,4575
6695,4335
6696,4462
6697,4392
6698,4520
6699,4676
6700,4787
6701,4810
6702,4765
6703,4766
6704,4684
6705,4750
6706,4729
6707,4669
6708,4618
6709,4550
6710,4537
6711,4582
6712,4712
6713,4826
6714,4895
6715,4834
6716,4687
6717,4600
6718,4468
6719,4300
6720,4435
6721,4385
6722,4477
6723,4592
6724,4658
6725,4684
6726,4667
6727,4704
6728,4604
6729,4721
6730,4643
6731,4442
6732,4491
6733,4301
6734,4311
6735,4411
6736,4591
6737,4799
6738,4823
6739,4725
6740,4583
6741,4455
6742,4303
6743,4120
6744,4225
6745,4185
6746,4321
6747,4482
6748,4623
6749,4655
6750,4594
6751,4566
6752,4451
6753,4606
6754,4535
6755,4293
6756,4090
6757,3848
6758,3864
6759,4013
6760,4317
6761,4497
6762,4628
6763,4612
6764,4507
6765,4387
6766,4308
6767,4160
6768,4316
6769,4304
6770,4467
6771,4594
6772,4755
6773,4805
6774,4668
6775,4604
6776,4356
6777,4284
6778,4154
6779,3934
6780,3767
6781,3638
6782,3625
6783,3696
6784,3997
6785,4271
6786,4492
6787,4519
6788,4456
6789,4399
6790,4323
6791,4120
6792,4235
6793,4171
6794,4304
6795,4462
6796,4593
6797,4689
6798,4595
6799,4523
6800,4328
6801,4417
6802,4363
6803,4152
6804,3940
6805,3842
6806,4005
6807,4206
6808,4383
6809,4499
6810,4704
6811,4756
6812,4638
6813,4589
6814,4554
6815,4348
6816,4411
6817,4350
6818,4531
6819,4712
6820,4840
6821,4896
6822,4874
6823,4953
6824,4859
6825,5106
6826,5200
6827,5099
6828,5008
6829,4758
6830,4827
6831,4939
6832,5099
6833,5173
6834,5186
6835,5120
6836,4937
6837,4826
6838,4717
6839,4419
6840,4459
6841,4365
6842,4519
6843,4679
6844,4789
6845,4816
6846,4814
6847,4919
6848,4866
6849,5143
6850,5157
6851,4974
6852,4794
6853,4489
6854,4549
6855,4503
6856,4645
6857,4841
6858,4893
6859,4809
6860,4670
6861,4481
6862,4335
6863,4098
6864,4194
6865,4085
6866,4217
6867,4358
6868,4495
6869,4558
6870,4519
6871,4568
6872,4557
6873,4719
6874,4553
6875,4382
6876,4266
6877,3988
6878,4046
6879,4052
6880,4297
6881,4593
6882,4722
6883,4686
6884,4557
6885,4419
6886,4293
6887,4081
6888,4123
6889,4054
6890,4198
6891,4387
6892,4511
6893,4581
6894,4558
6895,4587
6896,4501
6897,4670
6898,4642
6899,4621
6900,4661
6901,4462
6902,4611
6903,4550
6904,4502
6905,4646
6906,4612
6907,4481
6908,4356
6909,4189
6910,4014
6911,3791
6912,3863
6913,3818
6914,3960
6915,4082
6916,4170
6917,4226
6918,4144
6919,4055
6920,4043
6921,4453
6922,4611
6923,4530
6924,4454
6925,4328
6926,4315
6927,4272
6928,4286
6929,4370
6930,4468
6931,4465
6932,4366
6933,4289
6934,4161
6935,3997
6936,4135
6937,4109
6938,4260
6939,4423
6940,4517
6941,4573
6942,4491
6943,4364
6944,4174
6945,4289
6946,4326
6947,4214
6948,4168
6949,4102
6950,4015
6951,3982
6952,4186
6953,4359
6954,4589
6955,4599
6956,4549
6957,4502
6958,4441
6959,4340
6960,4570
6961,4515
6962,4661
6963,4802
6964,4955
6965,5001
6966,5006
6967,5076
6968,5019
6969,5326
6970,5486
6971,5343
6972,5101
6973,4767
6974,4833
6975,4906
6976,5106
6977,5146
6978,5217
6979,5185
6980,5001
6981,4903
6982,4807
6983,4593
6984,4685
6985,4646
6986,4826
6987,4945
6988,5076
6989,5134
6990,5116
6991,5180
6992,5124
6993,5309
6994,5359
6995,5245
6996,5073
6997,4774
6998,4860
6999,4867
7000,5009
7001,5066
7002,5138
7003,5082
7004,4951
7005,4799
7006,4684
7007,4441
7008,4516
7009,4450
7010,4626
7011,4796
7012,4975
7013,5012
7014,4971
7015,5043
7016,5048
7017,5375
7018,5336
7019,5108
7020,4929
7021,4788
7022,4873
7023,4860
7024,5098
7025,5210
7026,5246
7027,5165
7028,5008
7029,4875
7030,4745
7031,4508
7032,4585
7033,4544
7034,4722
7035,4946
7036,5090
7037,5148
7038,5136
7039,5196
7040,5105
7041,5203
7042,5067
7043,4964
7044,4873
7045,4574
7046,4675
7047,4734
7048,4904
7049,5078
7050,5170
7051,5098
7052,4927
7053,4772
7054,4661
7055,4474
7056,4586
7057,4490
7058,4640
7059,4831
7060,4943
7061,5034
7062,5047
7063,5031
7064,4926
7065,5011
7066,4896
7067,4518
7068,4132
7069,3826
7070,4060
7071,4301
7072,4671
7073,4864
7074,4935
7075,4825
7076,4725
7077,4692
7078,4683
7079,4491
7080,4511
7081,4474
7082,4630
7083,4721
7084,4850
7085,4865
7086,4801
7087,4709
7088,4611
7089,4833
7090,4905
7091,4788
7092,4616
7093,4442
7094,4357
7095,4423
7096,4628
7097,4675
7098,4874
7099,4856
7100,4752
7101,4646
7102,4549
7103,4385
7104,4514
7105,4532
7106,4698
7107,4862
7108,4960
7109,5047
7110,4965
7111,4808
7112,4607
7113,4558
7114,4499
7115,4445
7116,4357
7117,4236
7118,4180
7119,4157
7120,4358
7121,4433
7122,4709
7123,4751
7124,4699
7125,4646
7126,4618
7127,4455
7128,4554
7129,4440
7130,4586
7131,4756
7132,4902
7133,4995
7134,4976
7135,5104
7136,5028
7137,5179
7138,5238
7139,5067
7140,4986
7141,4844
7142,5001
7143,5043
7144,5104
7145,5212
7146,5318
7147,5234
7148,5045
7149,4998
7150,4910
7151,4715
7152,4780
7153,4719
7154,4830
7155,4935
7156,5038
7157,5094
7158,5084
7159,5206
7160,5190
7161,5439
7162,5545
7163,5399
7164,5269
7165,5091
7166,5237
7167,5281
7168,5362
7169,5355
7170,5498
7171,5455
7172,5287
7173,5209
7174,5130
7175,4857
7176,4983
7177,4954
7178,5085
7179,5302
7180,5456
7181,5512
7182,5531
7183,5579
7184,5555
7185,5903
7186,6080
7187,6080
7188,6002
7189,5732
7190,5801
7191,5786
7192,5755
7193,5570
7194,5664
7195,5585
7196,5399
7197,5323
7198,5229
7199,5026
7200,5083
7201,5060
7202,5245
7203,5403
7204,5531
7205,5537
7206,5508
7207,5495
7208,5391
7209,5687
7210,5680
7211,5487
7212,5418
7213,5155
7214,5148
7215,5155
7216,5249
7217,5320
7218,5426
7219,5360
7220,5181
7221,5067
7222,4917
7223,4629
7224,4731
7225,4748
7226,4939
7227,5120
7228,5239
7229,5334
7230,5298
7231,5302
7232,5215
7233,5428
7234,5445
7235,5299
7236,5106
7237,4783
7238,4848
7239,4770
7240,4932
7241,5098
7242,5247
7243,5196
7244,5059
7245,4940
7246,4825
7247,4608
7248,4712
7249,4698
7250,4845
7251,4995
7252,5123
7253,5171
7254,5043
7255,4956
7256,4667
7257,4708
7258,4645
7259,4549
7260,4420
7261,4298
7262,4245
7263,4272
7264,4454
7265,4589
7266,4861
7267,4858
7268,4811
7269,4804
7270,4731
7271,4539
7272,4699
7273,4701
7274,4842
7275,5016
7276,5125
7277,5163
7278,5050
7279,4895
7280,4612
7281,4527
7282,4512
7283,4347
7284,4178
7285,4006
7286,3914
7287,3874
7288,4090
7289,4373
7290,4757
7291,4842
7292,4786
7293,4763
7294,4702
7295,4532
7296,4652
7297,4653
7298,4840
7299,5032
7300,5138
7301,5211
7302,5212
7303,5328
7304,5267
7305,5308
7306,5255
7307,5046
7308,4893
7309,4609
7310,4678
7311,4761
7312,4956
7313,5068
7314,5186
7315,5152
7316,4995
7317,4889
7318,4753
7319,4526
7320,4597
7321,4574
7322,4739
7323,4897
7324,5059
7325,5127
7326,5113
7327,5171
7328,5111
7329,5114
7330,5028
7331,4877
7332,4818
7333,4594
7334,4646
7335,4689
7336,4886
7337,4996
7338,5138
7339,5069
7340,4918
7341,4790
7342,4652
7343,4437
7344,4504
7345,4491
7346,4678
7347,4839
7348,4993
7349,5051
7350,5047
7351,5123
7352,5101
7353,5208
7354,5118
7355,4976
7356,4968
7357,4841
7358,5116
7359,5299
7360,5382
7361,5205
7362,5236
7363,5164
7364,5000
7365,4898
7366,4841
7367,4566
7368,4623
7369,4611
7370,4771
7371,4952
7372,5111
7373,5162
7374,5114
7375,5117
7376,5035
7377,5227
7378,5240
7379,4982
7380,4867
7381,4727
7382,4871
7383,4966
7384,5110
7385,5172
7386,5313
7387,5286
7388,5114
7389,5016
7390,4939
7391,4696
7392,4757
7393,4718
7394,4866
7395,4975
7396,5087
7397,5152
7398,5162
7399,5184
7400,5157
7401,5334
7402,5314
7403,5185
7404,5094
7405,4819
7406,4912
7407,4896
7408,4980
7409,5019
7410,5115
7411,5018
7412,4872
7413,4747
7414,4636
7415,4361
7416,4456
7417,4443
7418,4584
7419,4751
7420,4858
7421,4907
7422,4821
7423,4711
7424,4594
7425,4628
7426,4554
7427,4471
7428,4388
7429,4293
7430,4388
7431,4363
7432,4455
7433,4452
7434,4731
7435,4736
7436,4662
7437,4568
7438,4474
7439,4290
7440,4423
7441,4445
7442,4586
7443,4731
7444,4844
7445,4871
7446,4786
7447,4637
7448,4377
7449,4235
7450,4125
7451,4058
7452,4032
7453,3941
7454,3839
7455,3836
7456,4006
7457,4161
7458,4543
7459,4607
7460,4585
7461,4527
7462,4465
7463,4302
7464,4417
7465,4366
7466,4490
7467,4662
7468,4784
7469,4833
7470,4887
7471,4859
7472,4796
7473,4881
7474,4690
7475,4458
7476,4347
7477,4117
7478,4348
7479,4437
7480,4565
7481,4712
7482,4867
7483,4815
7484,4680
7485,4524
7486,4367
7487,4122
7488,4229
7489,4183
7490,4318
7491,4449
7492,4616
7493,4699
7494,4725
7495,4789
7496,4797
7497,4872
7498,4761
7499,4618
7500,4562
7501,4330
7502,4349
7503,4410
7504,4559
7505,4714
7506,4940
7507,4924
7508,4769
7509,4622
7510,4522
7511,4287
7512,4390
7513,4362
7514,4536
7515,4700
7516,4829
7517,4910
7518,4911
7519,4983
7520,4954
7521,5068
7522,5048
7523,4852
7524,4768
7525,4492
7526,4627
7527,4625
7528,4720
7529,4798
7530,4995
7531,4925
7532,4804
7533,4696
7534,4605
7535,4356
7536,4453
7537,4442
7538,4645
7539,4862
7540,4975
7541,5077
7542,5081
7543,5162
7544,5129
7545,5327
7546,5351
7547,5326
7548,5308
7549,5056
7550,5161
7551,5177
7552,5253
7553,5155
7554,5328
7555,5321
7556,5130
7557,5017
7558,4878
7559,4599
7560,4669
7561,4663
7562,4846
7563,4997
7564,5095
7565,5161
7566,5111
7567,5126
7568,5099
7569,5372
7570,5495
7571,5437
7572,5441
7573,5224
7574,5219
7575,5093
7576,5046
7577,4968
7578,5092
7579,5024
7580,4863
7581,4750
7582,4583
7583,4310
7584,4418
7585,4462
7586,4584
7587,4751
7588,4871
7589,4905
7590,4759
7591,4600
7592,4562
7593,4757
7594,4648
7595,4453
7596,4285
7597,4154
7598,4089
7599,4014
7600,4084
7601,4161
7602,4473
7603,4529
7604,4413
7605,4254
7606,4167
7607,4021
7608,4195
7609,4090
7610,4239
7611,4389
7612,4502
7613,4571
7614,4488
7615,4441
7616,4314
7617,4389
7618,4388
7619,4231
7620,4022
7621,3815
7622,3592
7623,3633
7624,3817
7625,3961
7626,4303
7627,4350
7628,4296
7629,4264
7630,4217
7631,4040
7632,4164
7633,4129
7634,4309
7635,4456
7636,4595
7637,4693
7638,4711
7639,4714
7640,4693
7641,4923
7642,4781
7643,4561
7644,4411
7645,4304
7646,4444
7647,4522
7648,4606
7649,4647
7650,4821
7651,4797
7652,4701
7653,4600
7654,4482
7655,4268
7656,4295
7657,4282
7658,4429
7659,4607
7660,4727
7661,4808
7662,4799
7663,4878
7664,4774
7665,4827
7666,4750
7667,4504
7668,4399
7669,4266
7670,4466
7671,4623
7672,4839
7673,4833
7674,4979
7675,4993
7676,4842
7677,4739
7678,4637
7679,4418
7680,4496
7681,4468
7682,4646
7683,4804
7684,4965
7685,5038
7686,5066
7687,5118
7688,5095
7689,5235
7690,5238
7691,5045
7692,4911
7693,4703
7694,4776
7695,4790
7696,4823
7697,4857
7698,5078
7699,5110
7700,4985
7701,4928
7702,4834
7703,4569
7704,4642
7705,4622
7706,4803
7707,4964
7708,5105
7709,5098
7710,5066
7711,5061
7712,4985
7713,5127
7714,5097
7715,4933
7716,4753
7717,4474
7718,4555
7719,4519
7720,4589
7721,4708
7722,4961
7723,4927
7724,4748
7725,4625
7726,4461
7727,4178
7728,4260
7729,4210
7730,4368
7731,4533
7732,4690
7733,4729
7734,4736
7735,4753
7736,4766
7737,4935
7738,4922
7739,4840
7740,4730
7741,4459
7742,4498
7743,4432
7744,4461
7745,4518
7746,4705
7747,4708
7748,4548
7749,4370
7750,4208
7751,4027
7752,4102
7753,4088
7754,4201
7755,4310
7756,4433
7757,4512
7758,4433
7759,4321
7760,4136
7761,4099
7762,4039
7763,3981
7764,3984
7765,3857
7766,3826
7767,3769
7768,3741
7769,3820
7770,4126
7771,4220
7772,4131
7773,4006
7774,3910
7775,3750
7776,3896
7777,3924
7778,4142
7779,4224
7780,4311
7781,4356
7782,4273
7783,4089
7784,3975
7785,4073
7786,4170
7787,4155
7788,4068
7789,3875
7790,3796
7791,3724
7792,3807
7793,3871
7794,4235
7795,4362
7796,4315
7797,4280
7798,4277
7799,4154
7800,4257
7801,4252
7802,4389
7803,4481
7804,4607
7805,4679
7806,4672
7807,4655
7808,4726
7809,4905
7810,4960
7811,4779
7812,4706
7813,4401
7814,4362
7815,4420
7816,4632
7817,4676
7818,4876
7819,4847
7820,4683
7821,4576
7822,4512
7823,4298
7824,4370
7825,4300
7826,4453
7827,4577
7828,4727
7829,4818
7830,4849
7831,4912
7832,4865
7833,5047
7834,5128
7835,4956
7836,4808
7837,4498
7838,4536
7839,4493
7840,4489
7841,4601
7842,4867
7843,4971
7844,4813
7845,4733
7846,4663
7847,4464
7848,4551
7849,4484
7850,4593
7851,4725
7852,4854
7853,4945
7854,5035
7855,5019
7856,4904
7857,5054
7858,5026
7859,4895
7860,4725
7861,4399
7862,4437
7863,4395
7864,4424
7865,4507
7866,4733
7867,4718
7868,4584
7869,4454
7870,4346
7871,4151
7872,4300
7873,4261
7874,4372
7875,4514
7876,4605
7877,4606
7878,4575
7879,4433
7880,4242
7881,4357
7882,4454
7883,4404
7884,4327
7885,4154
7886,4190
7887,4192
7888,4243
7889,4194
7890,4457
7891,4535
7892,4429
7893,4319
7894,4179
7895,3961
7896,4040
7897,4014
7898,4172
7899,4365
7900,4527
7901,4629
7902,4626
7903,4663
7904,4569
7905,4718
7906,4676
7907,4597
7908,4456
7909,4264
7910,4421
7911,4486
7912,4420
7913,4409
7914,4601
7915,4604
7916,4473
7917,4354
7918,4198
7919,3966
7920,4037
7921,3987
7922,4169
7923,4381
7924,4493
7925,4539
7926,4448
7927,4412
7928,4265
7929,4419
7930,4293
7931,4120
7932,4020
7933,3811
7934,3836
7935,3934
7936,4060
7937,4048
7938,4357
7939,4484
7940,4347
7941,4229
7942,4136
7943,4018
7944,4128
7945,4102
7946,4297
7947,4439
7948,4519
7949,4591
7950,4567
7951,4481
7952,4293
7953,4272
7954,4237
7955,4236
7956,4214
7957,4051
7958,3993
7959,4044
7960,4178
7961,4133
7962,4486
7963,4627
7964,4510
7965,4460
7966,4405
7967,4195
7968,4319
7969,4263
7970,4392
7971,4521
7972,4673
7973,4740
7974,4786
7975,4841
7976,4743
7977,4875
7978,4934
7979,4690
7980,4428
7981,4165
7982,4217
7983,4144
7984,4080
7985,4164
7986,4413
7987,4455
7988,4329
7989,4186
7990,4023
7991,3809
7992,3887
7993,3850
7994,3990
7995,4115
7996,4252
7997,4340
7998,4332
7999,4330
8000,4118
8001,4268
8002,4308
8003,4286
8004,4192
8005,3946
8006,3975
8007,3958
8008,3905
8009,4014
8010,4199
8011,4249
8012,4146
8013,3980
8014,3794
8015,3601
8016,3669
8017,3570
8018,3694
8019,3860
8020,3982
8021,4069
8022,4066
8023,4157
8024,4148
8025,4260
8026,4379
8027,4346
8028,4277
8029,4039
8030,4048
8031,4070
8032,4092
8033,4168
8034,4297
8035,4311
8036,4193
8037,4035
8038,3864
8039,3666
8040,3766
8041,3760
8042,4013
8043,4136
8044,4202
8045,4240
8046,4280
8047,4282
8048,4215
8049,4277
8050,4218
8051,4044
8052,3916
8053,3706
8054,3818
8055,3911
8056,4039
8057,4204
8058,4389
8059,4446
8060,4368
8061,4267
8062,4132
8063,3921
8064,3971
8065,3905
8066,4050
8067,4182
8068,4348
8069,4436
8070,4455
8071,4526
8072,4412
8073,4462
8074,4547
8075,4593
8076,4345
8077,4051
8078,4142
8079,4114
8080,4156
8081,4232
8082,4409
8083,4465
8084,4358
8085,4290
8086,4172
8087,3979
8088,4005
8089,3904
8090,4006
8091,4123
8092,4251
8093,4314
8094,4294
8095,4238
8096,3995
8097,3956
8098,3983
8099,3839
8100,3914
8101,3824
8102,3816
8103,3764
8104,3746
8105,3844
8106,4164
8107,4329
8108,4242
8109,4123
8110,3990
8111,3846
8112,3944
8113,3946
8114,4078
8115,4206
8116,4284
8117,4330
8118,4263
8119,4033
8120,3687
8121,3585
8122,3547
8123,3505
8124,3451
8125,3332
8126,3197
8127,3114
8128,3139
8129,3372
8130,3777
8131,4008
8132,3974
8133,3875
8134,3723
8135,3569
8136,3644
8137,3642
8138,3801
8139,3933
8140,4044
8141,4156
8142,4184
8143,4189
8144,3987
8145,4108
8146,4210
8147,4143
8148,4038
8149,3761
8150,3795
8151,3773
8152,3752
8153,3914
8154,4106
8155,4173
8156,4079
8157,3943
8158,3753
8159,3585
8160,3620
8161,3542
8162,3667
8163,3791
8164,3896
8165,3975
8166,4005
8167,4014
8168,4074
8169,4120
8170,4245
8171,4065
8172,3989
8173,3786
8174,3833
8175,3780
8176,3696
8177,3768
8178,3963
8179,4079
8180,3999
8181,3840
8182,3674
8183,3489
8184,3592
8185,3573
8186,3671
8187,3814
8188,3929
8189,4019
8190,4029
8191,4014
8192,3944
8193,4121
8194,4332
8195,4373
8196,4242
8197,4021
8198,4152
8199,4053
8200,4034
8201,4086
8202,4167
8203,4178
8204,4089
8205,3928
8206,3762
8207,3607
8208,3698
8209,3670
8210,3800
8211,3937
8212,4077
8213,4191
8214,4185
8215,4163
8216,4001
8217,4079
8218,4172
8219,4155
8220,4060
8221,3864
8222,3970
8223,3996
8224,4008
8225,4143
8226,4269
8227,4284
8228,4148
8229,4019
8230,3868
8231,3734
8232,3797
8233,3668
8234,3771
8235,3905
8236,4014
8237,4135
8238,4120
8239,4172
8240,4216
8241,4421
8242,4623
8243,4550
8244,4410
8245,4165
8246,4266
8247,4272
8248,4226
8249,4196
8250,4273
8251,4335
8252,4219
8253,4046
8254,3939
8255,3783
8256,3898
8257,3754
8258,3865
8259,3940
8260,4049
8261,4075
8262,4023
8263,3816
8264,3598
8265,3583
8266,3605
8267,3535
8268,3435
8269,3270
8270,3195
8271,3141
8272,3216
8273,3409
8274,3722
8275,3891
8276,3856
8277,3708
8278,3596
8279,3502
8280,3551
8281,3500
8282,3679
8283,3789
8284,3941
8285,3976
8286,3882
8287,3722
8288,3502
8289,3464
8290,3510
8291,3485
8292,3495
8293,3435
8294,3378
8295,3288
8296,3361
8297,3386
8298,3679
8299,3836
8300,3789
8301,3676
8302,3580
8303,3424
8304,3460
8305,3365
8306,3437
8307,3571
8308,3647
8309,3748
8310,3761
8311,3830
8312,3843
8313,4068
8314,4296
8315,4330
8316,4293
8317,4112
8318,4252
8319,4209
8320,4123
8321,4140
8322,4149
8323,4169
8324,4057
8325,3876
8326,3695
8327,3590
8328,3636
8329,3597
8330,3722
8331,3861
8332,3976
8333,4059
8334,4023
8335,4007
8336,3901
8337,3949
8338,4042
8339,4040
8340,3966
8341,3756
8342,3846
8343,3734
8344,3691
8345,3791
8346,4004
8347,4147
8348,4054
8349,3902
8350,3722
8351,3563
8352,3613
8353,3627
8354,3754
8355,3845
8356,3970
8357,4065
8358,4064
8359,3971
8360,3870
8361,3916
8362,4008
8363,3958
8364,3918
8365,3693
8366,3724
8367,3636
8368,3676
8369,3786
8370,3928
8371,4084
8372,3986
8373,3824
8374,3648
8375,3469
8376,3517
8377,3467
8378,3597
8379,3708
8380,3812
8381,3894
8382,3901
8383,3935
8384,3936
8385,4076
8386,4272
8387,4265
8388,4284
8389,4141
8390,4352
8391,4318
8392,4238
8393,4126
8394,4153
8395,4278
8396,4135
8397,3972
8398,3828
8399,3690
8400,3710
8401,3644
8402,3714
8403,3867
8404,3997
8405,4122
8406,4075
8407,4037
8408,3880
8409,3902
8410,4174
8411,4226
8412,4178
8413,4000
8414,4021
8415,3980
8416,3898
8417,4039
8418,4140
8419,4265
8420,4133
8421,3951
8422,3779
8423,3689
8424,3717
8425,3676
8426,3773
8427,3843
8428,3965
8429,3995
8430,3914
8431,3743
8432,3593
8433,3597
8434,3780
8435,3911
8436,3842
8437,3552
8438,3507
8439,3369
8440,3343
8441,3411
8442,3662
8443,3906
8444,3834
8445,3726
8446,3574
8447,3481
8448,3581
8449,3473
8450,3607
8451,3716
8452,3835
8453,3895
8454,3840
8455,3589
8456,3380
8457,3293
8458,3399
8459,3395
8460,3328
8461,3224
8462,3050
8463,2918
8464,2889
8465,3055
8466,3390
8467,3643
8468,3628
8469,3539
8470,3401
8471,3265
8472,3358
8473,3304
8474,3436
8475,3565
8476,3660
8477,3793
8478,3802
8479,3721
8480,3657
8481,3720
8482,3839
8483,3826
8484,3778
8485,3561
8486,3552
8487,3396
8488,3307
8489,3444
8490,3616
8491,3776
8492,3704
8493,3536
8494,3349
8495,3234
8496,3283
8497,3202
8498,3348
8499,3477
8500,3542
8501,3649
8502,3607
8503,3451
8504,3361
8505,3376
8506,3472
8507,3502
8508,3492
8509,3325
8510,3222
8511,3117
8512,3028
8513,3136
8514,3385
8515,3648
8516,3600
8517,3477
8518,3318
8519,3147
8520,3178
8521,3142
8522,3262
8523,3414
8524,3541
8525,3626
8526,3628
8527,3617
8528,3604
8529,3765
8530,3890
8531,3898
8532,3866
8533,3626
8534,3630
8535,3516
8536,3398
8537,3477
8538,3601
8539,3769
8540,3693
8541,3494
8542,3340
8543,3166
8544,3194
8545,3105
8546,3189
8547,3320
8548,3419
8549,3505
8550,3503
8551,3615
8552,3612
8553,3826
8554,3933
8555,3876
8556,3873
8557,3683
8558,3821
8559,3815
8560,3765
8561,3762
8562,3783
8563,3839
8564,3709
8565,3542
8566,3374
8567,3218
8568,3246
8569,3141
8570,3206
8571,3315
8572,3450
8573,3535
8574,3526
8575,3637
8576,3569
8577,3789
8578,3930
8579,3939
8580,3974
8581,3829
8582,3849
8583,3792
8584,3727
8585,3746
8586,3819
8587,3945
8588,3861
8589,3708
8590,3560
8591,3461
8592,3464
8593,3385
8594,3472
8595,3558
8596,3637
8597,3713
8598,3643
8599,3507
8600,3499
8601,3630
8602,3632
8603,3584
8604,3539
8605,3421
8606,3360
8607,3197
8608,3110
8609,3204
8610,3464
8611,3685
8612,3645
8613,3535
8614,3371
8615,3264
8616,3276
8617,3224
8618,3308
8619,3428
8620,3547
8621,3575
8622,3513
8623,3405
8624,3298
8625,3411
8626,3592
8627,3602
8628,3551
8629,3508
8630,3437
8631,3373
8632,3387
8633,3450
8634,3649
8635,3832
8636,3797
8637,3659
8638,3532
8639,3346
8640,3393
8641,3380
8642,3435
8643,3537
8644,3615
8645,3716
8646,3718
8647,3723
8648,3617
8649,3657
8650,3629
8651,3495
8652,3605
8653,3439
8654,3495
8655,3516
8656,3514
8657,3605
8658,3777
8659,3964
8660,3881
8661,3705
8662,3511
8663,3341
8664,3405
8665,3333
8666,3397
8667,3537
8668,3643
8669,3760
8670,3717
8671,3638
8672,3677
8673,3798
8674,3940
8675,3948
8676,3912
8677,3669
8678,3671
8679,3534
8680,3352
8681,3408
8682,3589
8683,3773
8684,3730
8685,3569
8686,3411
8687,3249
8688,3289
8689,3199
8690,3298
8691,3432
8692,3557
8693,3658
8694,3633
8695,3543
8696,3645
8697,3842
8698,3973
8699,3955
8700,3914
8701,3687
8702,3714
8703,3567
8704,3470
8705,3482
8706,3580
8707,3767
8708,3696
8709,3549
8710,3376
8711,3216
8712,3284
8713,3202
8714,3289
8715,3427
8716,3495
8717,3610
8718,3595
8719,3571
8720,3503
8721,3671
8722,3810
8723,3788
8724,3762
8725,3554
8726,3541
8727,3378
8728,3330
8729,3472
8730,3633
8731,3747
8732,3667
8733,3502
8734,3331
8735,3180
8736,3187
8737,3112
8738,3195
8739,3310
8740,3433
8741,3488
8742,3500
8743,3610
8744,3617
8745,3997
8746,4183
8747,4077
8748,3876
8749,3584
8750,3629
8751,3519
8752,3434
8753,3443
8754,3511
8755,3654
8756,3593
8757,3458
8758,3293
8759,3161
8760,3207
