sc_gid,mean_cf,mean_lcoe,mean_res,capacity,latitude,longitude,lcot,total_lcoe,lcoe,trans_cap_cost,CAPEX_M,FOM_M,CAPEX_A,FOM_A,CAPEX_C,FOM_C,,
1,0,9.9,0,568.191748,42.765,141.816,0,0,0,0,142768758,7000,0,0,0,0,3000-7000,
2,0,9.9,0,389.884943,42.657,141.655,0,0,0,0,115634925,7000,0,0,0,0,,
3,0,9.9,0,2882.260783,41.933,140.657,0,0,0,0,141031691,7000,0,0,0,0,,1000
4,0,9.9,0,4406.21476,41.903,140.608,0,0,0,0,163815560,7000,0,0,0,0,,
5,0,9.9,0,298.1649086,44.854,142.043,0,0,0,0,117576134,7000,0,0,0,0,,
6,0,9.9,0,66.25886857,43.8,143.603,0,0,0,0,157095256,7000,0,0,0,0,,
7,0,9.9,0,6526.498554,42.256,140.283,0,0,0,0,114745613,7000,0,0,0,0,,
8,0,9.9,0,3312.943428,43.432,141.886,0,0,0,0,111861135,7000,0,0,0,0,,
9,0,9.9,0,1492.3413,42.472,140.898,0,0,0,0,124682437,7000,0,0,0,0,,
10,0,9.9,0,695.815908,43.059,140.522,0,0,0,0,168762974,7000,0,0,0,0,,
11,0,9.9,0,145.11599,41.585,140.428,0,0,0,0,159090476,7000,0,0,0,0,,
12,0,9.9,0,1921.507188,42.657,141.655,0,0,0,0,161555085,7000,0,0,0,0,,
13,0,9.9,0,2197.94436,43.234,141.281,0,0,0,0,142956576,7000,0,0,0,0,,
14,0,9.9,0,4439.344194,42.657,141.655,0,0,0,0,136089760,7000,0,0,0,0,,
15,0,9.9,0,756.569502,42.631,141.547,0,0,0,0,124082735,7000,0,0,0,0,,
16,0,9.9,0,265.0354743,42.819,143.661,0,0,0,0,130618690,7000,0,0,0,0,,
17,0,9.9,0,6460.239685,42.567,142.535,0,0,0,0,149160622,7000,0,0,0,0,,
18,0,9.9,0,2981.649086,43.12,143.611,0,0,0,0,150371790,7000,0,0,0,0,,
19,0,9.9,0,331.2943428,42.476,142.576,0,0,0,0,142553254,7000,0,0,0,0,,
20,0,9.9,0,596.3298171,43.264,143.455,0,0,0,0,118256846,7000,0,0,0,0,,
21,0,9.9,0,1656.471714,43.766,142.353,0,0,0,0,130846346,7000,0,0,0,0,,
22,0,9.9,0,33.12943428,42.445,142.547,0,0,0,0,153143086,7000,0,0,0,0,,
23,0,9.9,0,2057.57235,43.437,143.148,0,0,0,0,141392986,7000,0,0,0,0,,
24,0,9.9,0,1225.789068,42.679,142.594,0,0,0,0,111220864,7000,0,0,0,0,,
25,0,9.9,0,4141.179285,43.241,143.548,0,0,0,0,139451143,7000,0,0,0,0,,
26,0,9.9,0,2033.61838,43.576,141.892,0,0,0,0,139264850,7000,0,0,0,0,,
27,0,9.9,0,342.70561,43.264,143.455,0,0,0,0,166091678,7000,0,0,0,0,,
28,0,9.9,0,3147.296257,42.468,142.632,0,0,0,0,135876759,7000,0,0,0,0,,
29,0,9.9,0,1601.51676,44.436,142.384,0,0,0,0,160543538,7000,0,0,0,0,,
30,0,9.9,0,1060.141897,43.378,143.257,0,0,0,0,128981814,7000,0,0,0,0,,
31,0,9.9,0,1409.46882,43.576,141.892,0,0,0,0,160457569,7000,0,0,0,0,,
32,0,9.9,0,13417.42088,43.12,141.534,0,0,0,0,117204463,7000,0,0,0,0,,
33,0,9.9,0,99.38830285,42.32,140.968,0,0,0,0,151590665,7000,0,0,0,0,,
34,0,9.9,0,1258.918503,43.078,144.154,0,0,0,0,114330891,7000,0,0,0,0,,
35,0,9.9,0,8779.300085,42.986,143.145,0,0,0,0,149796316,7000,0,0,0,0,,
36,0,9.9,0,2186.542663,43.137,141.289,0,0,0,0,154463509,7000,0,0,0,0,,
37,0,9.9,0,3346.072863,43.576,141.892,0,0,0,0,159832348,7000,0,0,0,0,,
38,0,9.9,0,10236.99519,43.832,144.216,0,0,0,0,156252218,7000,0,0,0,0,,
39,0,9.9,0,1060.141897,44.854,142.043,0,0,0,0,124682668,7000,0,0,0,0,,
40,0,9.9,0,2859.30966,41.933,140.657,0,0,0,0,158093639,7000,0,0,0,0,,
41,0,9.9,0,289.47839,41.809,140.741,0,0,0,0,115975824,7000,0,0,0,0,,
42,0,9.9,0,430.6826457,43.8,143.603,0,0,0,0,157452274,7000,0,0,0,0,,
43,0,9.9,0,2045.85232,41.933,140.657,0,0,0,0,158972523,7000,0,0,0,0,,
44,0,9.9,0,3776.755508,42.472,140.898,0,0,0,0,122910014,7000,0,0,0,0,,
45,0,9.9,0,132.5177371,43.12,141.534,0,0,0,0,119354969,7000,0,0,0,0,,
46,0,9.9,0,132.5177371,44.436,142.384,0,0,0,0,118085694,7000,0,0,0,0,,
47,0,9.9,0,1093.271331,42.922,143.034,0,0,0,0,136721462,7000,0,0,0,0,,
48,0,9.9,0,9309.371034,43.416,144.814,0,0,0,0,122779537,7000,0,0,0,0,,
49,0,9.9,0,565.74496,41.903,140.608,0,0,0,0,143910605,7000,0,0,0,0,,
50,0,9.9,0,2385.319268,42.782,143.701,0,0,0,0,160898784,7000,0,0,0,0,,
52,0,9.9,0,315.26746,41.903,140.608,0,0,0,0,132673656,7000,0,0,0,0,,
53,0,9.9,0,3147.296257,43.048,141.347,0,0,0,0,158419353,7000,0,0,0,0,,
54,0,9.9,0,1689.601148,44.854,142.043,0,0,0,0,153716191,7000,0,0,0,0,,
55,0,9.9,0,132.5177371,44.436,142.384,0,0,0,0,164659121,7000,0,0,0,0,,
56,0,9.9,0,1822.118886,43.766,142.353,0,0,0,0,162900173,7000,0,0,0,0,,
57,0,9.9,0,1685.00094,42.631,141.547,0,0,0,0,121931312,7000,0,0,0,0,,
58,0,9.9,0,2530.55989,42.449,139.852,0,0,0,0,132574866,7000,0,0,0,0,,
59,0,9.9,0,430.6826457,43.027,141.419,0,0,0,0,153959902,7000,0,0,0,0,,
61,0,9.9,0,430.6826457,43.137,141.289,0,0,0,0,164219729,7000,0,0,0,0,,
62,0,9.9,0,10601.41897,43.011,144.447,0,0,0,0,138910583,7000,0,0,0,0,,
63,0,9.9,0,5764.521565,43.205,140.958,0,0,0,0,160986919,7000,0,0,0,0,,
64,0,9.9,0,5234.450617,42.472,140.898,0,0,0,0,112422328,7000,0,0,0,0,,
65,0,9.9,0,66.25886857,41.71,140.43,0,0,0,0,123776351,7000,0,0,0,0,,
66,0,9.9,0,2594.27418,43.205,140.958,0,0,0,0,168946027,7000,0,0,0,0,,
67,0,9.9,0,3975.532114,42.934,141.601,0,0,0,0,121727633,7000,0,0,0,0,,
68,0,9.9,0,430.6826457,43.416,144.814,0,0,0,0,115979758,7000,0,0,0,0,,
71,0,9.9,0,7354.734411,43.806,142.323,0,0,0,0,125685488,7000,0,0,0,0,,
73,0,9.9,0,4273.697023,42.32,140.968,0,0,0,0,122627111,7000,0,0,0,0,,
74,0,9.9,0,12787.96163,42.765,141.816,0,0,0,0,158016824,7000,0,0,0,0,,
75,0,9.9,0,1093.271331,42.423,140.991,0,0,0,0,139718425,7000,0,0,0,0,,
77,0,9.9,0,4836.897405,43.09,144.154,0,0,0,0,158431573,7000,0,0,0,0,,
78,0,9.9,0,5333.83892,42.423,140.991,0,0,0,0,121784850,7000,0,0,0,0,,
79,0,9.9,0,927.6241599,43.163,142.904,0,0,0,0,119689575,7000,0,0,0,0,,
80,0,9.9,0,1855.24832,43.241,143.548,0,0,0,0,154112583,7000,0,0,0,0,,
