*Hour,Imports
1,300
2,300
3,300
4,300
5,300
6,300
7,300
8,300
9,300
10,300
11,300
12,300
13,300
14,300
15,300
16,300
17,300
18,300
19,300
20,300
21,300
22,300
23,300
24,300
25,300
26,300
27,300
28,300
29,300
30,300
31,300
32,300
33,300
34,300
35,300
36,300
37,300
38,300
39,300
40,300
41,300
42,300
43,300
44,300
45,300
46,300
47,300
48,300
49,300
50,300
51,300
52,300
53,300
54,300
55,300
56,300
57,300
58,300
59,300
60,300
61,300
62,300
63,300
64,300
65,300
66,300
67,300
68,300
69,300
70,300
71,300
72,300
73,300
74,300
75,300
76,300
77,300
78,300
79,300
80,300
81,300
82,300
83,300
84,300
85,300
86,300
87,300
88,300
89,300
90,300
91,300
92,300
93,300
94,300
95,300
96,300
97,300
98,300
99,300
100,300
101,300
102,300
103,300
104,300
105,300
106,300
107,300
108,300
109,300
110,300
111,300
112,300
113,300
114,300
115,300
116,300
117,300
118,300
119,300
120,300
121,300
122,300
123,300
124,300
125,300
126,300
127,300
128,300
129,300
130,300
131,300
132,300
133,300
134,300
135,300
136,300
137,300
138,300
139,300
140,300
141,300
142,300
143,300
144,300
145,300
146,300
147,300
148,300
149,300
150,300
151,300
152,300
153,300
154,300
155,300
156,300
157,300
158,300
159,300
160,300
161,300
162,300
163,300
164,300
165,300
166,300
167,300
168,300
169,300
170,300
171,300
172,300
173,300
174,300
175,300
176,300
177,300
178,300
179,300
180,300
181,300
182,300
183,300
184,300
185,300
186,300
187,300
188,300
189,300
190,300
191,300
192,300
193,300
194,300
195,300
196,300
197,300
198,300
199,300
200,300
201,300
202,300
203,300
204,300
205,300
206,300
207,300
208,300
209,300
210,300
211,300
212,300
213,300
214,300
215,300
216,300
217,300
218,300
219,300
220,300
221,300
222,300
223,300
224,300
225,300
226,300
227,300
228,300
229,300
230,300
231,300
232,300
233,300
234,300
235,300
236,300
237,300
238,300
239,300
240,300
241,300
242,300
243,300
244,300
245,300
246,300
247,300
248,300
249,300
250,300
251,300
252,300
253,300
254,300
255,300
256,300
257,300
258,300
259,300
260,300
261,300
262,300
263,300
264,300
265,300
266,300
267,300
268,300
269,300
270,300
271,300
272,300
273,300
274,300
275,300
276,300
277,300
278,300
279,300
280,300
281,300
282,300
283,300
284,300
285,300
286,300
287,300
288,300
289,300
290,300
291,300
292,300
293,300
294,300
295,300
296,300
297,300
298,300
299,300
300,300
301,300
302,300
303,300
304,300
305,300
306,300
307,300
308,300
309,300
310,300
311,300
312,300
313,300
314,300
315,300
316,300
317,300
318,300
319,300
320,300
321,300
322,300
323,300
324,300
325,300
326,300
327,300
328,300
329,300
330,300
331,300
332,300
333,300
334,300
335,300
336,300
337,300
338,300
339,300
340,300
341,300
342,300
343,300
344,300
345,300
346,300
347,300
348,300
349,300
350,300
351,300
352,300
353,300
354,300
355,300
356,300
357,300
358,300
359,300
360,300
361,300
362,300
363,300
364,300
365,300
366,300
367,300
368,300
369,300
370,300
371,300
372,300
373,300
374,300
375,300
376,300
377,300
378,300
379,300
380,300
381,300
382,300
383,300
384,300
385,300
386,300
387,300
388,300
389,300
390,300
391,300
392,300
393,300
394,300
395,300
396,300
397,300
398,300
399,300
400,300
401,300
402,300
403,300
404,300
405,300
406,300
407,300
408,300
409,300
410,300
411,300
412,300
413,300
414,300
415,300
416,300
417,300
418,300
419,300
420,300
421,300
422,300
423,300
424,300
425,300
426,300
427,300
428,300
429,300
430,300
431,300
432,300
433,300
434,300
435,300
436,300
437,300
438,300
439,300
440,300
441,300
442,300
443,300
444,300
445,300
446,300
447,300
448,300
449,300
450,300
451,300
452,300
453,300
454,300
455,300
456,300
457,300
458,300
459,300
460,300
461,300
462,300
463,300
464,300
465,300
466,300
467,300
468,300
469,300
470,300
471,300
472,300
473,300
474,300
475,300
476,300
477,300
478,300
479,300
480,300
481,300
482,300
483,300
484,300
485,300
486,300
487,300
488,300
489,300
490,300
491,300
492,300
493,300
494,300
495,300
496,300
497,300
498,300
499,300
500,300
501,300
502,300
503,300
504,300
505,300
506,300
507,300
508,300
509,300
510,300
511,300
512,300
513,300
514,300
515,300
516,300
517,300
518,300
519,300
520,300
521,300
522,300
523,300
524,300
525,300
526,300
527,300
528,300
529,300
530,300
531,300
532,300
533,300
534,300
535,300
536,300
537,300
538,300
539,300
540,300
541,300
542,300
543,300
544,300
545,300
546,300
547,300
548,300
549,300
550,300
551,300
552,300
553,300
554,300
555,300
556,300
557,300
558,300
559,300
560,300
561,300
562,300
563,300
564,300
565,300
566,300
567,300
568,300
569,300
570,300
571,300
572,300
573,300
574,300
575,300
576,300
577,300
578,300
579,300
580,300
581,300
582,300
583,300
584,300
585,300
586,300
587,300
588,300
589,300
590,300
591,300
592,300
593,300
594,300
595,300
596,300
597,300
598,300
599,300
600,300
601,300
602,300
603,300
604,300
605,300
606,300
607,300
608,300
609,300
610,300
611,300
612,300
613,300
614,300
615,300
616,300
617,300
618,300
619,300
620,300
621,300
622,300
623,300
624,300
625,300
626,300
627,300
628,300
629,300
630,300
631,300
632,300
633,300
634,300
635,300
636,300
637,300
638,300
639,300
640,300
641,300
642,300
643,300
644,300
645,300
646,300
647,300
648,300
649,300
650,300
651,300
652,300
653,300
654,300
655,300
656,300
657,300
658,300
659,300
660,300
661,300
662,300
663,300
664,300
665,300
666,300
667,300
668,300
669,300
670,300
671,300
672,300
673,300
674,300
675,300
676,300
677,300
678,300
679,300
680,300
681,300
682,300
683,300
684,300
685,300
686,300
687,300
688,300
689,300
690,300
691,300
692,300
693,300
694,300
695,300
696,300
697,300
698,300
699,300
700,300
701,300
702,300
703,300
704,300
705,300
706,300
707,300
708,300
709,300
710,300
711,300
712,300
713,300
714,300
715,300
716,300
717,300
718,300
719,300
720,300
721,300
722,300
723,300
724,300
725,300
726,300
727,300
728,300
729,300
730,300
731,300
732,300
733,300
734,300
735,300
736,300
737,300
738,300
739,300
740,300
741,300
742,300
743,300
744,300
745,300
746,300
747,300
748,300
749,300
750,300
751,300
752,300
753,300
754,300
755,300
756,300
757,300
758,300
759,300
760,300
761,300
762,300
763,300
764,300
765,300
766,300
767,300
768,300
769,300
770,300
771,300
772,300
773,300
774,300
775,300
776,300
777,300
778,300
779,300
780,300
781,300
782,300
783,300
784,300
785,300
786,300
787,300
788,300
789,300
790,300
791,300
792,300
793,300
794,300
795,300
796,300
797,300
798,300
799,300
800,300
801,300
802,300
803,300
804,300
805,300
806,300
807,300
808,300
809,300
810,300
811,300
812,300
813,300
814,300
815,300
816,300
817,300
818,300
819,300
820,300
821,300
822,300
823,300
824,300
825,300
826,300
827,300
828,300
829,300
830,300
831,300
832,300
833,300
834,300
835,300
836,300
837,300
838,300
839,300
840,300
841,300
842,300
843,300
844,300
845,300
846,300
847,300
848,300
849,300
850,300
851,300
852,300
853,300
854,300
855,300
856,300
857,300
858,300
859,300
860,300
861,300
862,300
863,300
864,300
865,300
866,300
867,300
868,300
869,300
870,300
871,300
872,300
873,300
874,300
875,300
876,300
877,300
878,300
879,300
880,300
881,300
882,300
883,300
884,300
885,300
886,300
887,300
888,300
889,300
890,300
891,300
892,300
893,300
894,300
895,300
896,300
897,300
898,300
899,300
900,300
901,300
902,300
903,300
904,300
905,300
906,300
907,300
908,300
909,300
910,300
911,300
912,300
913,300
914,300
915,300
916,300
917,300
918,300
919,300
920,300
921,300
922,300
923,300
924,300
925,300
926,300
927,300
928,300
929,300
930,300
931,300
932,300
933,300
934,300
935,300
936,300
937,300
938,300
939,300
940,300
941,300
942,300
943,300
944,300
945,300
946,300
947,300
948,300
949,300
950,300
951,300
952,300
953,300
954,300
955,300
956,300
957,300
958,300
959,300
960,300
961,300
962,300
963,300
964,300
965,300
966,300
967,300
968,300
969,300
970,300
971,300
972,300
973,300
974,300
975,300
976,300
977,300
978,300
979,300
980,300
981,300
982,300
983,300
984,300
985,300
986,300
987,300
988,300
989,300
990,300
991,300
992,300
993,300
994,300
995,300
996,300
997,300
998,300
999,300
1000,300
1001,300
1002,300
1003,300
1004,300
1005,300
1006,300
1007,300
1008,300
1009,300
1010,300
1011,300
1012,300
1013,300
1014,300
1015,300
1016,300
1017,300
1018,300
1019,300
1020,300
1021,300
1022,300
1023,300
1024,300
1025,300
1026,300
1027,300
1028,300
1029,300
1030,300
1031,300
1032,300
1033,300
1034,300
1035,300
1036,300
1037,300
1038,300
1039,300
1040,300
1041,300
1042,300
1043,300
1044,300
1045,300
1046,300
1047,300
1048,300
1049,300
1050,300
1051,300
1052,300
1053,300
1054,300
1055,300
1056,300
1057,300
1058,300
1059,300
1060,300
1061,300
1062,300
1063,300
1064,300
1065,300
1066,300
1067,300
1068,300
1069,300
1070,300
1071,300
1072,300
1073,300
1074,300
1075,300
1076,300
1077,300
1078,300
1079,300
1080,300
1081,300
1082,300
1083,300
1084,300
1085,300
1086,300
1087,300
1088,300
1089,300
1090,300
1091,300
1092,300
1093,300
1094,300
1095,300
1096,300
1097,300
1098,300
1099,300
1100,300
1101,300
1102,300
1103,300
1104,300
1105,300
1106,300
1107,300
1108,300
1109,300
1110,300
1111,300
1112,300
1113,300
1114,300
1115,300
1116,300
1117,300
1118,300
1119,300
1120,300
1121,300
1122,300
1123,300
1124,300
1125,300
1126,300
1127,300
1128,300
1129,300
1130,300
1131,300
1132,300
1133,300
1134,300
1135,300
1136,300
1137,300
1138,300
1139,300
1140,300
1141,300
1142,300
1143,300
1144,300
1145,300
1146,300
1147,300
1148,300
1149,300
1150,300
1151,300
1152,300
1153,300
1154,300
1155,300
1156,300
1157,300
1158,300
1159,300
1160,300
1161,300
1162,300
1163,300
1164,300
1165,300
1166,300
1167,300
1168,300
1169,300
1170,300
1171,300
1172,300
1173,300
1174,300
1175,300
1176,300
1177,300
1178,300
1179,300
1180,300
1181,300
1182,300
1183,300
1184,300
1185,300
1186,300
1187,300
1188,300
1189,300
1190,300
1191,300
1192,300
1193,300
1194,300
1195,300
1196,300
1197,300
1198,300
1199,300
1200,300
1201,300
1202,300
1203,300
1204,300
1205,300
1206,300
1207,300
1208,300
1209,300
1210,300
1211,300
1212,300
1213,300
1214,300
1215,300
1216,300
1217,300
1218,300
1219,300
1220,300
1221,300
1222,300
1223,300
1224,300
1225,300
1226,300
1227,300
1228,300
1229,300
1230,300
1231,300
1232,300
1233,300
1234,300
1235,300
1236,300
1237,300
1238,300
1239,300
1240,300
1241,300
1242,300
1243,300
1244,300
1245,300
1246,300
1247,300
1248,300
1249,300
1250,300
1251,300
1252,300
1253,300
1254,300
1255,300
1256,300
1257,300
1258,300
1259,300
1260,300
1261,300
1262,300
1263,300
1264,300
1265,300
1266,300
1267,300
1268,300
1269,300
1270,300
1271,300
1272,300
1273,300
1274,300
1275,300
1276,300
1277,300
1278,300
1279,300
1280,300
1281,300
1282,300
1283,300
1284,300
1285,300
1286,300
1287,300
1288,300
1289,300
1290,300
1291,300
1292,300
1293,300
1294,300
1295,300
1296,300
1297,300
1298,300
1299,300
1300,300
1301,300
1302,300
1303,300
1304,300
1305,300
1306,300
1307,300
1308,300
1309,300
1310,300
1311,300
1312,300
1313,300
1314,300
1315,300
1316,300
1317,300
1318,300
1319,300
1320,300
1321,300
1322,300
1323,300
1324,300
1325,300
1326,300
1327,300
1328,300
1329,300
1330,300
1331,300
1332,300
1333,300
1334,300
1335,300
1336,300
1337,300
1338,300
1339,300
1340,300
1341,300
1342,300
1343,300
1344,300
1345,300
1346,300
1347,300
1348,300
1349,300
1350,300
1351,300
1352,300
1353,300
1354,300
1355,300
1356,300
1357,300
1358,300
1359,300
1360,300
1361,300
1362,300
1363,300
1364,300
1365,300
1366,300
1367,300
1368,300
1369,300
1370,300
1371,300
1372,300
1373,300
1374,300
1375,300
1376,300
1377,300
1378,300
1379,300
1380,300
1381,300
1382,300
1383,300
1384,300
1385,300
1386,300
1387,300
1388,300
1389,300
1390,300
1391,300
1392,300
1393,300
1394,300
1395,300
1396,300
1397,300
1398,300
1399,300
1400,300
1401,300
1402,300
1403,300
1404,300
1405,300
1406,300
1407,300
1408,300
1409,300
1410,300
1411,300
1412,300
1413,300
1414,300
1415,300
1416,300
1417,300
1418,300
1419,300
1420,300
1421,300
1422,300
1423,300
1424,300
1425,300
1426,300
1427,300
1428,300
1429,300
1430,300
1431,300
1432,300
1433,300
1434,300
1435,300
1436,300
1437,300
1438,300
1439,300
1440,300
1441,300
1442,300
1443,300
1444,300
1445,300
1446,300
1447,300
1448,300
1449,300
1450,300
1451,300
1452,300
1453,300
1454,300
1455,300
1456,300
1457,300
1458,300
1459,300
1460,300
1461,300
1462,300
1463,300
1464,300
1465,300
1466,300
1467,300
1468,300
1469,300
1470,300
1471,300
1472,300
1473,300
1474,300
1475,300
1476,300
1477,300
1478,300
1479,300
1480,300
1481,300
1482,300
1483,300
1484,300
1485,300
1486,300
1487,300
1488,300
1489,300
1490,300
1491,300
1492,300
1493,300
1494,300
1495,300
1496,300
1497,300
1498,300
1499,300
1500,300
1501,300
1502,300
1503,300
1504,300
1505,300
1506,300
1507,300
1508,300
1509,300
1510,300
1511,300
1512,300
1513,300
1514,300
1515,300
1516,300
1517,300
1518,300
1519,300
1520,300
1521,300
1522,300
1523,300
1524,300
1525,300
1526,300
1527,300
1528,300
1529,300
1530,300
1531,300
1532,300
1533,300
1534,300
1535,300
1536,300
1537,300
1538,300
1539,300
1540,300
1541,300
1542,300
1543,300
1544,300
1545,300
1546,300
1547,300
1548,300
1549,300
1550,300
1551,300
1552,300
1553,300
1554,300
1555,300
1556,300
1557,300
1558,300
1559,300
1560,300
1561,300
1562,300
1563,300
1564,300
1565,300
1566,300
1567,300
1568,300
1569,300
1570,300
1571,300
1572,300
1573,300
1574,300
1575,300
1576,300
1577,300
1578,300
1579,300
1580,300
1581,300
1582,300
1583,300
1584,300
1585,300
1586,300
1587,300
1588,300
1589,300
1590,300
1591,300
1592,300
1593,300
1594,300
1595,300
1596,300
1597,300
1598,300
1599,300
1600,300
1601,300
1602,300
1603,300
1604,300
1605,300
1606,300
1607,300
1608,300
1609,300
1610,300
1611,300
1612,300
1613,300
1614,300
1615,300
1616,300
1617,300
1618,300
1619,300
1620,300
1621,300
1622,300
1623,300
1624,300
1625,300
1626,300
1627,300
1628,300
1629,300
1630,300
1631,300
1632,300
1633,300
1634,300
1635,300
1636,300
1637,300
1638,300
1639,300
1640,300
1641,300
1642,300
1643,300
1644,300
1645,300
1646,300
1647,300
1648,300
1649,300
1650,300
1651,300
1652,300
1653,300
1654,300
1655,300
1656,300
1657,300
1658,300
1659,300
1660,300
1661,300
1662,300
1663,300
1664,300
1665,300
1666,300
1667,300
1668,300
1669,300
1670,300
1671,300
1672,300
1673,300
1674,300
1675,300
1676,300
1677,300
1678,300
1679,300
1680,300
1681,300
1682,300
1683,300
1684,300
1685,300
1686,300
1687,300
1688,300
1689,300
1690,300
1691,300
1692,300
1693,300
1694,300
1695,300
1696,300
1697,300
1698,300
1699,300
1700,300
1701,300
1702,300
1703,300
1704,300
1705,300
1706,300
1707,300
1708,300
1709,300
1710,300
1711,300
1712,300
1713,300
1714,300
1715,300
1716,300
1717,300
1718,300
1719,300
1720,300
1721,300
1722,300
1723,300
1724,300
1725,300
1726,300
1727,300
1728,300
1729,300
1730,300
1731,300
1732,300
1733,300
1734,300
1735,300
1736,300
1737,300
1738,300
1739,300
1740,300
1741,300
1742,300
1743,300
1744,300
1745,300
1746,300
1747,300
1748,300
1749,300
1750,300
1751,300
1752,300
1753,300
1754,300
1755,300
1756,300
1757,300
1758,300
1759,300
1760,300
1761,300
1762,300
1763,300
1764,300
1765,300
1766,300
1767,300
1768,300
1769,300
1770,300
1771,300
1772,300
1773,300
1774,300
1775,300
1776,300
1777,300
1778,300
1779,300
1780,300
1781,300
1782,300
1783,300
1784,300
1785,300
1786,300
1787,300
1788,300
1789,300
1790,300
1791,300
1792,300
1793,300
1794,300
1795,300
1796,300
1797,300
1798,300
1799,300
1800,300
1801,300
1802,300
1803,300
1804,300
1805,300
1806,300
1807,300
1808,300
1809,300
1810,300
1811,300
1812,300
1813,300
1814,300
1815,300
1816,300
1817,300
1818,300
1819,300
1820,300
1821,300
1822,300
1823,300
1824,300
1825,300
1826,300
1827,300
1828,300
1829,300
1830,300
1831,300
1832,300
1833,300
1834,300
1835,300
1836,300
1837,300
1838,300
1839,300
1840,300
1841,300
1842,300
1843,300
1844,300
1845,300
1846,300
1847,300
1848,300
1849,300
1850,300
1851,300
1852,300
1853,300
1854,300
1855,300
1856,300
1857,300
1858,300
1859,300
1860,300
1861,300
1862,300
1863,300
1864,300
1865,300
1866,300
1867,300
1868,300
1869,300
1870,300
1871,300
1872,300
1873,300
1874,300
1875,300
1876,300
1877,300
1878,300
1879,300
1880,300
1881,300
1882,300
1883,300
1884,300
1885,300
1886,300
1887,300
1888,300
1889,300
1890,300
1891,300
1892,300
1893,300
1894,300
1895,300
1896,300
1897,300
1898,300
1899,300
1900,300
1901,300
1902,300
1903,300
1904,300
1905,300
1906,300
1907,300
1908,300
1909,300
1910,300
1911,300
1912,300
1913,300
1914,300
1915,300
1916,300
1917,300
1918,300
1919,300
1920,300
1921,300
1922,300
1923,300
1924,300
1925,300
1926,300
1927,300
1928,300
1929,300
1930,300
1931,300
1932,300
1933,300
1934,300
1935,300
1936,300
1937,300
1938,300
1939,300
1940,300
1941,300
1942,300
1943,300
1944,300
1945,300
1946,300
1947,300
1948,300
1949,300
1950,300
1951,300
1952,300
1953,300
1954,300
1955,300
1956,300
1957,300
1958,300
1959,300
1960,300
1961,300
1962,300
1963,300
1964,300
1965,300
1966,300
1967,300
1968,300
1969,300
1970,300
1971,300
1972,300
1973,300
1974,300
1975,300
1976,300
1977,300
1978,300
1979,300
1980,300
1981,300
1982,300
1983,300
1984,300
1985,300
1986,300
1987,300
1988,300
1989,300
1990,300
1991,300
1992,300
1993,300
1994,300
1995,300
1996,300
1997,300
1998,300
1999,300
2000,300
2001,300
2002,300
2003,300
2004,300
2005,300
2006,300
2007,300
2008,300
2009,300
2010,300
2011,300
2012,300
2013,300
2014,300
2015,300
2016,300
2017,300
2018,300
2019,300
2020,300
2021,300
2022,300
2023,300
2024,300
2025,300
2026,300
2027,300
2028,300
2029,300
2030,300
2031,300
2032,300
2033,300
2034,300
2035,300
2036,300
2037,300
2038,300
2039,300
2040,300
2041,300
2042,300
2043,300
2044,300
2045,300
2046,300
2047,300
2048,300
2049,300
2050,300
2051,300
2052,300
2053,300
2054,300
2055,300
2056,300
2057,300
2058,300
2059,300
2060,300
2061,300
2062,300
2063,300
2064,300
2065,300
2066,300
2067,300
2068,300
2069,300
2070,300
2071,300
2072,300
2073,300
2074,300
2075,300
2076,300
2077,300
2078,300
2079,300
2080,300
2081,300
2082,300
2083,300
2084,300
2085,300
2086,300
2087,300
2088,300
2089,300
2090,300
2091,300
2092,300
2093,300
2094,300
2095,300
2096,300
2097,300
2098,300
2099,300
2100,300
2101,300
2102,300
2103,300
2104,300
2105,300
2106,300
2107,300
2108,300
2109,300
2110,300
2111,300
2112,300
2113,300
2114,300
2115,300
2116,300
2117,300
2118,300
2119,300
2120,300
2121,300
2122,300
2123,300
2124,300
2125,300
2126,300
2127,300
2128,300
2129,300
2130,300
2131,300
2132,300
2133,300
2134,300
2135,300
2136,300
2137,300
2138,300
2139,300
2140,300
2141,300
2142,300
2143,300
2144,300
2145,300
2146,300
2147,300
2148,300
2149,300
2150,300
2151,300
2152,300
2153,300
2154,300
2155,300
2156,300
2157,300
2158,300
2159,300
2160,300
2161,300
2162,300
2163,300
2164,300
2165,300
2166,300
2167,300
2168,300
2169,300
2170,300
2171,300
2172,300
2173,300
2174,300
2175,300
2176,300
2177,300
2178,300
2179,300
2180,300
2181,300
2182,300
2183,300
2184,300
2185,300
2186,300
2187,300
2188,300
2189,300
2190,300
2191,300
2192,300
2193,300
2194,300
2195,300
2196,300
2197,300
2198,300
2199,300
2200,300
2201,300
2202,300
2203,300
2204,300
2205,300
2206,300
2207,300
2208,300
2209,300
2210,300
2211,300
2212,300
2213,300
2214,300
2215,300
2216,300
2217,300
2218,300
2219,300
2220,300
2221,300
2222,300
2223,300
2224,300
2225,300
2226,300
2227,300
2228,300
2229,300
2230,300
2231,300
2232,300
2233,300
2234,300
2235,300
2236,300
2237,300
2238,300
2239,300
2240,300
2241,300
2242,300
2243,300
2244,300
2245,300
2246,300
2247,300
2248,300
2249,300
2250,300
2251,300
2252,300
2253,300
2254,300
2255,300
2256,300
2257,300
2258,300
2259,300
2260,300
2261,300
2262,300
2263,300
2264,300
2265,300
2266,300
2267,300
2268,300
2269,300
2270,300
2271,300
2272,300
2273,300
2274,300
2275,300
2276,300
2277,300
2278,300
2279,300
2280,300
2281,300
2282,300
2283,300
2284,300
2285,300
2286,300
2287,300
2288,300
2289,300
2290,300
2291,300
2292,300
2293,300
2294,300
2295,300
2296,300
2297,300
2298,300
2299,300
2300,300
2301,300
2302,300
2303,300
2304,300
2305,300
2306,300
2307,300
2308,300
2309,300
2310,300
2311,300
2312,300
2313,300
2314,300
2315,300
2316,300
2317,300
2318,300
2319,300
2320,300
2321,300
2322,300
2323,300
2324,300
2325,300
2326,300
2327,300
2328,300
2329,300
2330,300
2331,300
2332,300
2333,300
2334,300
2335,300
2336,300
2337,300
2338,300
2339,300
2340,300
2341,300
2342,300
2343,300
2344,300
2345,300
2346,300
2347,300
2348,300
2349,300
2350,300
2351,300
2352,300
2353,300
2354,300
2355,300
2356,300
2357,300
2358,300
2359,300
2360,300
2361,300
2362,300
2363,300
2364,300
2365,300
2366,300
2367,300
2368,300
2369,300
2370,300
2371,300
2372,300
2373,300
2374,300
2375,300
2376,300
2377,300
2378,300
2379,300
2380,300
2381,300
2382,300
2383,300
2384,300
2385,300
2386,300
2387,300
2388,300
2389,300
2390,300
2391,300
2392,300
2393,300
2394,300
2395,300
2396,300
2397,300
2398,300
2399,300
2400,300
2401,300
2402,300
2403,300
2404,300
2405,300
2406,300
2407,300
2408,300
2409,300
2410,300
2411,300
2412,300
2413,300
2414,300
2415,300
2416,300
2417,300
2418,300
2419,300
2420,300
2421,300
2422,300
2423,300
2424,300
2425,300
2426,300
2427,300
2428,300
2429,300
2430,300
2431,300
2432,300
2433,300
2434,300
2435,300
2436,300
2437,300
2438,300
2439,300
2440,300
2441,300
2442,300
2443,300
2444,300
2445,300
2446,300
2447,300
2448,300
2449,300
2450,300
2451,300
2452,300
2453,300
2454,300
2455,300
2456,300
2457,300
2458,300
2459,300
2460,300
2461,300
2462,300
2463,300
2464,300
2465,300
2466,300
2467,300
2468,300
2469,300
2470,300
2471,300
2472,300
2473,300
2474,300
2475,300
2476,300
2477,300
2478,300
2479,300
2480,300
2481,300
2482,300
2483,300
2484,300
2485,300
2486,300
2487,300
2488,300
2489,300
2490,300
2491,300
2492,300
2493,300
2494,300
2495,300
2496,300
2497,300
2498,300
2499,300
2500,300
2501,300
2502,300
2503,300
2504,300
2505,300
2506,300
2507,300
2508,300
2509,300
2510,300
2511,300
2512,300
2513,300
2514,300
2515,300
2516,300
2517,300
2518,300
2519,300
2520,300
2521,300
2522,300
2523,300
2524,300
2525,300
2526,300
2527,300
2528,300
2529,300
2530,300
2531,300
2532,300
2533,300
2534,300
2535,300
2536,300
2537,300
2538,300
2539,300
2540,300
2541,300
2542,300
2543,300
2544,300
2545,300
2546,300
2547,300
2548,300
2549,300
2550,300
2551,300
2552,300
2553,300
2554,300
2555,300
2556,300
2557,300
2558,300
2559,300
2560,300
2561,300
2562,300
2563,300
2564,300
2565,300
2566,300
2567,300
2568,300
2569,300
2570,300
2571,300
2572,300
2573,300
2574,300
2575,300
2576,300
2577,300
2578,300
2579,300
2580,300
2581,300
2582,300
2583,300
2584,300
2585,300
2586,300
2587,300
2588,300
2589,300
2590,300
2591,300
2592,300
2593,300
2594,300
2595,300
2596,300
2597,300
2598,300
2599,300
2600,300
2601,300
2602,300
2603,300
2604,300
2605,300
2606,300
2607,300
2608,300
2609,300
2610,300
2611,300
2612,300
2613,300
2614,300
2615,300
2616,300
2617,300
2618,300
2619,300
2620,300
2621,300
2622,300
2623,300
2624,300
2625,300
2626,300
2627,300
2628,300
2629,300
2630,300
2631,300
2632,300
2633,300
2634,300
2635,300
2636,300
2637,300
2638,300
2639,300
2640,300
2641,300
2642,300
2643,300
2644,300
2645,300
2646,300
2647,300
2648,300
2649,300
2650,300
2651,300
2652,300
2653,300
2654,300
2655,300
2656,300
2657,300
2658,300
2659,300
2660,300
2661,300
2662,300
2663,300
2664,300
2665,300
2666,300
2667,300
2668,300
2669,300
2670,300
2671,300
2672,300
2673,300
2674,300
2675,300
2676,300
2677,300
2678,300
2679,300
2680,300
2681,300
2682,300
2683,300
2684,300
2685,300
2686,300
2687,300
2688,300
2689,300
2690,300
2691,300
2692,300
2693,300
2694,300
2695,300
2696,300
2697,300
2698,300
2699,300
2700,300
2701,300
2702,300
2703,300
2704,300
2705,300
2706,300
2707,300
2708,300
2709,300
2710,300
2711,300
2712,300
2713,300
2714,300
2715,300
2716,300
2717,300
2718,300
2719,300
2720,300
2721,300
2722,300
2723,300
2724,300
2725,300
2726,300
2727,300
2728,300
2729,300
2730,300
2731,300
2732,300
2733,300
2734,300
2735,300
2736,300
2737,300
2738,300
2739,300
2740,300
2741,300
2742,300
2743,300
2744,300
2745,300
2746,300
2747,300
2748,300
2749,300
2750,300
2751,300
2752,300
2753,300
2754,300
2755,300
2756,300
2757,300
2758,300
2759,300
2760,300
2761,300
2762,300
2763,300
2764,300
2765,300
2766,300
2767,300
2768,300
2769,300
2770,300
2771,300
2772,300
2773,300
2774,300
2775,300
2776,300
2777,300
2778,300
2779,300
2780,300
2781,300
2782,300
2783,300
2784,300
2785,300
2786,300
2787,300
2788,300
2789,300
2790,300
2791,300
2792,300
2793,300
2794,300
2795,300
2796,300
2797,300
2798,300
2799,300
2800,300
2801,300
2802,300
2803,300
2804,300
2805,300
2806,300
2807,300
2808,300
2809,300
2810,300
2811,300
2812,300
2813,300
2814,300
2815,300
2816,300
2817,300
2818,300
2819,300
2820,300
2821,300
2822,300
2823,300
2824,300
2825,300
2826,300
2827,300
2828,300
2829,300
2830,300
2831,300
2832,300
2833,300
2834,300
2835,300
2836,300
2837,300
2838,300
2839,300
2840,300
2841,300
2842,300
2843,300
2844,300
2845,300
2846,300
2847,300
2848,300
2849,300
2850,300
2851,300
2852,300
2853,300
2854,300
2855,300
2856,300
2857,300
2858,300
2859,300
2860,300
2861,300
2862,300
2863,300
2864,300
2865,300
2866,300
2867,300
2868,300
2869,300
2870,300
2871,300
2872,300
2873,300
2874,300
2875,300
2876,300
2877,300
2878,300
2879,300
2880,300
2881,300
2882,300
2883,300
2884,300
2885,300
2886,300
2887,300
2888,300
2889,300
2890,300
2891,300
2892,300
2893,300
2894,300
2895,300
2896,300
2897,300
2898,300
2899,300
2900,300
2901,300
2902,300
2903,300
2904,300
2905,300
2906,300
2907,300
2908,300
2909,300
2910,300
2911,300
2912,300
2913,300
2914,300
2915,300
2916,300
2917,300
2918,300
2919,300
2920,300
2921,300
2922,300
2923,300
2924,300
2925,300
2926,300
2927,300
2928,300
2929,300
2930,300
2931,300
2932,300
2933,300
2934,300
2935,300
2936,300
2937,300
2938,300
2939,300
2940,300
2941,300
2942,300
2943,300
2944,300
2945,300
2946,300
2947,300
2948,300
2949,300
2950,300
2951,300
2952,300
2953,300
2954,300
2955,300
2956,300
2957,300
2958,300
2959,300
2960,300
2961,300
2962,300
2963,300
2964,300
2965,300
2966,300
2967,300
2968,300
2969,300
2970,300
2971,300
2972,300
2973,300
2974,300
2975,300
2976,300
2977,300
2978,300
2979,300
2980,300
2981,300
2982,300
2983,300
2984,300
2985,300
2986,300
2987,300
2988,300
2989,300
2990,300
2991,300
2992,300
2993,300
2994,300
2995,300
2996,300
2997,300
2998,300
2999,300
3000,300
3001,300
3002,300
3003,300
3004,300
3005,300
3006,300
3007,300
3008,300
3009,300
3010,300
3011,300
3012,300
3013,300
3014,300
3015,300
3016,300
3017,300
3018,300
3019,300
3020,300
3021,300
3022,300
3023,300
3024,300
3025,300
3026,300
3027,300
3028,300
3029,300
3030,300
3031,300
3032,300
3033,300
3034,300
3035,300
3036,300
3037,300
3038,300
3039,300
3040,300
3041,300
3042,300
3043,300
3044,300
3045,300
3046,300
3047,300
3048,300
3049,300
3050,300
3051,300
3052,300
3053,300
3054,300
3055,300
3056,300
3057,300
3058,300
3059,300
3060,300
3061,300
3062,300
3063,300
3064,300
3065,300
3066,300
3067,300
3068,300
3069,300
3070,300
3071,300
3072,300
3073,300
3074,300
3075,300
3076,300
3077,300
3078,300
3079,300
3080,300
3081,300
3082,300
3083,300
3084,300
3085,300
3086,300
3087,300
3088,300
3089,300
3090,300
3091,300
3092,300
3093,300
3094,300
3095,300
3096,300
3097,300
3098,300
3099,300
3100,300
3101,300
3102,300
3103,300
3104,300
3105,300
3106,300
3107,300
3108,300
3109,300
3110,300
3111,300
3112,300
3113,300
3114,300
3115,300
3116,300
3117,300
3118,300
3119,300
3120,300
3121,300
3122,300
3123,300
3124,300
3125,300
3126,300
3127,300
3128,300
3129,300
3130,300
3131,300
3132,300
3133,300
3134,300
3135,300
3136,300
3137,300
3138,300
3139,300
3140,300
3141,300
3142,300
3143,300
3144,300
3145,300
3146,300
3147,300
3148,300
3149,300
3150,300
3151,300
3152,300
3153,300
3154,300
3155,300
3156,300
3157,300
3158,300
3159,300
3160,300
3161,300
3162,300
3163,300
3164,300
3165,300
3166,300
3167,300
3168,300
3169,300
3170,300
3171,300
3172,300
3173,300
3174,300
3175,300
3176,300
3177,300
3178,300
3179,300
3180,300
3181,300
3182,300
3183,300
3184,300
3185,300
3186,300
3187,300
3188,300
3189,300
3190,300
3191,300
3192,300
3193,300
3194,300
3195,300
3196,300
3197,300
3198,300
3199,300
3200,300
3201,300
3202,300
3203,300
3204,300
3205,300
3206,300
3207,300
3208,300
3209,300
3210,300
3211,300
3212,300
3213,300
3214,300
3215,300
3216,300
3217,300
3218,300
3219,300
3220,300
3221,300
3222,300
3223,300
3224,300
3225,300
3226,300
3227,300
3228,300
3229,300
3230,300
3231,300
3232,300
3233,300
3234,300
3235,300
3236,300
3237,300
3238,300
3239,300
3240,300
3241,300
3242,300
3243,300
3244,300
3245,300
3246,300
3247,300
3248,300
3249,300
3250,300
3251,300
3252,300
3253,300
3254,300
3255,300
3256,300
3257,300
3258,300
3259,300
3260,300
3261,300
3262,300
3263,300
3264,300
3265,300
3266,300
3267,300
3268,300
3269,300
3270,300
3271,300
3272,300
3273,300
3274,300
3275,300
3276,300
3277,300
3278,300
3279,300
3280,300
3281,300
3282,300
3283,300
3284,300
3285,300
3286,300
3287,300
3288,300
3289,300
3290,300
3291,300
3292,300
3293,300
3294,300
3295,300
3296,300
3297,300
3298,300
3299,300
3300,300
3301,300
3302,300
3303,300
3304,300
3305,300
3306,300
3307,300
3308,300
3309,300
3310,300
3311,300
3312,300
3313,300
3314,300
3315,300
3316,300
3317,300
3318,300
3319,300
3320,300
3321,300
3322,300
3323,300
3324,300
3325,300
3326,300
3327,300
3328,300
3329,300
3330,300
3331,300
3332,300
3333,300
3334,300
3335,300
3336,300
3337,300
3338,300
3339,300
3340,300
3341,300
3342,300
3343,300
3344,300
3345,300
3346,300
3347,300
3348,300
3349,300
3350,300
3351,300
3352,300
3353,300
3354,300
3355,300
3356,300
3357,300
3358,300
3359,300
3360,300
3361,300
3362,300
3363,300
3364,300
3365,300
3366,300
3367,300
3368,300
3369,300
3370,300
3371,300
3372,300
3373,300
3374,300
3375,300
3376,300
3377,300
3378,300
3379,300
3380,300
3381,300
3382,300
3383,300
3384,300
3385,300
3386,300
3387,300
3388,300
3389,300
3390,300
3391,300
3392,300
3393,300
3394,300
3395,300
3396,300
3397,300
3398,300
3399,300
3400,300
3401,300
3402,300
3403,300
3404,300
3405,300
3406,300
3407,300
3408,300
3409,300
3410,300
3411,300
3412,300
3413,300
3414,300
3415,300
3416,300
3417,300
3418,300
3419,300
3420,300
3421,300
3422,300
3423,300
3424,300
3425,300
3426,300
3427,300
3428,300
3429,300
3430,300
3431,300
3432,300
3433,300
3434,300
3435,300
3436,300
3437,300
3438,300
3439,300
3440,300
3441,300
3442,300
3443,300
3444,300
3445,300
3446,300
3447,300
3448,300
3449,300
3450,300
3451,300
3452,300
3453,300
3454,300
3455,300
3456,300
3457,300
3458,300
3459,300
3460,300
3461,300
3462,300
3463,300
3464,300
3465,300
3466,300
3467,300
3468,300
3469,300
3470,300
3471,300
3472,300
3473,300
3474,300
3475,300
3476,300
3477,300
3478,300
3479,300
3480,300
3481,300
3482,300
3483,300
3484,300
3485,300
3486,300
3487,300
3488,300
3489,300
3490,300
3491,300
3492,300
3493,300
3494,300
3495,300
3496,300
3497,300
3498,300
3499,300
3500,300
3501,300
3502,300
3503,300
3504,300
3505,300
3506,300
3507,300
3508,300
3509,300
3510,300
3511,300
3512,300
3513,300
3514,300
3515,300
3516,300
3517,300
3518,300
3519,300
3520,300
3521,300
3522,300
3523,300
3524,300
3525,300
3526,300
3527,300
3528,300
3529,300
3530,300
3531,300
3532,300
3533,300
3534,300
3535,300
3536,300
3537,300
3538,300
3539,300
3540,300
3541,300
3542,300
3543,300
3544,300
3545,300
3546,300
3547,300
3548,300
3549,300
3550,300
3551,300
3552,300
3553,300
3554,300
3555,300
3556,300
3557,300
3558,300
3559,300
3560,300
3561,300
3562,300
3563,300
3564,300
3565,300
3566,300
3567,300
3568,300
3569,300
3570,300
3571,300
3572,300
3573,300
3574,300
3575,300
3576,300
3577,300
3578,300
3579,300
3580,300
3581,300
3582,300
3583,300
3584,300
3585,300
3586,300
3587,300
3588,300
3589,300
3590,300
3591,300
3592,300
3593,300
3594,300
3595,300
3596,300
3597,300
3598,300
3599,300
3600,300
3601,300
3602,300
3603,300
3604,300
3605,300
3606,300
3607,300
3608,300
3609,300
3610,300
3611,300
3612,300
3613,300
3614,300
3615,300
3616,300
3617,300
3618,300
3619,300
3620,300
3621,300
3622,300
3623,300
3624,300
3625,300
3626,300
3627,300
3628,300
3629,300
3630,300
3631,300
3632,300
3633,300
3634,300
3635,300
3636,300
3637,300
3638,300
3639,300
3640,300
3641,300
3642,300
3643,300
3644,300
3645,300
3646,300
3647,300
3648,300
3649,300
3650,300
3651,300
3652,300
3653,300
3654,300
3655,300
3656,300
3657,300
3658,300
3659,300
3660,300
3661,300
3662,300
3663,300
3664,300
3665,300
3666,300
3667,300
3668,300
3669,300
3670,300
3671,300
3672,300
3673,300
3674,300
3675,300
3676,300
3677,300
3678,300
3679,300
3680,300
3681,300
3682,300
3683,300
3684,300
3685,300
3686,300
3687,300
3688,300
3689,300
3690,300
3691,300
3692,300
3693,300
3694,300
3695,300
3696,300
3697,300
3698,300
3699,300
3700,300
3701,300
3702,300
3703,300
3704,300
3705,300
3706,300
3707,300
3708,300
3709,300
3710,300
3711,300
3712,300
3713,300
3714,300
3715,300
3716,300
3717,300
3718,300
3719,300
3720,300
3721,300
3722,300
3723,300
3724,300
3725,300
3726,300
3727,300
3728,300
3729,300
3730,300
3731,300
3732,300
3733,300
3734,300
3735,300
3736,300
3737,300
3738,300
3739,300
3740,300
3741,300
3742,300
3743,300
3744,300
3745,300
3746,300
3747,300
3748,300
3749,300
3750,300
3751,300
3752,300
3753,300
3754,300
3755,300
3756,300
3757,300
3758,300
3759,300
3760,300
3761,300
3762,300
3763,300
3764,300
3765,300
3766,300
3767,300
3768,300
3769,300
3770,300
3771,300
3772,300
3773,300
3774,300
3775,300
3776,300
3777,300
3778,300
3779,300
3780,300
3781,300
3782,300
3783,300
3784,300
3785,300
3786,300
3787,300
3788,300
3789,300
3790,300
3791,300
3792,300
3793,300
3794,300
3795,300
3796,300
3797,300
3798,300
3799,300
3800,300
3801,300
3802,300
3803,300
3804,300
3805,300
3806,300
3807,300
3808,300
3809,300
3810,300
3811,300
3812,300
3813,300
3814,300
3815,300
3816,300
3817,300
3818,300
3819,300
3820,300
3821,300
3822,300
3823,300
3824,300
3825,300
3826,300
3827,300
3828,300
3829,300
3830,300
3831,300
3832,300
3833,300
3834,300
3835,300
3836,300
3837,300
3838,300
3839,300
3840,300
3841,300
3842,300
3843,300
3844,300
3845,300
3846,300
3847,300
3848,300
3849,300
3850,300
3851,300
3852,300
3853,300
3854,300
3855,300
3856,300
3857,300
3858,300
3859,300
3860,300
3861,300
3862,300
3863,300
3864,300
3865,300
3866,300
3867,300
3868,300
3869,300
3870,300
3871,300
3872,300
3873,300
3874,300
3875,300
3876,300
3877,300
3878,300
3879,300
3880,300
3881,300
3882,300
3883,300
3884,300
3885,300
3886,300
3887,300
3888,300
3889,300
3890,300
3891,300
3892,300
3893,300
3894,300
3895,300
3896,300
3897,300
3898,300
3899,300
3900,300
3901,300
3902,300
3903,300
3904,300
3905,300
3906,300
3907,300
3908,300
3909,300
3910,300
3911,300
3912,300
3913,300
3914,300
3915,300
3916,300
3917,300
3918,300
3919,300
3920,300
3921,300
3922,300
3923,300
3924,300
3925,300
3926,300
3927,300
3928,300
3929,300
3930,300
3931,300
3932,300
3933,300
3934,300
3935,300
3936,300
3937,300
3938,300
3939,300
3940,300
3941,300
3942,300
3943,300
3944,300
3945,300
3946,300
3947,300
3948,300
3949,300
3950,300
3951,300
3952,300
3953,300
3954,300
3955,300
3956,300
3957,300
3958,300
3959,300
3960,300
3961,300
3962,300
3963,300
3964,300
3965,300
3966,300
3967,300
3968,300
3969,300
3970,300
3971,300
3972,300
3973,300
3974,300
3975,300
3976,300
3977,300
3978,300
3979,300
3980,300
3981,300
3982,300
3983,300
3984,300
3985,300
3986,300
3987,300
3988,300
3989,300
3990,300
3991,300
3992,300
3993,300
3994,300
3995,300
3996,300
3997,300
3998,300
3999,300
4000,300
4001,300
4002,300
4003,300
4004,300
4005,300
4006,300
4007,300
4008,300
4009,300
4010,300
4011,300
4012,300
4013,300
4014,300
4015,300
4016,300
4017,300
4018,300
4019,300
4020,300
4021,300
4022,300
4023,300
4024,300
4025,300
4026,300
4027,300
4028,300
4029,300
4030,300
4031,300
4032,300
4033,300
4034,300
4035,300
4036,300
4037,300
4038,300
4039,300
4040,300
4041,300
4042,300
4043,300
4044,300
4045,300
4046,300
4047,300
4048,300
4049,300
4050,300
4051,300
4052,300
4053,300
4054,300
4055,300
4056,300
4057,300
4058,300
4059,300
4060,300
4061,300
4062,300
4063,300
4064,300
4065,300
4066,300
4067,300
4068,300
4069,300
4070,300
4071,300
4072,300
4073,300
4074,300
4075,300
4076,300
4077,300
4078,300
4079,300
4080,300
4081,300
4082,300
4083,300
4084,300
4085,300
4086,300
4087,300
4088,300
4089,300
4090,300
4091,300
4092,300
4093,300
4094,300
4095,300
4096,300
4097,300
4098,300
4099,300
4100,300
4101,300
4102,300
4103,300
4104,300
4105,300
4106,300
4107,300
4108,300
4109,300
4110,300
4111,300
4112,300
4113,300
4114,300
4115,300
4116,300
4117,300
4118,300
4119,300
4120,300
4121,300
4122,300
4123,300
4124,300
4125,300
4126,300
4127,300
4128,300
4129,300
4130,300
4131,300
4132,300
4133,300
4134,300
4135,300
4136,300
4137,300
4138,300
4139,300
4140,300
4141,300
4142,300
4143,300
4144,300
4145,300
4146,300
4147,300
4148,300
4149,300
4150,300
4151,300
4152,300
4153,300
4154,300
4155,300
4156,300
4157,300
4158,300
4159,300
4160,300
4161,300
4162,300
4163,300
4164,300
4165,300
4166,300
4167,300
4168,300
4169,300
4170,300
4171,300
4172,300
4173,300
4174,300
4175,300
4176,300
4177,300
4178,300
4179,300
4180,300
4181,300
4182,300
4183,300
4184,300
4185,300
4186,300
4187,300
4188,300
4189,300
4190,300
4191,300
4192,300
4193,300
4194,300
4195,300
4196,300
4197,300
4198,300
4199,300
4200,300
4201,300
4202,300
4203,300
4204,300
4205,300
4206,300
4207,300
4208,300
4209,300
4210,300
4211,300
4212,300
4213,300
4214,300
4215,300
4216,300
4217,300
4218,300
4219,300
4220,300
4221,300
4222,300
4223,300
4224,300
4225,300
4226,300
4227,300
4228,300
4229,300
4230,300
4231,300
4232,300
4233,300
4234,300
4235,300
4236,300
4237,300
4238,300
4239,300
4240,300
4241,300
4242,300
4243,300
4244,300
4245,300
4246,300
4247,300
4248,300
4249,300
4250,300
4251,300
4252,300
4253,300
4254,300
4255,300
4256,300
4257,300
4258,300
4259,300
4260,300
4261,300
4262,300
4263,300
4264,300
4265,300
4266,300
4267,300
4268,300
4269,300
4270,300
4271,300
4272,300
4273,300
4274,300
4275,300
4276,300
4277,300
4278,300
4279,300
4280,300
4281,300
4282,300
4283,300
4284,300
4285,300
4286,300
4287,300
4288,300
4289,300
4290,300
4291,300
4292,300
4293,300
4294,300
4295,300
4296,300
4297,300
4298,300
4299,300
4300,300
4301,300
4302,300
4303,300
4304,300
4305,300
4306,300
4307,300
4308,300
4309,300
4310,300
4311,300
4312,300
4313,300
4314,300
4315,300
4316,300
4317,300
4318,300
4319,300
4320,300
4321,300
4322,300
4323,300
4324,300
4325,300
4326,300
4327,300
4328,300
4329,300
4330,300
4331,300
4332,300
4333,300
4334,300
4335,300
4336,300
4337,300
4338,300
4339,300
4340,300
4341,300
4342,300
4343,300
4344,300
4345,300
4346,300
4347,300
4348,300
4349,300
4350,300
4351,300
4352,300
4353,300
4354,300
4355,300
4356,300
4357,300
4358,300
4359,300
4360,300
4361,300
4362,300
4363,300
4364,300
4365,300
4366,300
4367,300
4368,300
4369,300
4370,300
4371,300
4372,300
4373,300
4374,300
4375,300
4376,300
4377,300
4378,300
4379,300
4380,300
4381,300
4382,300
4383,300
4384,300
4385,300
4386,300
4387,300
4388,300
4389,300
4390,300
4391,300
4392,300
4393,300
4394,300
4395,300
4396,300
4397,300
4398,300
4399,300
4400,300
4401,300
4402,300
4403,300
4404,300
4405,300
4406,300
4407,300
4408,300
4409,300
4410,300
4411,300
4412,300
4413,300
4414,300
4415,300
4416,300
4417,300
4418,300
4419,300
4420,300
4421,300
4422,300
4423,300
4424,300
4425,300
4426,300
4427,300
4428,300
4429,300
4430,300
4431,300
4432,300
4433,300
4434,300
4435,300
4436,300
4437,300
4438,300
4439,300
4440,300
4441,300
4442,300
4443,300
4444,300
4445,300
4446,300
4447,300
4448,300
4449,300
4450,300
4451,300
4452,300
4453,300
4454,300
4455,300
4456,300
4457,300
4458,300
4459,300
4460,300
4461,300
4462,300
4463,300
4464,300
4465,300
4466,300
4467,300
4468,300
4469,300
4470,300
4471,300
4472,300
4473,300
4474,300
4475,300
4476,300
4477,300
4478,300
4479,300
4480,300
4481,300
4482,300
4483,300
4484,300
4485,300
4486,300
4487,300
4488,300
4489,300
4490,300
4491,300
4492,300
4493,300
4494,300
4495,300
4496,300
4497,300
4498,300
4499,300
4500,300
4501,300
4502,300
4503,300
4504,300
4505,300
4506,300
4507,300
4508,300
4509,300
4510,300
4511,300
4512,300
4513,300
4514,300
4515,300
4516,300
4517,300
4518,300
4519,300
4520,300
4521,300
4522,300
4523,300
4524,300
4525,300
4526,300
4527,300
4528,300
4529,300
4530,300
4531,300
4532,300
4533,300
4534,300
4535,300
4536,300
4537,300
4538,300
4539,300
4540,300
4541,300
4542,300
4543,300
4544,300
4545,300
4546,300
4547,300
4548,300
4549,300
4550,300
4551,300
4552,300
4553,300
4554,300
4555,300
4556,300
4557,300
4558,300
4559,300
4560,300
4561,300
4562,300
4563,300
4564,300
4565,300
4566,300
4567,300
4568,300
4569,300
4570,300
4571,300
4572,300
4573,300
4574,300
4575,300
4576,300
4577,300
4578,300
4579,300
4580,300
4581,300
4582,300
4583,300
4584,300
4585,300
4586,300
4587,300
4588,300
4589,300
4590,300
4591,300
4592,300
4593,300
4594,300
4595,300
4596,300
4597,300
4598,300
4599,300
4600,300
4601,300
4602,300
4603,300
4604,300
4605,300
4606,300
4607,300
4608,300
4609,300
4610,300
4611,300
4612,300
4613,300
4614,300
4615,300
4616,300
4617,300
4618,300
4619,300
4620,300
4621,300
4622,300
4623,300
4624,300
4625,300
4626,300
4627,300
4628,300
4629,300
4630,300
4631,300
4632,300
4633,300
4634,300
4635,300
4636,300
4637,300
4638,300
4639,300
4640,300
4641,300
4642,300
4643,300
4644,300
4645,300
4646,300
4647,300
4648,300
4649,300
4650,300
4651,300
4652,300
4653,300
4654,300
4655,300
4656,300
4657,300
4658,300
4659,300
4660,300
4661,300
4662,300
4663,300
4664,300
4665,300
4666,300
4667,300
4668,300
4669,300
4670,300
4671,300
4672,300
4673,300
4674,300
4675,300
4676,300
4677,300
4678,300
4679,300
4680,300
4681,300
4682,300
4683,300
4684,300
4685,300
4686,300
4687,300
4688,300
4689,300
4690,300
4691,300
4692,300
4693,300
4694,300
4695,300
4696,300
4697,300
4698,300
4699,300
4700,300
4701,300
4702,300
4703,300
4704,300
4705,300
4706,300
4707,300
4708,300
4709,300
4710,300
4711,300
4712,300
4713,300
4714,300
4715,300
4716,300
4717,300
4718,300
4719,300
4720,300
4721,300
4722,300
4723,300
4724,300
4725,300
4726,300
4727,300
4728,300
4729,300
4730,300
4731,300
4732,300
4733,300
4734,300
4735,300
4736,300
4737,300
4738,300
4739,300
4740,300
4741,300
4742,300
4743,300
4744,300
4745,300
4746,300
4747,300
4748,300
4749,300
4750,300
4751,300
4752,300
4753,300
4754,300
4755,300
4756,300
4757,300
4758,300
4759,300
4760,300
4761,300
4762,300
4763,300
4764,300
4765,300
4766,300
4767,300
4768,300
4769,300
4770,300
4771,300
4772,300
4773,300
4774,300
4775,300
4776,300
4777,300
4778,300
4779,300
4780,300
4781,300
4782,300
4783,300
4784,300
4785,300
4786,300
4787,300
4788,300
4789,300
4790,300
4791,300
4792,300
4793,300
4794,300
4795,300
4796,300
4797,300
4798,300
4799,300
4800,300
4801,300
4802,300
4803,300
4804,300
4805,300
4806,300
4807,300
4808,300
4809,300
4810,300
4811,300
4812,300
4813,300
4814,300
4815,300
4816,300
4817,300
4818,300
4819,300
4820,300
4821,300
4822,300
4823,300
4824,300
4825,300
4826,300
4827,300
4828,300
4829,300
4830,300
4831,300
4832,300
4833,300
4834,300
4835,300
4836,300
4837,300
4838,300
4839,300
4840,300
4841,300
4842,300
4843,300
4844,300
4845,300
4846,300
4847,300
4848,300
4849,300
4850,300
4851,300
4852,300
4853,300
4854,300
4855,300
4856,300
4857,300
4858,300
4859,300
4860,300
4861,300
4862,300
4863,300
4864,300
4865,300
4866,300
4867,300
4868,300
4869,300
4870,300
4871,300
4872,300
4873,300
4874,300
4875,300
4876,300
4877,300
4878,300
4879,300
4880,300
4881,300
4882,300
4883,300
4884,300
4885,300
4886,300
4887,300
4888,300
4889,300
4890,300
4891,300
4892,300
4893,300
4894,300
4895,300
4896,300
4897,300
4898,300
4899,300
4900,300
4901,300
4902,300
4903,300
4904,300
4905,300
4906,300
4907,300
4908,300
4909,300
4910,300
4911,300
4912,300
4913,300
4914,300
4915,300
4916,300
4917,300
4918,300
4919,300
4920,300
4921,300
4922,300
4923,300
4924,300
4925,300
4926,300
4927,300
4928,300
4929,300
4930,300
4931,300
4932,300
4933,300
4934,300
4935,300
4936,300
4937,300
4938,300
4939,300
4940,300
4941,300
4942,300
4943,300
4944,300
4945,300
4946,300
4947,300
4948,300
4949,300
4950,300
4951,300
4952,300
4953,300
4954,300
4955,300
4956,300
4957,300
4958,300
4959,300
4960,300
4961,300
4962,300
4963,300
4964,300
4965,300
4966,300
4967,300
4968,300
4969,300
4970,300
4971,300
4972,300
4973,300
4974,300
4975,300
4976,300
4977,300
4978,300
4979,300
4980,300
4981,300
4982,300
4983,300
4984,300
4985,300
4986,300
4987,300
4988,300
4989,300
4990,300
4991,300
4992,300
4993,300
4994,300
4995,300
4996,300
4997,300
4998,300
4999,300
5000,300
5001,300
5002,300
5003,300
5004,300
5005,300
5006,300
5007,300
5008,300
5009,300
5010,300
5011,300
5012,300
5013,300
5014,300
5015,300
5016,300
5017,300
5018,300
5019,300
5020,300
5021,300
5022,300
5023,300
5024,300
5025,300
5026,300
5027,300
5028,300
5029,300
5030,300
5031,300
5032,300
5033,300
5034,300
5035,300
5036,300
5037,300
5038,300
5039,300
5040,300
5041,300
5042,300
5043,300
5044,300
5045,300
5046,300
5047,300
5048,300
5049,300
5050,300
5051,300
5052,300
5053,300
5054,300
5055,300
5056,300
5057,300
5058,300
5059,300
5060,300
5061,300
5062,300
5063,300
5064,300
5065,300
5066,300
5067,300
5068,300
5069,300
5070,300
5071,300
5072,300
5073,300
5074,300
5075,300
5076,300
5077,300
5078,300
5079,300
5080,300
5081,300
5082,300
5083,300
5084,300
5085,300
5086,300
5087,300
5088,300
5089,300
5090,300
5091,300
5092,300
5093,300
5094,300
5095,300
5096,300
5097,300
5098,300
5099,300
5100,300
5101,300
5102,300
5103,300
5104,300
5105,300
5106,300
5107,300
5108,300
5109,300
5110,300
5111,300
5112,300
5113,300
5114,300
5115,300
5116,300
5117,300
5118,300
5119,300
5120,300
5121,300
5122,300
5123,300
5124,300
5125,300
5126,300
5127,300
5128,300
5129,300
5130,300
5131,300
5132,300
5133,300
5134,300
5135,300
5136,300
5137,300
5138,300
5139,300
5140,300
5141,300
5142,300
5143,300
5144,300
5145,300
5146,300
5147,300
5148,300
5149,300
5150,300
5151,300
5152,300
5153,300
5154,300
5155,300
5156,300
5157,300
5158,300
5159,300
5160,300
5161,300
5162,300
5163,300
5164,300
5165,300
5166,300
5167,300
5168,300
5169,300
5170,300
5171,300
5172,300
5173,300
5174,300
5175,300
5176,300
5177,300
5178,300
5179,300
5180,300
5181,300
5182,300
5183,300
5184,300
5185,300
5186,300
5187,300
5188,300
5189,300
5190,300
5191,300
5192,300
5193,300
5194,300
5195,300
5196,300
5197,300
5198,300
5199,300
5200,300
5201,300
5202,300
5203,300
5204,300
5205,300
5206,300
5207,300
5208,300
5209,300
5210,300
5211,300
5212,300
5213,300
5214,300
5215,300
5216,300
5217,300
5218,300
5219,300
5220,300
5221,300
5222,300
5223,300
5224,300
5225,300
5226,300
5227,300
5228,300
5229,300
5230,300
5231,300
5232,300
5233,300
5234,300
5235,300
5236,300
5237,300
5238,300
5239,300
5240,300
5241,300
5242,300
5243,300
5244,300
5245,300
5246,300
5247,300
5248,300
5249,300
5250,300
5251,300
5252,300
5253,300
5254,300
5255,300
5256,300
5257,300
5258,300
5259,300
5260,300
5261,300
5262,300
5263,300
5264,300
5265,300
5266,300
5267,300
5268,300
5269,300
5270,300
5271,300
5272,300
5273,300
5274,300
5275,300
5276,300
5277,300
5278,300
5279,300
5280,300
5281,300
5282,300
5283,300
5284,300
5285,300
5286,300
5287,300
5288,300
5289,300
5290,300
5291,300
5292,300
5293,300
5294,300
5295,300
5296,300
5297,300
5298,300
5299,300
5300,300
5301,300
5302,300
5303,300
5304,300
5305,300
5306,300
5307,300
5308,300
5309,300
5310,300
5311,300
5312,300
5313,300
5314,300
5315,300
5316,300
5317,300
5318,300
5319,300
5320,300
5321,300
5322,300
5323,300
5324,300
5325,300
5326,300
5327,300
5328,300
5329,300
5330,300
5331,300
5332,300
5333,300
5334,300
5335,300
5336,300
5337,300
5338,300
5339,300
5340,300
5341,300
5342,300
5343,300
5344,300
5345,300
5346,300
5347,300
5348,300
5349,300
5350,300
5351,300
5352,300
5353,300
5354,300
5355,300
5356,300
5357,300
5358,300
5359,300
5360,300
5361,300
5362,300
5363,300
5364,300
5365,300
5366,300
5367,300
5368,300
5369,300
5370,300
5371,300
5372,300
5373,300
5374,300
5375,300
5376,300
5377,300
5378,300
5379,300
5380,300
5381,300
5382,300
5383,300
5384,300
5385,300
5386,300
5387,300
5388,300
5389,300
5390,300
5391,300
5392,300
5393,300
5394,300
5395,300
5396,300
5397,300
5398,300
5399,300
5400,300
5401,300
5402,300
5403,300
5404,300
5405,300
5406,300
5407,300
5408,300
5409,300
5410,300
5411,300
5412,300
5413,300
5414,300
5415,300
5416,300
5417,300
5418,300
5419,300
5420,300
5421,300
5422,300
5423,300
5424,300
5425,300
5426,300
5427,300
5428,300
5429,300
5430,300
5431,300
5432,300
5433,300
5434,300
5435,300
5436,300
5437,300
5438,300
5439,300
5440,300
5441,300
5442,300
5443,300
5444,300
5445,300
5446,300
5447,300
5448,300
5449,300
5450,300
5451,300
5452,300
5453,300
5454,300
5455,300
5456,300
5457,300
5458,300
5459,300
5460,300
5461,300
5462,300
5463,300
5464,300
5465,300
5466,300
5467,300
5468,300
5469,300
5470,300
5471,300
5472,300
5473,300
5474,300
5475,300
5476,300
5477,300
5478,300
5479,300
5480,300
5481,300
5482,300
5483,300
5484,300
5485,300
5486,300
5487,300
5488,300
5489,300
5490,300
5491,300
5492,300
5493,300
5494,300
5495,300
5496,300
5497,300
5498,300
5499,300
5500,300
5501,300
5502,300
5503,300
5504,300
5505,300
5506,300
5507,300
5508,300
5509,300
5510,300
5511,300
5512,300
5513,300
5514,300
5515,300
5516,300
5517,300
5518,300
5519,300
5520,300
5521,300
5522,300
5523,300
5524,300
5525,300
5526,300
5527,300
5528,300
5529,300
5530,300
5531,300
5532,300
5533,300
5534,300
5535,300
5536,300
5537,300
5538,300
5539,300
5540,300
5541,300
5542,300
5543,300
5544,300
5545,300
5546,300
5547,300
5548,300
5549,300
5550,300
5551,300
5552,300
5553,300
5554,300
5555,300
5556,300
5557,300
5558,300
5559,300
5560,300
5561,300
5562,300
5563,300
5564,300
5565,300
5566,300
5567,300
5568,300
5569,300
5570,300
5571,300
5572,300
5573,300
5574,300
5575,300
5576,300
5577,300
5578,300
5579,300
5580,300
5581,300
5582,300
5583,300
5584,300
5585,300
5586,300
5587,300
5588,300
5589,300
5590,300
5591,300
5592,300
5593,300
5594,300
5595,300
5596,300
5597,300
5598,300
5599,300
5600,300
5601,300
5602,300
5603,300
5604,300
5605,300
5606,300
5607,300
5608,300
5609,300
5610,300
5611,300
5612,300
5613,300
5614,300
5615,300
5616,300
5617,300
5618,300
5619,300
5620,300
5621,300
5622,300
5623,300
5624,300
5625,300
5626,300
5627,300
5628,300
5629,300
5630,300
5631,300
5632,300
5633,300
5634,300
5635,300
5636,300
5637,300
5638,300
5639,300
5640,300
5641,300
5642,300
5643,300
5644,300
5645,300
5646,300
5647,300
5648,300
5649,300
5650,300
5651,300
5652,300
5653,300
5654,300
5655,300
5656,300
5657,300
5658,300
5659,300
5660,300
5661,300
5662,300
5663,300
5664,300
5665,300
5666,300
5667,300
5668,300
5669,300
5670,300
5671,300
5672,300
5673,300
5674,300
5675,300
5676,300
5677,300
5678,300
5679,300
5680,300
5681,300
5682,300
5683,300
5684,300
5685,300
5686,300
5687,300
5688,300
5689,300
5690,300
5691,300
5692,300
5693,300
5694,300
5695,300
5696,300
5697,300
5698,300
5699,300
5700,300
5701,300
5702,300
5703,300
5704,300
5705,300
5706,300
5707,300
5708,300
5709,300
5710,300
5711,300
5712,300
5713,300
5714,300
5715,300
5716,300
5717,300
5718,300
5719,300
5720,300
5721,300
5722,300
5723,300
5724,300
5725,300
5726,300
5727,300
5728,300
5729,300
5730,300
5731,300
5732,300
5733,300
5734,300
5735,300
5736,300
5737,300
5738,300
5739,300
5740,300
5741,300
5742,300
5743,300
5744,300
5745,300
5746,300
5747,300
5748,300
5749,300
5750,300
5751,300
5752,300
5753,300
5754,300
5755,300
5756,300
5757,300
5758,300
5759,300
5760,300
5761,300
5762,300
5763,300
5764,300
5765,300
5766,300
5767,300
5768,300
5769,300
5770,300
5771,300
5772,300
5773,300
5774,300
5775,300
5776,300
5777,300
5778,300
5779,300
5780,300
5781,300
5782,300
5783,300
5784,300
5785,300
5786,300
5787,300
5788,300
5789,300
5790,300
5791,300
5792,300
5793,300
5794,300
5795,300
5796,300
5797,300
5798,300
5799,300
5800,300
5801,300
5802,300
5803,300
5804,300
5805,300
5806,300
5807,300
5808,300
5809,300
5810,300
5811,300
5812,300
5813,300
5814,300
5815,300
5816,300
5817,300
5818,300
5819,300
5820,300
5821,300
5822,300
5823,300
5824,300
5825,300
5826,300
5827,300
5828,300
5829,300
5830,300
5831,300
5832,300
5833,300
5834,300
5835,300
5836,300
5837,300
5838,300
5839,300
5840,300
5841,300
5842,300
5843,300
5844,300
5845,300
5846,300
5847,300
5848,300
5849,300
5850,300
5851,300
5852,300
5853,300
5854,300
5855,300
5856,300
5857,300
5858,300
5859,300
5860,300
5861,300
5862,300
5863,300
5864,300
5865,300
5866,300
5867,300
5868,300
5869,300
5870,300
5871,300
5872,300
5873,300
5874,300
5875,300
5876,300
5877,300
5878,300
5879,300
5880,300
5881,300
5882,300
5883,300
5884,300
5885,300
5886,300
5887,300
5888,300
5889,300
5890,300
5891,300
5892,300
5893,300
5894,300
5895,300
5896,300
5897,300
5898,300
5899,300
5900,300
5901,300
5902,300
5903,300
5904,300
5905,300
5906,300
5907,300
5908,300
5909,300
5910,300
5911,300
5912,300
5913,300
5914,300
5915,300
5916,300
5917,300
5918,300
5919,300
5920,300
5921,300
5922,300
5923,300
5924,300
5925,300
5926,300
5927,300
5928,300
5929,300
5930,300
5931,300
5932,300
5933,300
5934,300
5935,300
5936,300
5937,300
5938,300
5939,300
5940,300
5941,300
5942,300
5943,300
5944,300
5945,300
5946,300
5947,300
5948,300
5949,300
5950,300
5951,300
5952,300
5953,300
5954,300
5955,300
5956,300
5957,300
5958,300
5959,300
5960,300
5961,300
5962,300
5963,300
5964,300
5965,300
5966,300
5967,300
5968,300
5969,300
5970,300
5971,300
5972,300
5973,300
5974,300
5975,300
5976,300
5977,300
5978,300
5979,300
5980,300
5981,300
5982,300
5983,300
5984,300
5985,300
5986,300
5987,300
5988,300
5989,300
5990,300
5991,300
5992,300
5993,300
5994,300
5995,300
5996,300
5997,300
5998,300
5999,300
6000,300
6001,300
6002,300
6003,300
6004,300
6005,300
6006,300
6007,300
6008,300
6009,300
6010,300
6011,300
6012,300
6013,300
6014,300
6015,300
6016,300
6017,300
6018,300
6019,300
6020,300
6021,300
6022,300
6023,300
6024,300
6025,300
6026,300
6027,300
6028,300
6029,300
6030,300
6031,300
6032,300
6033,300
6034,300
6035,300
6036,300
6037,300
6038,300
6039,300
6040,300
6041,300
6042,300
6043,300
6044,300
6045,300
6046,300
6047,300
6048,300
6049,300
6050,300
6051,300
6052,300
6053,300
6054,300
6055,300
6056,300
6057,300
6058,300
6059,300
6060,300
6061,300
6062,300
6063,300
6064,300
6065,300
6066,300
6067,300
6068,300
6069,300
6070,300
6071,300
6072,300
6073,300
6074,300
6075,300
6076,300
6077,300
6078,300
6079,300
6080,300
6081,300
6082,300
6083,300
6084,300
6085,300
6086,300
6087,300
6088,300
6089,300
6090,300
6091,300
6092,300
6093,300
6094,300
6095,300
6096,300
6097,300
6098,300
6099,300
6100,300
6101,300
6102,300
6103,300
6104,300
6105,300
6106,300
6107,300
6108,300
6109,300
6110,300
6111,300
6112,300
6113,300
6114,300
6115,300
6116,300
6117,300
6118,300
6119,300
6120,300
6121,300
6122,300
6123,300
6124,300
6125,300
6126,300
6127,300
6128,300
6129,300
6130,300
6131,300
6132,300
6133,300
6134,300
6135,300
6136,300
6137,300
6138,300
6139,300
6140,300
6141,300
6142,300
6143,300
6144,300
6145,300
6146,300
6147,300
6148,300
6149,300
6150,300
6151,300
6152,300
6153,300
6154,300
6155,300
6156,300
6157,300
6158,300
6159,300
6160,300
6161,300
6162,300
6163,300
6164,300
6165,300
6166,300
6167,300
6168,300
6169,300
6170,300
6171,300
6172,300
6173,300
6174,300
6175,300
6176,300
6177,300
6178,300
6179,300
6180,300
6181,300
6182,300
6183,300
6184,300
6185,300
6186,300
6187,300
6188,300
6189,300
6190,300
6191,300
6192,300
6193,300
6194,300
6195,300
6196,300
6197,300
6198,300
6199,300
6200,300
6201,300
6202,300
6203,300
6204,300
6205,300
6206,300
6207,300
6208,300
6209,300
6210,300
6211,300
6212,300
6213,300
6214,300
6215,300
6216,300
6217,300
6218,300
6219,300
6220,300
6221,300
6222,300
6223,300
6224,300
6225,300
6226,300
6227,300
6228,300
6229,300
6230,300
6231,300
6232,300
6233,300
6234,300
6235,300
6236,300
6237,300
6238,300
6239,300
6240,300
6241,300
6242,300
6243,300
6244,300
6245,300
6246,300
6247,300
6248,300
6249,300
6250,300
6251,300
6252,300
6253,300
6254,300
6255,300
6256,300
6257,300
6258,300
6259,300
6260,300
6261,300
6262,300
6263,300
6264,300
6265,300
6266,300
6267,300
6268,300
6269,300
6270,300
6271,300
6272,300
6273,300
6274,300
6275,300
6276,300
6277,300
6278,300
6279,300
6280,300
6281,300
6282,300
6283,300
6284,300
6285,300
6286,300
6287,300
6288,300
6289,300
6290,300
6291,300
6292,300
6293,300
6294,300
6295,300
6296,300
6297,300
6298,300
6299,300
6300,300
6301,300
6302,300
6303,300
6304,300
6305,300
6306,300
6307,300
6308,300
6309,300
6310,300
6311,300
6312,300
6313,300
6314,300
6315,300
6316,300
6317,300
6318,300
6319,300
6320,300
6321,300
6322,300
6323,300
6324,300
6325,300
6326,300
6327,300
6328,300
6329,300
6330,300
6331,300
6332,300
6333,300
6334,300
6335,300
6336,300
6337,300
6338,300
6339,300
6340,300
6341,300
6342,300
6343,300
6344,300
6345,300
6346,300
6347,300
6348,300
6349,300
6350,300
6351,300
6352,300
6353,300
6354,300
6355,300
6356,300
6357,300
6358,300
6359,300
6360,300
6361,300
6362,300
6363,300
6364,300
6365,300
6366,300
6367,300
6368,300
6369,300
6370,300
6371,300
6372,300
6373,300
6374,300
6375,300
6376,300
6377,300
6378,300
6379,300
6380,300
6381,300
6382,300
6383,300
6384,300
6385,300
6386,300
6387,300
6388,300
6389,300
6390,300
6391,300
6392,300
6393,300
6394,300
6395,300
6396,300
6397,300
6398,300
6399,300
6400,300
6401,300
6402,300
6403,300
6404,300
6405,300
6406,300
6407,300
6408,300
6409,300
6410,300
6411,300
6412,300
6413,300
6414,300
6415,300
6416,300
6417,300
6418,300
6419,300
6420,300
6421,300
6422,300
6423,300
6424,300
6425,300
6426,300
6427,300
6428,300
6429,300
6430,300
6431,300
6432,300
6433,300
6434,300
6435,300
6436,300
6437,300
6438,300
6439,300
6440,300
6441,300
6442,300
6443,300
6444,300
6445,300
6446,300
6447,300
6448,300
6449,300
6450,300
6451,300
6452,300
6453,300
6454,300
6455,300
6456,300
6457,300
6458,300
6459,300
6460,300
6461,300
6462,300
6463,300
6464,300
6465,300
6466,300
6467,300
6468,300
6469,300
6470,300
6471,300
6472,300
6473,300
6474,300
6475,300
6476,300
6477,300
6478,300
6479,300
6480,300
6481,300
6482,300
6483,300
6484,300
6485,300
6486,300
6487,300
6488,300
6489,300
6490,300
6491,300
6492,300
6493,300
6494,300
6495,300
6496,300
6497,300
6498,300
6499,300
6500,300
6501,300
6502,300
6503,300
6504,300
6505,300
6506,300
6507,300
6508,300
6509,300
6510,300
6511,300
6512,300
6513,300
6514,300
6515,300
6516,300
6517,300
6518,300
6519,300
6520,300
6521,300
6522,300
6523,300
6524,300
6525,300
6526,300
6527,300
6528,300
6529,300
6530,300
6531,300
6532,300
6533,300
6534,300
6535,300
6536,300
6537,300
6538,300
6539,300
6540,300
6541,300
6542,300
6543,300
6544,300
6545,300
6546,300
6547,300
6548,300
6549,300
6550,300
6551,300
6552,300
6553,300
6554,300
6555,300
6556,300
6557,300
6558,300
6559,300
6560,300
6561,300
6562,300
6563,300
6564,300
6565,300
6566,300
6567,300
6568,300
6569,300
6570,300
6571,300
6572,300
6573,300
6574,300
6575,300
6576,300
6577,300
6578,300
6579,300
6580,300
6581,300
6582,300
6583,300
6584,300
6585,300
6586,300
6587,300
6588,300
6589,300
6590,300
6591,300
6592,300
6593,300
6594,300
6595,300
6596,300
6597,300
6598,300
6599,300
6600,300
6601,300
6602,300
6603,300
6604,300
6605,300
6606,300
6607,300
6608,300
6609,300
6610,300
6611,300
6612,300
6613,300
6614,300
6615,300
6616,300
6617,300
6618,300
6619,300
6620,300
6621,300
6622,300
6623,300
6624,300
6625,300
6626,300
6627,300
6628,300
6629,300
6630,300
6631,300
6632,300
6633,300
6634,300
6635,300
6636,300
6637,300
6638,300
6639,300
6640,300
6641,300
6642,300
6643,300
6644,300
6645,300
6646,300
6647,300
6648,300
6649,300
6650,300
6651,300
6652,300
6653,300
6654,300
6655,300
6656,300
6657,300
6658,300
6659,300
6660,300
6661,300
6662,300
6663,300
6664,300
6665,300
6666,300
6667,300
6668,300
6669,300
6670,300
6671,300
6672,300
6673,300
6674,300
6675,300
6676,300
6677,300
6678,300
6679,300
6680,300
6681,300
6682,300
6683,300
6684,300
6685,300
6686,300
6687,300
6688,300
6689,300
6690,300
6691,300
6692,300
6693,300
6694,300
6695,300
6696,300
6697,300
6698,300
6699,300
6700,300
6701,300
6702,300
6703,300
6704,300
6705,300
6706,300
6707,300
6708,300
6709,300
6710,300
6711,300
6712,300
6713,300
6714,300
6715,300
6716,300
6717,300
6718,300
6719,300
6720,300
6721,300
6722,300
6723,300
6724,300
6725,300
6726,300
6727,300
6728,300
6729,300
6730,300
6731,300
6732,300
6733,300
6734,300
6735,300
6736,300
6737,300
6738,300
6739,300
6740,300
6741,300
6742,300
6743,300
6744,300
6745,300
6746,300
6747,300
6748,300
6749,300
6750,300
6751,300
6752,300
6753,300
6754,300
6755,300
6756,300
6757,300
6758,300
6759,300
6760,300
6761,300
6762,300
6763,300
6764,300
6765,300
6766,300
6767,300
6768,300
6769,300
6770,300
6771,300
6772,300
6773,300
6774,300
6775,300
6776,300
6777,300
6778,300
6779,300
6780,300
6781,300
6782,300
6783,300
6784,300
6785,300
6786,300
6787,300
6788,300
6789,300
6790,300
6791,300
6792,300
6793,300
6794,300
6795,300
6796,300
6797,300
6798,300
6799,300
6800,300
6801,300
6802,300
6803,300
6804,300
6805,300
6806,300
6807,300
6808,300
6809,300
6810,300
6811,300
6812,300
6813,300
6814,300
6815,300
6816,300
6817,300
6818,300
6819,300
6820,300
6821,300
6822,300
6823,300
6824,300
6825,300
6826,300
6827,300
6828,300
6829,300
6830,300
6831,300
6832,300
6833,300
6834,300
6835,300
6836,300
6837,300
6838,300
6839,300
6840,300
6841,300
6842,300
6843,300
6844,300
6845,300
6846,300
6847,300
6848,300
6849,300
6850,300
6851,300
6852,300
6853,300
6854,300
6855,300
6856,300
6857,300
6858,300
6859,300
6860,300
6861,300
6862,300
6863,300
6864,300
6865,300
6866,300
6867,300
6868,300
6869,300
6870,300
6871,300
6872,300
6873,300
6874,300
6875,300
6876,300
6877,300
6878,300
6879,300
6880,300
6881,300
6882,300
6883,300
6884,300
6885,300
6886,300
6887,300
6888,300
6889,300
6890,300
6891,300
6892,300
6893,300
6894,300
6895,300
6896,300
6897,300
6898,300
6899,300
6900,300
6901,300
6902,300
6903,300
6904,300
6905,300
6906,300
6907,300
6908,300
6909,300
6910,300
6911,300
6912,300
6913,300
6914,300
6915,300
6916,300
6917,300
6918,300
6919,300
6920,300
6921,300
6922,300
6923,300
6924,300
6925,300
6926,300
6927,300
6928,300
6929,300
6930,300
6931,300
6932,300
6933,300
6934,300
6935,300
6936,300
6937,300
6938,300
6939,300
6940,300
6941,300
6942,300
6943,300
6944,300
6945,300
6946,300
6947,300
6948,300
6949,300
6950,300
6951,300
6952,300
6953,300
6954,300
6955,300
6956,300
6957,300
6958,300
6959,300
6960,300
6961,300
6962,300
6963,300
6964,300
6965,300
6966,300
6967,300
6968,300
6969,300
6970,300
6971,300
6972,300
6973,300
6974,300
6975,300
6976,300
6977,300
6978,300
6979,300
6980,300
6981,300
6982,300
6983,300
6984,300
6985,300
6986,300
6987,300
6988,300
6989,300
6990,300
6991,300
6992,300
6993,300
6994,300
6995,300
6996,300
6997,300
6998,300
6999,300
7000,300
7001,300
7002,300
7003,300
7004,300
7005,300
7006,300
7007,300
7008,300
7009,300
7010,300
7011,300
7012,300
7013,300
7014,300
7015,300
7016,300
7017,300
7018,300
7019,300
7020,300
7021,300
7022,300
7023,300
7024,300
7025,300
7026,300
7027,300
7028,300
7029,300
7030,300
7031,300
7032,300
7033,300
7034,300
7035,300
7036,300
7037,300
7038,300
7039,300
7040,300
7041,300
7042,300
7043,300
7044,300
7045,300
7046,300
7047,300
7048,300
7049,300
7050,300
7051,300
7052,300
7053,300
7054,300
7055,300
7056,300
7057,300
7058,300
7059,300
7060,300
7061,300
7062,300
7063,300
7064,300
7065,300
7066,300
7067,300
7068,300
7069,300
7070,300
7071,300
7072,300
7073,300
7074,300
7075,300
7076,300
7077,300
7078,300
7079,300
7080,300
7081,300
7082,300
7083,300
7084,300
7085,300
7086,300
7087,300
7088,300
7089,300
7090,300
7091,300
7092,300
7093,300
7094,300
7095,300
7096,300
7097,300
7098,300
7099,300
7100,300
7101,300
7102,300
7103,300
7104,300
7105,300
7106,300
7107,300
7108,300
7109,300
7110,300
7111,300
7112,300
7113,300
7114,300
7115,300
7116,300
7117,300
7118,300
7119,300
7120,300
7121,300
7122,300
7123,300
7124,300
7125,300
7126,300
7127,300
7128,300
7129,300
7130,300
7131,300
7132,300
7133,300
7134,300
7135,300
7136,300
7137,300
7138,300
7139,300
7140,300
7141,300
7142,300
7143,300
7144,300
7145,300
7146,300
7147,300
7148,300
7149,300
7150,300
7151,300
7152,300
7153,300
7154,300
7155,300
7156,300
7157,300
7158,300
7159,300
7160,300
7161,300
7162,300
7163,300
7164,300
7165,300
7166,300
7167,300
7168,300
7169,300
7170,300
7171,300
7172,300
7173,300
7174,300
7175,300
7176,300
7177,300
7178,300
7179,300
7180,300
7181,300
7182,300
7183,300
7184,300
7185,300
7186,300
7187,300
7188,300
7189,300
7190,300
7191,300
7192,300
7193,300
7194,300
7195,300
7196,300
7197,300
7198,300
7199,300
7200,300
7201,300
7202,300
7203,300
7204,300
7205,300
7206,300
7207,300
7208,300
7209,300
7210,300
7211,300
7212,300
7213,300
7214,300
7215,300
7216,300
7217,300
7218,300
7219,300
7220,300
7221,300
7222,300
7223,300
7224,300
7225,300
7226,300
7227,300
7228,300
7229,300
7230,300
7231,300
7232,300
7233,300
7234,300
7235,300
7236,300
7237,300
7238,300
7239,300
7240,300
7241,300
7242,300
7243,300
7244,300
7245,300
7246,300
7247,300
7248,300
7249,300
7250,300
7251,300
7252,300
7253,300
7254,300
7255,300
7256,300
7257,300
7258,300
7259,300
7260,300
7261,300
7262,300
7263,300
7264,300
7265,300
7266,300
7267,300
7268,300
7269,300
7270,300
7271,300
7272,300
7273,300
7274,300
7275,300
7276,300
7277,300
7278,300
7279,300
7280,300
7281,300
7282,300
7283,300
7284,300
7285,300
7286,300
7287,300
7288,300
7289,300
7290,300
7291,300
7292,300
7293,300
7294,300
7295,300
7296,300
7297,300
7298,300
7299,300
7300,300
7301,300
7302,300
7303,300
7304,300
7305,300
7306,300
7307,300
7308,300
7309,300
7310,300
7311,300
7312,300
7313,300
7314,300
7315,300
7316,300
7317,300
7318,300
7319,300
7320,300
7321,300
7322,300
7323,300
7324,300
7325,300
7326,300
7327,300
7328,300
7329,300
7330,300
7331,300
7332,300
7333,300
7334,300
7335,300
7336,300
7337,300
7338,300
7339,300
7340,300
7341,300
7342,300
7343,300
7344,300
7345,300
7346,300
7347,300
7348,300
7349,300
7350,300
7351,300
7352,300
7353,300
7354,300
7355,300
7356,300
7357,300
7358,300
7359,300
7360,300
7361,300
7362,300
7363,300
7364,300
7365,300
7366,300
7367,300
7368,300
7369,300
7370,300
7371,300
7372,300
7373,300
7374,300
7375,300
7376,300
7377,300
7378,300
7379,300
7380,300
7381,300
7382,300
7383,300
7384,300
7385,300
7386,300
7387,300
7388,300
7389,300
7390,300
7391,300
7392,300
7393,300
7394,300
7395,300
7396,300
7397,300
7398,300
7399,300
7400,300
7401,300
7402,300
7403,300
7404,300
7405,300
7406,300
7407,300
7408,300
7409,300
7410,300
7411,300
7412,300
7413,300
7414,300
7415,300
7416,300
7417,300
7418,300
7419,300
7420,300
7421,300
7422,300
7423,300
7424,300
7425,300
7426,300
7427,300
7428,300
7429,300
7430,300
7431,300
7432,300
7433,300
7434,300
7435,300
7436,300
7437,300
7438,300
7439,300
7440,300
7441,300
7442,300
7443,300
7444,300
7445,300
7446,300
7447,300
7448,300
7449,300
7450,300
7451,300
7452,300
7453,300
7454,300
7455,300
7456,300
7457,300
7458,300
7459,300
7460,300
7461,300
7462,300
7463,300
7464,300
7465,300
7466,300
7467,300
7468,300
7469,300
7470,300
7471,300
7472,300
7473,300
7474,300
7475,300
7476,300
7477,300
7478,300
7479,300
7480,300
7481,300
7482,300
7483,300
7484,300
7485,300
7486,300
7487,300
7488,300
7489,300
7490,300
7491,300
7492,300
7493,300
7494,300
7495,300
7496,300
7497,300
7498,300
7499,300
7500,300
7501,300
7502,300
7503,300
7504,300
7505,300
7506,300
7507,300
7508,300
7509,300
7510,300
7511,300
7512,300
7513,300
7514,300
7515,300
7516,300
7517,300
7518,300
7519,300
7520,300
7521,300
7522,300
7523,300
7524,300
7525,300
7526,300
7527,300
7528,300
7529,300
7530,300
7531,300
7532,300
7533,300
7534,300
7535,300
7536,300
7537,300
7538,300
7539,300
7540,300
7541,300
7542,300
7543,300
7544,300
7545,300
7546,300
7547,300
7548,300
7549,300
7550,300
7551,300
7552,300
7553,300
7554,300
7555,300
7556,300
7557,300
7558,300
7559,300
7560,300
7561,300
7562,300
7563,300
7564,300
7565,300
7566,300
7567,300
7568,300
7569,300
7570,300
7571,300
7572,300
7573,300
7574,300
7575,300
7576,300
7577,300
7578,300
7579,300
7580,300
7581,300
7582,300
7583,300
7584,300
7585,300
7586,300
7587,300
7588,300
7589,300
7590,300
7591,300
7592,300
7593,300
7594,300
7595,300
7596,300
7597,300
7598,300
7599,300
7600,300
7601,300
7602,300
7603,300
7604,300
7605,300
7606,300
7607,300
7608,300
7609,300
7610,300
7611,300
7612,300
7613,300
7614,300
7615,300
7616,300
7617,300
7618,300
7619,300
7620,300
7621,300
7622,300
7623,300
7624,300
7625,300
7626,300
7627,300
7628,300
7629,300
7630,300
7631,300
7632,300
7633,300
7634,300
7635,300
7636,300
7637,300
7638,300
7639,300
7640,300
7641,300
7642,300
7643,300
7644,300
7645,300
7646,300
7647,300
7648,300
7649,300
7650,300
7651,300
7652,300
7653,300
7654,300
7655,300
7656,300
7657,300
7658,300
7659,300
7660,300
7661,300
7662,300
7663,300
7664,300
7665,300
7666,300
7667,300
7668,300
7669,300
7670,300
7671,300
7672,300
7673,300
7674,300
7675,300
7676,300
7677,300
7678,300
7679,300
7680,300
7681,300
7682,300
7683,300
7684,300
7685,300
7686,300
7687,300
7688,300
7689,300
7690,300
7691,300
7692,300
7693,300
7694,300
7695,300
7696,300
7697,300
7698,300
7699,300
7700,300
7701,300
7702,300
7703,300
7704,300
7705,300
7706,300
7707,300
7708,300
7709,300
7710,300
7711,300
7712,300
7713,300
7714,300
7715,300
7716,300
7717,300
7718,300
7719,300
7720,300
7721,300
7722,300
7723,300
7724,300
7725,300
7726,300
7727,300
7728,300
7729,300
7730,300
7731,300
7732,300
7733,300
7734,300
7735,300
7736,300
7737,300
7738,300
7739,300
7740,300
7741,300
7742,300
7743,300
7744,300
7745,300
7746,300
7747,300
7748,300
7749,300
7750,300
7751,300
7752,300
7753,300
7754,300
7755,300
7756,300
7757,300
7758,300
7759,300
7760,300
7761,300
7762,300
7763,300
7764,300
7765,300
7766,300
7767,300
7768,300
7769,300
7770,300
7771,300
7772,300
7773,300
7774,300
7775,300
7776,300
7777,300
7778,300
7779,300
7780,300
7781,300
7782,300
7783,300
7784,300
7785,300
7786,300
7787,300
7788,300
7789,300
7790,300
7791,300
7792,300
7793,300
7794,300
7795,300
7796,300
7797,300
7798,300
7799,300
7800,300
7801,300
7802,300
7803,300
7804,300
7805,300
7806,300
7807,300
7808,300
7809,300
7810,300
7811,300
7812,300
7813,300
7814,300
7815,300
7816,300
7817,300
7818,300
7819,300
7820,300
7821,300
7822,300
7823,300
7824,300
7825,300
7826,300
7827,300
7828,300
7829,300
7830,300
7831,300
7832,300
7833,300
7834,300
7835,300
7836,300
7837,300
7838,300
7839,300
7840,300
7841,300
7842,300
7843,300
7844,300
7845,300
7846,300
7847,300
7848,300
7849,300
7850,300
7851,300
7852,300
7853,300
7854,300
7855,300
7856,300
7857,300
7858,300
7859,300
7860,300
7861,300
7862,300
7863,300
7864,300
7865,300
7866,300
7867,300
7868,300
7869,300
7870,300
7871,300
7872,300
7873,300
7874,300
7875,300
7876,300
7877,300
7878,300
7879,300
7880,300
7881,300
7882,300
7883,300
7884,300
7885,300
7886,300
7887,300
7888,300
7889,300
7890,300
7891,300
7892,300
7893,300
7894,300
7895,300
7896,300
7897,300
7898,300
7899,300
7900,300
7901,300
7902,300
7903,300
7904,300
7905,300
7906,300
7907,300
7908,300
7909,300
7910,300
7911,300
7912,300
7913,300
7914,300
7915,300
7916,300
7917,300
7918,300
7919,300
7920,300
7921,300
7922,300
7923,300
7924,300
7925,300
7926,300
7927,300
7928,300
7929,300
7930,300
7931,300
7932,300
7933,300
7934,300
7935,300
7936,300
7937,300
7938,300
7939,300
7940,300
7941,300
7942,300
7943,300
7944,300
7945,300
7946,300
7947,300
7948,300
7949,300
7950,300
7951,300
7952,300
7953,300
7954,300
7955,300
7956,300
7957,300
7958,300
7959,300
7960,300
7961,300
7962,300
7963,300
7964,300
7965,300
7966,300
7967,300
7968,300
7969,300
7970,300
7971,300
7972,300
7973,300
7974,300
7975,300
7976,300
7977,300
7978,300
7979,300
7980,300
7981,300
7982,300
7983,300
7984,300
7985,300
7986,300
7987,300
7988,300
7989,300
7990,300
7991,300
7992,300
7993,300
7994,300
7995,300
7996,300
7997,300
7998,300
7999,300
8000,300
8001,300
8002,300
8003,300
8004,300
8005,300
8006,300
8007,300
8008,300
8009,300
8010,300
8011,300
8012,300
8013,300
8014,300
8015,300
8016,300
8017,300
8018,300
8019,300
8020,300
8021,300
8022,300
8023,300
8024,300
8025,300
8026,300
8027,300
8028,300
8029,300
8030,300
8031,300
8032,300
8033,300
8034,300
8035,300
8036,300
8037,300
8038,300
8039,300
8040,300
8041,300
8042,300
8043,300
8044,300
8045,300
8046,300
8047,300
8048,300
8049,300
8050,300
8051,300
8052,300
8053,300
8054,300
8055,300
8056,300
8057,300
8058,300
8059,300
8060,300
8061,300
8062,300
8063,300
8064,300
8065,300
8066,300
8067,300
8068,300
8069,300
8070,300
8071,300
8072,300
8073,300
8074,300
8075,300
8076,300
8077,300
8078,300
8079,300
8080,300
8081,300
8082,300
8083,300
8084,300
8085,300
8086,300
8087,300
8088,300
8089,300
8090,300
8091,300
8092,300
8093,300
8094,300
8095,300
8096,300
8097,300
8098,300
8099,300
8100,300
8101,300
8102,300
8103,300
8104,300
8105,300
8106,300
8107,300
8108,300
8109,300
8110,300
8111,300
8112,300
8113,300
8114,300
8115,300
8116,300
8117,300
8118,300
8119,300
8120,300
8121,300
8122,300
8123,300
8124,300
8125,300
8126,300
8127,300
8128,300
8129,300
8130,300
8131,300
8132,300
8133,300
8134,300
8135,300
8136,300
8137,300
8138,300
8139,300
8140,300
8141,300
8142,300
8143,300
8144,300
8145,300
8146,300
8147,300
8148,300
8149,300
8150,300
8151,300
8152,300
8153,300
8154,300
8155,300
8156,300
8157,300
8158,300
8159,300
8160,300
8161,300
8162,300
8163,300
8164,300
8165,300
8166,300
8167,300
8168,300
8169,300
8170,300
8171,300
8172,300
8173,300
8174,300
8175,300
8176,300
8177,300
8178,300
8179,300
8180,300
8181,300
8182,300
8183,300
8184,300
8185,300
8186,300
8187,300
8188,300
8189,300
8190,300
8191,300
8192,300
8193,300
8194,300
8195,300
8196,300
8197,300
8198,300
8199,300
8200,300
8201,300
8202,300
8203,300
8204,300
8205,300
8206,300
8207,300
8208,300
8209,300
8210,300
8211,300
8212,300
8213,300
8214,300
8215,300
8216,300
8217,300
8218,300
8219,300
8220,300
8221,300
8222,300
8223,300
8224,300
8225,300
8226,300
8227,300
8228,300
8229,300
8230,300
8231,300
8232,300
8233,300
8234,300
8235,300
8236,300
8237,300
8238,300
8239,300
8240,300
8241,300
8242,300
8243,300
8244,300
8245,300
8246,300
8247,300
8248,300
8249,300
8250,300
8251,300
8252,300
8253,300
8254,300
8255,300
8256,300
8257,300
8258,300
8259,300
8260,300
8261,300
8262,300
8263,300
8264,300
8265,300
8266,300
8267,300
8268,300
8269,300
8270,300
8271,300
8272,300
8273,300
8274,300
8275,300
8276,300
8277,300
8278,300
8279,300
8280,300
8281,300
8282,300
8283,300
8284,300
8285,300
8286,300
8287,300
8288,300
8289,300
8290,300
8291,300
8292,300
8293,300
8294,300
8295,300
8296,300
8297,300
8298,300
8299,300
8300,300
8301,300
8302,300
8303,300
8304,300
8305,300
8306,300
8307,300
8308,300
8309,300
8310,300
8311,300
8312,300
8313,300
8314,300
8315,300
8316,300
8317,300
8318,300
8319,300
8320,300
8321,300
8322,300
8323,300
8324,300
8325,300
8326,300
8327,300
8328,300
8329,300
8330,300
8331,300
8332,300
8333,300
8334,300
8335,300
8336,300
8337,300
8338,300
8339,300
8340,300
8341,300
8342,300
8343,300
8344,300
8345,300
8346,300
8347,300
8348,300
8349,300
8350,300
8351,300
8352,300
8353,300
8354,300
8355,300
8356,300
8357,300
8358,300
8359,300
8360,300
8361,300
8362,300
8363,300
8364,300
8365,300
8366,300
8367,300
8368,300
8369,300
8370,300
8371,300
8372,300
8373,300
8374,300
8375,300
8376,300
8377,300
8378,300
8379,300
8380,300
8381,300
8382,300
8383,300
8384,300
8385,300
8386,300
8387,300
8388,300
8389,300
8390,300
8391,300
8392,300
8393,300
8394,300
8395,300
8396,300
8397,300
8398,300
8399,300
8400,300
8401,300
8402,300
8403,300
8404,300
8405,300
8406,300
8407,300
8408,300
8409,300
8410,300
8411,300
8412,300
8413,300
8414,300
8415,300
8416,300
8417,300
8418,300
8419,300
8420,300
8421,300
8422,300
8423,300
8424,300
8425,300
8426,300
8427,300
8428,300
8429,300
8430,300
8431,300
8432,300
8433,300
8434,300
8435,300
8436,300
8437,300
8438,300
8439,300
8440,300
8441,300
8442,300
8443,300
8444,300
8445,300
8446,300
8447,300
8448,300
8449,300
8450,300
8451,300
8452,300
8453,300
8454,300
8455,300
8456,300
8457,300
8458,300
8459,300
8460,300
8461,300
8462,300
8463,300
8464,300
8465,300
8466,300
8467,300
8468,300
8469,300
8470,300
8471,300
8472,300
8473,300
8474,300
8475,300
8476,300
8477,300
8478,300
8479,300
8480,300
8481,300
8482,300
8483,300
8484,300
8485,300
8486,300
8487,300
8488,300
8489,300
8490,300
8491,300
8492,300
8493,300
8494,300
8495,300
8496,300
8497,300
8498,300
8499,300
8500,300
8501,300
8502,300
8503,300
8504,300
8505,300
8506,300
8507,300
8508,300
8509,300
8510,300
8511,300
8512,300
8513,300
8514,300
8515,300
8516,300
8517,300
8518,300
8519,300
8520,300
8521,300
8522,300
8523,300
8524,300
8525,300
8526,300
8527,300
8528,300
8529,300
8530,300
8531,300
8532,300
8533,300
8534,300
8535,300
8536,300
8537,300
8538,300
8539,300
8540,300
8541,300
8542,300
8543,300
8544,300
8545,300
8546,300
8547,300
8548,300
8549,300
8550,300
8551,300
8552,300
8553,300
8554,300
8555,300
8556,300
8557,300
8558,300
8559,300
8560,300
8561,300
8562,300
8563,300
8564,300
8565,300
8566,300
8567,300
8568,300
8569,300
8570,300
8571,300
8572,300
8573,300
8574,300
8575,300
8576,300
8577,300
8578,300
8579,300
8580,300
8581,300
8582,300
8583,300
8584,300
8585,300
8586,300
8587,300
8588,300
8589,300
8590,300
8591,300
8592,300
8593,300
8594,300
8595,300
8596,300
8597,300
8598,300
8599,300
8600,300
8601,300
8602,300
8603,300
8604,300
8605,300
8606,300
8607,300
8608,300
8609,300
8610,300
8611,300
8612,300
8613,300
8614,300
8615,300
8616,300
8617,300
8618,300
8619,300
8620,300
8621,300
8622,300
8623,300
8624,300
8625,300
8626,300
8627,300
8628,300
8629,300
8630,300
8631,300
8632,300
8633,300
8634,300
8635,300
8636,300
8637,300
8638,300
8639,300
8640,300
8641,300
8642,300
8643,300
8644,300
8645,300
8646,300
8647,300
8648,300
8649,300
8650,300
8651,300
8652,300
8653,300
8654,300
8655,300
8656,300
8657,300
8658,300
8659,300
8660,300
8661,300
8662,300
8663,300
8664,300
8665,300
8666,300
8667,300
8668,300
8669,300
8670,300
8671,300
8672,300
8673,300
8674,300
8675,300
8676,300
8677,300
8678,300
8679,300
8680,300
8681,300
8682,300
8683,300
8684,300
8685,300
8686,300
8687,300
8688,300
8689,300
8690,300
8691,300
8692,300
8693,300
8694,300
8695,300
8696,300
8697,300
8698,300
8699,300
8700,300
8701,300
8702,300
8703,300
8704,300
8705,300
8706,300
8707,300
8708,300
8709,300
8710,300
8711,300
8712,300
8713,300
8714,300
8715,300
8716,300
8717,300
8718,300
8719,300
8720,300
8721,300
8722,300
8723,300
8724,300
8725,300
8726,300
8727,300
8728,300
8729,300
8730,300
8731,300
8732,300
8733,300
8734,300
8735,300
8736,300
8737,300
8738,300
8739,300
8740,300
8741,300
8742,300
8743,300
8744,300
8745,300
8746,300
8747,300
8748,300
8749,300
8750,300
8751,300
8752,300
8753,300
8754,300
8755,300
8756,300
8757,300
8758,300
8759,300
8760,300
