*Hour,LargeHydro
1,582
2,570
3,599
4,650
5,687
6,720
7,729
8,636
9,587
10,549
11,524
12,511
13,477
14,502
15,527
16,569
17,653
18,753
19,805
20,804
21,718
22,674
23,608
24,577
25,536
26,549
27,548
28,584
29,660
30,719
31,703
32,598
33,574
34,548
35,492
36,466
37,452
38,456
39,485
40,546
41,615
42,679
43,745
44,746
45,671
46,629
47,585
48,568
49,547
50,543
51,563
52,597
53,645
54,702
55,697
56,610
57,556
58,522
59,482
60,434
61,401
62,405
63,459
64,511
65,603
66,685
67,751
68,760
69,702
70,659
71,588
72,567
73,542
74,546
75,570
76,611
77,686
78,733
79,701
80,638
81,573
82,509
83,491
84,449
85,434
86,442
87,486
88,541
89,639
90,711
91,785
92,793
93,731
94,720
95,645
96,641
97,642
98,666
99,672
100,702
101,723
102,763
103,752
104,646
105,568
106,539
107,519
108,518
109,500
110,525
111,566
112,634
113,677
114,763
115,812
116,831
117,833
118,831
119,834
120,802
121,784
122,776
123,784
124,788
125,803
126,816
127,759
128,731
129,665
130,588
131,583
132,589
133,553
134,579
135,634
136,737
137,782
138,809
139,837
140,854
141,857
142,854
143,837
144,838
145,788
146,791
147,817
148,821
149,836
150,847
151,885
152,866
153,862
154,869
155,888
156,882
157,863
158,898
159,947
160,935
161,921
162,920
163,909
164,891
165,881
166,870
167,853
168,864
169,867
170,871
171,870
172,878
173,869
174,869
175,874
176,866
177,853
178,844
179,866
180,873
181,850
182,865
183,887
184,889
185,886
186,892
187,898
188,902
189,889
190,876
191,877
192,876
193,853
194,879
195,886
196,901
197,897
198,898
199,880
200,865
201,844
202,849
203,852
204,856
205,829
206,832
207,855
208,862
209,876
210,905
211,925
212,892
213,871
214,871
215,832
216,835
217,815
218,842
219,865
220,880
221,866
222,850
223,846
224,839
225,858
226,848
227,842
228,817
229,779
230,814
231,817
232,835
233,838
234,892
235,905
236,896
237,866
238,836
239,817
240,795
241,802
242,859
243,849
244,868
245,875
246,892
247,857
248,840
249,811
250,794
251,788
252,783
253,774
254,818
255,839
256,899
257,919
258,925
259,936
260,924
261,909
262,910
263,888
264,883
265,857
266,860
267,864
268,882
269,884
270,904
271,911
272,906
273,900
274,932
275,914
276,896
277,883
278,900
279,927
280,938
281,965
282,975
283,962
284,965
285,935
286,932
287,925
288,930
289,929
290,931
291,963
292,966
293,956
294,935
295,921
296,907
297,885
298,899
299,910
300,920
301,891
302,911
303,938
304,958
305,951
306,961
307,965
308,956
309,945
310,946
311,947
312,923
313,924
314,937
315,982
316,989
317,978
318,978
319,933
320,912
321,893
322,868
323,875
324,881
325,865
326,889
327,928
328,932
329,943
330,982
331,977
332,965
333,963
334,956
335,944
336,938
337,913
338,933
339,962
340,980
341,979
342,961
343,916
344,918
345,894
346,902
347,903
348,894
349,868
350,886
351,895
352,907
353,932
354,953
355,967
356,961
357,950
358,936
359,897
360,898
361,921
362,931
363,943
364,940
365,941
366,936
367,926
368,926
369,928
370,907
371,899
372,904
373,901
374,923
375,934
376,960
377,975
378,981
379,1003
380,988
381,972
382,962
383,933
384,950
385,955
386,972
387,979
388,992
389,999
390,1006
391,979
392,970
393,963
394,949
395,917
396,923
397,918
398,926
399,926
400,934
401,967
402,1005
403,1003
404,968
405,971
406,928
407,910
408,906
409,915
410,937
411,948
412,953
413,955
414,957
415,939
416,937
417,930
418,915
419,896
420,848
421,822
422,854
423,897
424,920
425,933
426,952
427,962
428,965
429,967
430,929
431,896
432,884
433,860
434,889
435,913
436,938
437,946
438,946
439,915
440,906
441,891
442,882
443,851
444,833
445,808
446,812
447,843
448,872
449,906
450,938
451,940
452,912
453,898
454,855
455,815
456,815
457,807
458,808
459,839
460,895
461,897
462,894
463,854
464,812
465,809
466,788
467,791
468,774
469,752
470,754
471,812
472,830
473,861
474,873
475,878
476,863
477,856
478,825
479,811
480,799
481,776
482,780
483,852
484,906
485,905
486,903
487,848
488,810
489,800
490,717
491,702
492,705
493,702
494,714
495,757
496,768
497,815
498,854
499,864
500,872
501,842
502,848
503,802
504,784
505,773
506,833
507,872
508,873
509,890
510,885
511,829
512,775
513,734
514,773
515,701
516,688
517,683
518,694
519,715
520,822
521,857
522,916
523,910
524,903
525,893
526,849
527,795
528,765
529,768
530,839
531,850
532,869
533,865
534,847
535,813
536,744
537,724
538,751
539,712
540,675
541,669
542,681
543,699
544,809
545,841
546,869
547,903
548,897
549,862
550,815
551,738
552,733
553,734
554,789
555,798
556,832
557,839
558,821
559,740
560,671
561,646
562,696
563,679
564,624
565,614
566,636
567,671
568,713
569,834
570,882
571,908
572,907
573,890
574,806
575,769
576,772
577,767
578,790
579,798
580,824
581,853
582,852
583,819
584,749
585,742
586,712
587,689
588,650
589,641
590,672
591,720
592,753
593,823
594,894
595,928
596,933
597,905
598,855
599,804
600,803
601,794
602,803
603,809
604,807
605,845
606,788
607,788
608,783
609,801
610,845
611,865
612,880
613,802
614,815
615,819
616,855
617,936
618,950
619,911
620,886
621,863
622,840
623,848
624,854
625,893
626,882
627,903
628,909
629,906
630,887
631,881
632,846
633,834
634,836
635,856
636,784
637,740
638,789
639,805
640,814
641,828
642,838
643,848
644,843
645,827
646,819
647,817
648,802
649,791
650,798
651,806
652,805
653,825
654,811
655,814
656,813
657,818
658,804
659,788
660,748
661,733
662,781
663,791
664,833
665,857
666,880
667,917
668,921
669,868
670,855
671,830
672,806
673,805
674,860
675,874
676,884
677,876
678,863
679,840
680,832
681,818
682,812
683,766
684,750
685,766
686,818
687,841
688,844
689,855
690,882
691,885
692,890
693,879
694,857
695,833
696,814
697,796
698,850
699,869
700,892
701,890
702,876
703,858
704,845
705,845
706,847
707,856
708,849
709,835
710,850
711,867
712,874
713,929
714,964
715,986
716,983
717,947
718,916
719,896
720,869
721,870
722,898
723,910
724,937
725,923
726,914
727,913
728,881
729,885
730,877
731,878
732,862
733,837
734,881
735,888
736,901
737,935
738,946
739,953
740,934
741,921
742,916
743,907
744,890
745,859
746,895
747,901
748,932
749,931
750,900
751,886
752,873
753,842
754,836
755,849
756,804
757,770
758,776
759,820
760,856
761,886
762,923
763,936
764,980
765,932
766,917
767,917
768,887
769,882
770,909
771,905
772,920
773,943
774,943
775,897
776,890
777,879
778,843
779,823
780,777
781,745
782,758
783,838
784,885
785,903
786,929
787,944
788,944
789,935
790,933
791,934
792,918
793,894
794,909
795,928
796,927
797,924
798,913
799,880
800,882
801,856
802,795
803,782
804,772
805,784
806,795
807,838
808,883
809,907
810,943
811,958
812,949
813,940
814,943
815,941
816,924
817,872
818,900
819,930
820,943
821,946
822,921
823,898
824,880
825,879
826,863
827,826
828,809
829,800
830,894
831,907
832,934
833,952
834,983
835,969
836,970
837,971
838,973
839,959
840,972
841,952
842,960
843,988
844,1008
845,1002
846,996
847,1002
848,993
849,991
850,970
851,947
852,938
853,928
854,949
855,953
856,968
857,981
858,1004
859,1006
860,1014
861,1020
862,1013
863,1001
864,985
865,961
866,959
867,967
868,974
869,972
870,972
871,964
872,943
873,928
874,929
875,920
876,906
877,898
878,920
879,938
880,955
881,983
882,996
883,994
884,998
885,994
886,992
887,991
888,993
889,945
890,942
891,965
892,977
893,979
894,962
895,947
896,918
897,909
898,888
899,889
900,885
901,841
902,859
903,871
904,896
905,952
906,983
907,1002
908,1002
909,1000
910,981
911,952
912,935
913,926
914,924
915,930
916,952
917,959
918,936
919,932
920,924
921,824
922,773
923,772
924,785
925,789
926,797
927,808
928,824
929,904
930,952
931,981
932,985
933,971
934,897
935,882
936,867
937,848
938,827
939,829
940,848
941,886
942,868
943,818
944,794
945,745
946,696
947,735
948,733
949,682
950,703
951,714
952,786
953,885
954,946
955,953
956,918
957,904
958,863
959,810
960,809
961,801
962,796
963,805
964,830
965,848
966,842
967,817
968,724
969,681
970,677
971,731
972,743
973,650
974,660
975,671
976,757
977,836
978,872
979,877
980,877
981,848
982,781
983,771
984,763
985,731
986,743
987,763
988,799
989,822
990,783
991,687
992,658
993,625
994,614
995,622
996,583
997,559
998,569
999,608
1000,695
1001,767
1002,818
1003,876
1004,896
1005,866
1006,784
1007,763
1008,708
1009,669
1010,697
1011,756
1012,777
1013,775
1014,738
1015,645
1016,623
1017,599
1018,576
1019,614
1020,662
1021,564
1022,571
1023,623
1024,692
1025,766
1026,842
1027,852
1028,853
1029,829
1030,754
1031,679
1032,684
1033,680
1034,711
1035,767
1036,778
1037,778
1038,743
1039,655
1040,644
1041,614
1042,564
1043,538
1044,583
1045,558
1046,525
1047,547
1048,634
1049,735
1050,800
1051,806
1052,821
1053,809
1054,728
1055,668
1056,669
1057,617
1058,611
1059,669
1060,723
1061,711
1062,725
1063,653
1064,637
1065,665
1066,682
1067,683
1068,655
1069,574
1070,599
1071,639
1072,769
1073,803
1074,810
1075,817
1076,793
1077,707
1078,665
1079,631
1080,611
1081,605
1082,610
1083,704
1084,777
1085,817
1086,815
1087,754
1088,741
1089,704
1090,627
1091,604
1092,618
1093,552
1094,556
1095,590
1096,727
1097,825
1098,903
1099,941
1100,931
1101,897
1102,824
1103,713
1104,626
1105,602
1106,613
1107,690
1108,751
1109,775
1110,782
1111,756
1112,675
1113,661
1114,619
1115,589
1116,625
1117,604
1118,593
1119,660
1120,719
1121,779
1122,828
1123,832
1124,866
1125,839
1126,808
1127,714
1128,682
1129,670
1130,692
1131,721
1132,755
1133,750
1134,744
1135,710
1136,709
1137,713
1138,679
1139,683
1140,650
1141,618
1142,659
1143,723
1144,802
1145,819
1146,864
1147,871
1148,874
1149,850
1150,750
1151,683
1152,691
1153,678
1154,695
1155,769
1156,807
1157,798
1158,771
1159,743
1160,718
1161,742
1162,672
1163,661
1164,661
1165,655
1166,706
1167,774
1168,818
1169,843
1170,849
1171,858
1172,841
1173,812
1174,784
1175,721
1176,717
1177,698
1178,715
1179,739
1180,794
1181,792
1182,753
1183,733
1184,721
1185,712
1186,685
1187,638
1188,632
1189,655
1190,689
1191,718
1192,726
1193,738
1194,771
1195,807
1196,795
1197,786
1198,776
1199,764
1200,765
1201,751
1202,747
1203,769
1204,760
1205,760
1206,769
1207,748
1208,730
1209,714
1210,687
1211,688
1212,697
1213,688
1214,714
1215,738
1216,758
1217,754
1218,775
1219,796
1220,786
1221,763
1222,755
1223,744
1224,741
1225,714
1226,712
1227,735
1228,735
1229,734
1230,746
1231,740
1232,722
1233,718
1234,683
1235,680
1236,684
1237,669
1238,709
1239,720
1240,724
1241,726
1242,752
1243,769
1244,762
1245,732
1246,714
1247,723
1248,725
1249,727
1250,740
1251,727
1252,752
1253,731
1254,709
1255,698
1256,694
1257,676
1258,663
1259,645
1260,614
1261,601
1262,656
1263,696
1264,722
1265,751
1266,764
1267,796
1268,788
1269,727
1270,725
1271,733
1272,702
1273,639
1274,644
1275,714
1276,730
1277,724
1278,720
1279,708
1280,697
1281,681
1282,660
1283,611
1284,611
1285,547
1286,583
1287,680
1288,716
1289,744
1290,756
1291,759
1292,766
1293,729
1294,711
1295,702
1296,677
1297,652
1298,655
1299,692
1300,740
1301,752
1302,759
1303,742
1304,662
1305,658
1306,622
1307,586
1308,589
1309,536
1310,547
1311,579
1312,665
1313,740
1314,762
1315,773
1316,773
1317,706
1318,706
1319,697
1320,673
1321,628
1322,608
1323,629
1324,703
1325,687
1326,689
1327,662
1328,640
1329,636
1330,578
1331,539
1332,543
1333,497
1334,544
1335,633
1336,687
1337,742
1338,793
1339,815
1340,815
1341,789
1342,776
1343,721
1344,687
1345,619
1346,625
1347,659
1348,750
1349,745
1350,729
1351,707
1352,702
1353,690
1354,647
1355,595
1356,565
1357,529
1358,542
1359,611
1360,668
1361,718
1362,781
1363,793
1364,777
1365,739
1366,706
1367,676
1368,681
1369,630
1370,628
1371,655
1372,730
1373,713
1374,696
1375,665
1376,635
1377,634
1378,569
1379,534
1380,547
1381,531
1382,547
1383,596
1384,660
1385,732
1386,771
1387,787
1388,761
1389,770
1390,718
1391,690
1392,674
1393,610
1394,620
1395,676
1396,693
1397,693
1398,702
1399,647
1400,639
1401,649
1402,637
1403,632
1404,599
1405,575
1406,579
1407,656
1408,710
1409,765
1410,778
1411,790
1412,780
1413,765
1414,687
1415,668
1416,651
1417,620
1418,631
1419,678
1420,703
1421,675
1422,695
1423,686
1424,650
1425,597
1426,575
1427,565
1428,565
1429,551
1430,593
1431,676
1432,747
1433,800
1434,803
1435,807
1436,811
1437,788
1438,733
1439,696
1440,655
1441,618
1442,642
1443,652
1444,691
1445,746
1446,746
1447,691
1448,638
1449,589
1450,552
1451,542
1452,542
1453,552
1454,624
1455,675
1456,712
1457,771
1458,809
1459,795
1460,788
1461,775
1462,694
1463,656
1464,626
1465,665
1466,657
1467,641
1468,668
1469,685
1470,695
1471,681
1472,660
1473,638
1474,571
1475,567
1476,566
1477,505
1478,526
1479,579
1480,661
1481,748
1482,766
1483,771
1484,770
1485,777
1486,715
1487,666
1488,636
1489,600
1490,583
1491,584
1492,620
1493,627
1494,629
1495,634
1496,648
1497,652
1498,661
1499,668
1500,644
1501,554
1502,619
1503,640
1504,684
1505,747
1506,799
1507,792
1508,761
1509,694
1510,648
1511,636
1512,669
1513,674
1514,718
1515,746
1516,763
1517,789
1518,790
1519,765
1520,749
1521,743
1522,711
1523,702
1524,708
1525,669
1526,709
1527,760
1528,787
1529,808
1530,808
1531,835
1532,839
1533,828
1534,792
1535,749
1536,734
1537,714
1538,719
1539,758
1540,749
1541,753
1542,737
1543,707
1544,679
1545,656
1546,670
1547,679
1548,683
1549,635
1550,659
1551,697
1552,724
1553,772
1554,786
1555,793
1556,794
1557,801
1558,774
1559,716
1560,708
1561,707
1562,752
1563,768
1564,775
1565,792
1566,785
1567,693
1568,681
1569,643
1570,604
1571,637
1572,637
1573,575
1574,614
1575,618
1576,668
1577,799
1578,833
1579,818
1580,788
1581,796
1582,762
1583,709
1584,696
1585,681
1586,727
1587,745
1588,745
1589,776
1590,774
1591,696
1592,642
1593,617
1594,571
1595,611
1596,608
1597,551
1598,574
1599,628
1600,705
1601,798
1602,872
1603,889
1604,864
1605,778
1606,696
1607,671
1608,669
1609,631
1610,674
1611,705
1612,739
1613,771
1614,779
1615,694
1616,624
1617,592
1618,564
1619,607
1620,616
1621,586
1622,634
1623,646
1624,755
1625,840
1626,884
1627,878
1628,830
1629,809
1630,700
1631,681
1632,689
1633,671
1634,718
1635,751
1636,764
1637,768
1638,738
1639,659
1640,608
1641,598
1642,616
1643,597
1644,594
1645,531
1646,565
1647,581
1648,689
1649,796
1650,859
1651,866
1652,812
1653,785
1654,680
1655,652
1656,649
1657,591
1658,600
1659,641
1660,685
1661,661
1662,662
1663,636
1664,600
1665,601
1666,682
1667,698
1668,710
1669,581
1670,630
1671,679
1672,716
1673,797
1674,859
1675,841
1676,808
1677,708
1678,678
1679,653
1680,642
1681,637
1682,673
1683,683
1684,724
1685,735
1686,730
1687,705
1688,669
1689,671
1690,692
1691,642
1692,633
1693,530
1694,578
1695,619
1696,661
1697,764
1698,795
1699,830
1700,847
1701,766
1702,719
1703,690
1704,687
1705,663
1706,680
1707,717
1708,763
1709,763
1710,713
1711,694
1712,620
1713,589
1714,639
1715,597
1716,603
1717,553
1718,579
1719,645
1720,741
1721,779
1722,853
1723,897
1724,887
1725,860
1726,789
1727,694
1728,678
1729,676
1730,746
1731,736
1732,733
1733,720
1734,724
1735,716
1736,665
1737,622
1738,675
1739,672
1740,662
1741,591
1742,636
1743,683
1744,762
1745,836
1746,897
1747,901
1748,884
1749,833
1750,779
1751,757
1752,674
1753,659
1754,731
1755,755
1756,765
1757,770
1758,761
1759,746
1760,668
1761,634
1762,666
1763,642
1764,595
1765,557
1766,578
1767,710
1768,781
1769,818
1770,869
1771,874
1772,850
1773,816
1774,738
1775,698
1776,652
1777,633
1778,643
1779,731
1780,745
1781,742
1782,725
1783,635
1784,587
1785,619
1786,568
1787,545
1788,521
1789,463
1790,499
1791,612
1792,765
1793,803
1794,849
1795,858
1796,848
1797,800
1798,730
1799,625
1800,624
1801,654
1802,694
1803,730
1804,718
1805,710
1806,659
1807,604
1808,557
1809,489
1810,492
1811,465
1812,465
1813,407
1814,472
1815,619
1816,728
1817,777
1818,806
1819,809
1820,788
1821,746
1822,677
1823,580
1824,541
1825,572
1826,550
1827,559
1828,578
1829,580
1830,588
1831,558
1832,516
1833,560
1834,609
1835,594
1836,579
1837,514
1838,578
1839,606
1840,693
1841,777
1842,795
1843,818
1844,767
1845,691
1846,604
1847,513
1848,507
1849,502
1850,573
1851,621
1852,650
1853,654
1854,626
1855,558
1856,480
1857,442
1858,482
1859,476
1860,479
1861,410
1862,463
1863,467
1864,533
1865,655
1866,745
1867,758
1868,738
1869,730
1870,568
1871,534
1872,534
1873,550
1874,626
1875,669
1876,710
1877,716
1878,700
1879,645
1880,573
1881,484
1882,513
1883,501
1884,477
1885,432
1886,462
1887,492
1888,604
1889,701
1890,786
1891,822
1892,810
1893,764
1894,648
1895,597
1896,588
1897,609
1898,646
1899,697
1900,712
1901,678
1902,653
1903,533
1904,523
1905,483
1906,491
1907,474
1908,438
1909,399
1910,429
1911,463
1912,622
1913,710
1914,743
1915,771
1916,804
1917,746
1918,658
1919,625
1920,557
1921,601
1922,599
1923,608
1924,640
1925,622
1926,592
1927,579
1928,540
1929,502
1930,441
1931,459
1932,455
1933,388
1934,405
1935,414
1936,460
1937,578
1938,729
1939,813
1940,809
1941,753
1942,668
1943,643
1944,574
1945,566
1946,578
1947,617
1948,642
1949,654
1950,624
1951,567
1952,529
1953,481
1954,414
1955,401
1956,398
1957,388
1958,399
1959,439
1960,546
1961,667
1962,756
1963,808
1964,808
1965,748
1966,674
1967,613
1968,556
1969,480
1970,476
1971,508
1972,515
1973,516
1974,509
1975,495
1976,498
1977,494
1978,518
1979,512
1980,486
1981,429
1982,440
1983,481
1984,597
1985,720
1986,768
1987,776
1988,783
1989,689
1990,660
1991,556
1992,480
1993,472
1994,463
1995,502
1996,520
1997,518
1998,518
1999,521
2000,520
2001,537
2002,610
2003,617
2004,584
2005,480
2006,519
2007,565
2008,646
2009,730
2010,776
2011,742
2012,708
2013,596
2014,556
2015,529
2016,496
2017,455
2018,453
2019,447
2020,468
2021,468
2022,461
2023,450
2024,418
2025,390
2026,417
2027,417
2028,405
2029,360
2030,391
2031,429
2032,486
2033,599
2034,628
2035,658
2036,663
2037,581
2038,491
2039,431
2040,409
2041,399
2042,410
2043,488
2044,545
2045,525
2046,493
2047,419
2048,404
2049,379
2050,371
2051,364
2052,355
2053,344
2054,375
2055,394
2056,445
2057,548
2058,608
2059,642
2060,659
2061,615
2062,507
2063,495
2064,487
2065,464
2066,470
2067,485
2068,535
2069,539
2070,466
2071,406
2072,379
2073,424
2074,403
2075,395
2076,385
2077,340
2078,359
2079,367
2080,396
2081,542
2082,613
2083,682
2084,707
2085,655
2086,570
2087,540
2088,474
2089,460
2090,470
2091,474
2092,552
2093,539
2094,492
2095,449
2096,434
2097,460
2098,463
2099,459
2100,454
2101,413
2102,417
2103,417
2104,436
2105,548
2106,675
2107,709
2108,688
2109,639
2110,545
2111,521
2112,484
2113,424
2114,433
2115,441
2116,484
2117,487
2118,469
2119,432
2120,423
2121,433
2122,436
2123,434
2124,396
2125,365
2126,428
2127,488
2128,511
2129,624
2130,694
2131,693
2132,692
2133,607
2134,490
2135,441
2136,422
2137,371
2138,373
2139,353
2140,423
2141,417
2142,362
2143,377
2144,367
2145,421
2146,436
2147,436
2148,426
2149,358
2150,397
2151,440
2152,493
2153,592
2154,626
2155,644
2156,618
2157,536
2158,477
2159,438
2160,424
2161,396
2162,407
2163,421
2164,475
2165,471
2166,426
2167,389
2168,371
2169,368
2170,380
2171,409
2172,448
2173,436
2174,464
2175,474
2176,516
2177,550
2178,566
2179,596
2180,597
2181,561
2182,547
2183,546
2184,548
2185,579
2186,616
2187,643
2188,672
2189,704
2190,680
2191,675
2192,662
2193,659
2194,645
2195,638
2196,625
2197,572
2198,586
2199,598
2200,615
2201,619
2202,638
2203,659
2204,655
2205,633
2206,559
2207,567
2208,564
2209,529
2210,524
2211,512
2212,535
2213,570
2214,516
2215,513
2216,505
2217,466
2218,454
2219,450
2220,438
2221,431
2222,442
2223,451
2224,514
2225,621
2226,665
2227,684
2228,637
2229,559
2230,515
2231,485
2232,488
2233,459
2234,465
2235,467
2236,507
2237,509
2238,507
2239,461
2240,466
2241,435
2242,439
2243,452
2244,454
2245,432
2246,490
2247,530
2248,637
2249,754
2250,775
2251,782
2252,750
2253,639
2254,607
2255,515
2256,471
2257,429
2258,432
2259,418
2260,439
2261,530
2262,521
2263,465
2264,410
2265,374
2266,357
2267,354
2268,348
2269,331
2270,358
2271,366
2272,406
2273,504
2274,569
2275,656
2276,630
2277,554
2278,520
2279,449
2280,403
2281,386
2282,389
2283,385
2284,393
2285,478
2286,445
2287,395
2288,369
2289,361
2290,353
2291,347
2292,354
2293,331
2294,353
2295,404
2296,509
2297,652
2298,706
2299,754
2300,706
2301,601
2302,531
2303,507
2304,482
2305,479
2306,487
2307,482
2308,501
2309,524
2310,529
2311,505
2312,485
2313,453
2314,442
2315,427
2316,407
2317,421
2318,437
2319,466
2320,513
2321,651
2322,665
2323,679
2324,673
2325,567
2326,550
2327,554
2328,545
2329,553
2330,582
2331,632
2332,652
2333,636
2334,641
2335,633
2336,579
2337,516
2338,505
2339,489
2340,491
2341,450
2342,516
2343,574
2344,632
2345,715
2346,759
2347,785
2348,787
2349,723
2350,646
2351,626
2352,612
2353,598
2354,626
2355,646
2356,668
2357,662
2358,643
2359,589
2360,574
2361,559
2362,554
2363,556
2364,557
2365,547
2366,591
2367,647
2368,676
2369,708
2370,787
2371,812
2372,799
2373,737
2374,705
2375,685
2376,683
2377,633
2378,612
2379,618
2380,652
2381,696
2382,654
2383,581
2384,562
2385,539
2386,520
2387,506
2388,527
2389,522
2390,560
2391,629
2392,683
2393,760
2394,803
2395,828
2396,807
2397,736
2398,695
2399,674
2400,677
2401,603
2402,553
2403,543
2404,571
2405,606
2406,610
2407,530
2408,522
2409,526
2410,532
2411,484
2412,473
2413,417
2414,452
2415,533
2416,568
2417,643
2418,733
2419,759
2420,737
2421,624
2422,593
2423,569
2424,549
2425,492
2426,480
2427,488
2428,499
2429,553
2430,532
2431,514
2432,478
2433,473
2434,468
2435,462
2436,456
2437,393
2438,424
2439,474
2440,537
2441,625
2442,720
2443,732
2444,736
2445,633
2446,561
2447,523
2448,527
2449,479
2450,463
2451,445
2452,463
2453,518
2454,493
2455,452
2456,435
2457,419
2458,411
2459,394
2460,380
2461,375
2462,399
2463,473
2464,531
2465,626
2466,669
2467,693
2468,688
2469,586
2470,481
2471,464
2472,468
2473,455
2474,464
2475,476
2476,482
2477,503
2478,479
2479,484
2480,484
2481,473
2482,464
2483,451
2484,457
2485,442
2486,465
2487,482
2488,561
2489,595
2490,627
2491,671
2492,670
2493,616
2494,569
2495,512
2496,482
2497,479
2498,490
2499,503
2500,499
2501,530
2502,497
2503,498
2504,446
2505,408
2506,401
2507,389
2508,393
2509,374
2510,380
2511,455
2512,489
2513,506
2514,626
2515,649
2516,642
2517,580
2518,526
2519,518
2520,522
2521,485
2522,480
2523,481
2524,476
2525,464
2526,453
2527,464
2528,473
2529,505
2530,493
2531,497
2532,470
2533,467
2534,480
2535,524
2536,563
2537,589
2538,603
2539,675
2540,701
2541,677
2542,649
2543,626
2544,621
2545,608
2546,636
2547,661
2548,654
2549,681
2550,680
2551,666
2552,602
2553,579
2554,567
2555,580
2556,567
2557,445
2558,447
2559,465
2560,505
2561,561
2562,625
2563,721
2564,705
2565,587
2566,568
2567,559
2568,547
2569,546
2570,593
2571,597
2572,633
2573,651
2574,630
2575,497
2576,443
2577,420
2578,405
2579,424
2580,426
2581,400
2582,436
2583,512
2584,595
2585,675
2586,709
2587,701
2588,646
2589,626
2590,590
2591,566
2592,527
2593,480
2594,514
2595,523
2596,515
2597,507
2598,511
2599,493
2600,479
2601,471
2602,464
2603,447
2604,446
2605,411
2606,499
2607,532
2608,571
2609,663
2610,660
2611,665
2612,643
2613,598
2614,592
2615,582
2616,530
2617,456
2618,478
2619,475
2620,466
2621,448
2622,432
2623,432
2624,424
2625,409
2626,445
2627,509
2628,515
2629,456
2630,489
2631,518
2632,567
2633,643
2634,664
2635,699
2636,698
2637,620
2638,590
2639,579
2640,489
2641,498
2642,519
2643,523
2644,508
2645,502
2646,486
2647,445
2648,455
2649,436
2650,423
2651,387
2652,385
2653,356
2654,370
2655,404
2656,553
2657,716
2658,737
2659,742
2660,733
2661,649
2662,619
2663,600
2664,533
2665,495
2666,530
2667,540
2668,537
2669,492
2670,466
2671,462
2672,458
2673,440
2674,420
2675,390
2676,393
2677,352
2678,373
2679,399
2680,486
2681,619
2682,755
2683,777
2684,771
2685,685
2686,621
2687,535
2688,530
2689,498
2690,491
2691,521
2692,490
2693,450
2694,437
2695,439
2696,426
2697,370
2698,361
2699,363
2700,363
2701,332
2702,353
2703,384
2704,458
2705,618
2706,749
2707,771
2708,762
2709,674
2710,582
2711,472
2712,445
2713,442
2714,423
2715,460
2716,482
2717,474
2718,440
2719,437
2720,436
2721,386
2722,377
2723,372
2724,360
2725,336
2726,345
2727,381
2728,434
2729,574
2730,704
2731,730
2732,718
2733,636
2734,525
2735,449
2736,438
2737,400
2738,422
2739,420
2740,431
2741,438
2742,439
2743,439
2744,432
2745,392
2746,407
2747,436
2748,457
2749,358
2750,350
2751,372
2752,421
2753,577
2754,682
2755,688
2756,695
2757,606
2758,540
2759,494
2760,453
2761,444
2762,472
2763,443
2764,440
2765,462
2766,478
2767,489
2768,464
2769,449
2770,458
2771,453
2772,451
2773,397
2774,418
2775,453
2776,532
2777,598
2778,693
2779,708
2780,675
2781,584
2782,530
2783,474
2784,442
2785,437
2786,493
2787,465
2788,458
2789,435
2790,453
2791,454
2792,413
2793,388
2794,414
2795,420
2796,384
2797,360
2798,390
2799,422
2800,507
2801,659
2802,728
2803,738
2804,709
2805,624
2806,530
2807,439
2808,431
2809,419
2810,467
2811,445
2812,445
2813,435
2814,429
2815,443
2816,398
2817,387
2818,445
2819,479
2820,464
2821,382
2822,388
2823,436
2824,516
2825,627
2826,700
2827,725
2828,721
2829,615
2830,520
2831,446
2832,435
2833,405
2834,478
2835,448
2836,438
2837,421
2838,430
2839,430
2840,412
2841,424
2842,458
2843,448
2844,401
2845,393
2846,415
2847,451
2848,524
2849,677
2850,747
2851,730
2852,720
2853,661
2854,531
2855,471
2856,469
2857,455
2858,463
2859,406
2860,408
2861,393
2862,419
2863,427
2864,394
2865,358
2866,374
2867,364
2868,344
2869,344
2870,391
2871,409
2872,507
2873,628
2874,712
2875,713
2876,702
2877,619
2878,525
2879,454
2880,421
2881,413
2882,452
2883,393
2884,394
2885,412
2886,408
2887,403
2888,381
2889,342
2890,341
2891,319
2892,342
2893,321
2894,345
2895,364
2896,445
2897,574
2898,682
2899,704
2900,691
2901,628
2902,571
2903,466
2904,432
2905,428
2906,428
2907,420
2908,380
2909,375
2910,379
2911,376
2912,377
2913,370
2914,400
2915,425
2916,428
2917,399
2918,454
2919,514
2920,595
2921,732
2922,793
2923,801
2924,775
2925,690
2926,599
2927,531
2928,526
2929,475
2930,488
2931,540
2932,514
2933,429
2934,424
2935,416
2936,441
2937,442
2938,432
2939,424
2940,402
2941,382
2942,393
2943,460
2944,554
2945,634
2946,743
2947,749
2948,731
2949,665
2950,514
2951,446
2952,443
2953,417
2954,435
2955,491
2956,479
2957,476
2958,443
2959,418
2960,447
2961,455
2962,405
2963,417
2964,397
2965,367
2966,398
2967,484
2968,585
2969,703
2970,744
2971,757
2972,680
2973,623
2974,484
2975,455
2976,439
2977,445
2978,480
2979,533
2980,516
2981,512
2982,513
2983,465
2984,454
2985,465
2986,488
2987,434
2988,428
2989,431
2990,507
2991,596
2992,690
2993,748
2994,762
2995,772
2996,720
2997,689
2998,565
2999,522
3000,488
3001,487
3002,511
3003,555
3004,536
3005,543
3006,538
3007,482
3008,433
3009,428
3010,438
3011,415
3012,418
3013,397
3014,474
3015,550
3016,623
3017,703
3018,716
3019,742
3020,728
3021,634
3022,553
3023,539
3024,501
3025,506
3026,521
3027,548
3028,632
3029,685
3030,677
3031,674
3032,634
3033,602
3034,588
3035,591
3036,599
3037,531
3038,592
3039,679
3040,733
3041,769
3042,762
3043,774
3044,757
3045,739
3046,671
3047,650
3048,633
3049,608
3050,610
3051,595
3052,628
3053,669
3054,683
3055,686
3056,658
3057,576
3058,555
3059,545
3060,550
3061,533
3062,553
3063,585
3064,654
3065,698
3066,707
3067,727
3068,701
3069,669
3070,620
3071,610
3072,597
3073,586
3074,598
3075,615
3076,670
3077,670
3078,660
3079,670
3080,693
3081,708
3082,708
3083,698
3084,697
3085,687
3086,699
3087,719
3088,771
3089,808
3090,834
3091,858
3092,847
3093,775
3094,753
3095,742
3096,734
3097,732
3098,753
3099,780
3100,837
3101,767
3102,760
3103,760
3104,749
3105,742
3106,749
3107,758
3108,752
3109,736
3110,754
3111,787
3112,833
3113,845
3114,836
3115,827
3116,833
3117,828
3118,820
3119,829
3120,810
3121,757
3122,773
3123,779
3124,784
3125,817
3126,809
3127,820
3128,772
3129,740
3130,738
3131,725
3132,729
3133,712
3134,726
3135,745
3136,755
3137,804
3138,814
3139,818
3140,755
3141,723
3142,735
3143,730
3144,723
3145,707
3146,706
3147,721
3148,719
3149,748
3150,764
3151,743
3152,682
3153,680
3154,677
3155,677
3156,676
3157,625
3158,658
3159,695
3160,735
3161,799
3162,836
3163,837
3164,825
3165,741
3166,731
3167,729
3168,723
3169,691
3170,689
3171,693
3172,693
3173,717
3174,740
3175,740
3176,669
3177,669
3178,610
3179,613
3180,605
3181,562
3182,620
3183,687
3184,784
3185,813
3186,826
3187,802
3188,746
3189,744
3190,719
3191,700
3192,686
3193,680
3194,661
3195,704
3196,706
3197,670
3198,653
3199,649
3200,568
3201,565
3202,551
3203,553
3204,524
3205,516
3206,578
3207,621
3208,738
3209,801
3210,829
3211,823
3212,776
3213,736
3214,714
3215,699
3216,672
3217,668
3218,598
3219,637
3220,659
3221,642
3222,642
3223,610
3224,553
3225,535
3226,515
3227,522
3228,501
3229,490
3230,573
3231,617
3232,734
3233,796
3234,836
3235,855
3236,785
3237,758
3238,744
3239,708
3240,651
3241,598
3242,617
3243,644
3244,639
3245,637
3246,633
3247,574
3248,544
3249,547
3250,526
3251,529
3252,518
3253,507
3254,565
3255,617
3256,696
3257,739
3258,808
3259,795
3260,777
3261,750
3262,669
3263,666
3264,605
3265,608
3266,610
3267,627
3268,649
3269,656
3270,681
3271,603
3272,594
3273,576
3274,564
3275,554
3276,542
3277,504
3278,527
3279,566
3280,661
3281,737
3282,755
3283,769
3284,717
3285,660
3286,625
3287,576
3288,546
3289,514
3290,503
3291,513
3292,543
3293,547
3294,561
3295,571
3296,558
3297,548
3298,527
3299,518
3300,522
3301,498
3302,548
3303,597
3304,651
3305,683
3306,687
3307,703
3308,679
3309,640
3310,595
3311,578
3312,577
3313,528
3314,531
3315,585
3316,606
3317,611
3318,626
3319,634
3320,588
3321,600
3322,605
3323,623
3324,620
3325,569
3326,578
3327,615
3328,659
3329,680
3330,713
3331,724
3332,702
3333,691
3334,628
3335,621
3336,593
3337,579
3338,576
3339,643
3340,640
3341,617
3342,597
3343,608
3344,579
3345,601
3346,613
3347,618
3348,665
3349,598
3350,601
3351,621
3352,660
3353,689
3354,787
3355,785
3356,775
3357,681
3358,657
3359,643
3360,574
3361,569
3362,593
3363,608
3364,576
3365,574
3366,615
3367,569
3368,563
3369,568
3370,573
3371,577
3372,533
3373,485
3374,508
3375,537
3376,575
3377,667
3378,743
3379,760
3380,743
3381,678
3382,659
3383,622
3384,572
3385,515
3386,523
3387,528
3388,532
3389,546
3390,552
3391,625
3392,678
3393,646
3394,651
3395,677
3396,682
3397,653
3398,688
3399,714
3400,721
3401,717
3402,744
3403,800
3404,795
3405,790
3406,758
3407,738
3408,719
3409,661
3410,675
3411,687
3412,717
3413,698
3414,717
3415,675
3416,687
3417,694
3418,673
3419,651
3420,617
3421,574
3422,612
3423,661
3424,686
3425,728
3426,750
3427,708
3428,706
3429,660
3430,650
3431,626
3432,607
3433,583
3434,618
3435,678
3436,672
3437,668
3438,651
3439,616
3440,641
3441,595
3442,626
3443,573
3444,520
3445,494
3446,513
3447,554
3448,630
3449,684
3450,727
3451,698
3452,706
3453,659
3454,644
3455,622
3456,548
3457,522
3458,546
3459,588
3460,587
3461,537
3462,529
3463,536
3464,545
3465,576
3466,649
3467,659
3468,619
3469,544
3470,592
3471,604
3472,641
3473,776
3474,814
3475,800
3476,713
3477,637
3478,620
3479,595
3480,570
3481,569
3482,579
3483,578
3484,576
3485,623
3486,619
3487,568
3488,550
3489,558
3490,608
3491,631
3492,566
3493,521
3494,553
3495,585
3496,631
3497,755
3498,781
3499,810
3500,789
3501,713
3502,630
3503,604
3504,558
3505,551
3506,557
3507,570
3508,586
3509,602
3510,588
3511,567
3512,565
3513,639
3514,679
3515,683
3516,624
3517,570
3518,587
3519,618
3520,681
3521,790
3522,833
3523,803
3524,725
3525,698
3526,586
3527,551
3528,521
3529,494
3530,489
3531,515
3532,506
3533,536
3534,553
3535,492
3536,497
3537,531
3538,530
3539,539
3540,522
3541,460
3542,497
3543,583
3544,654
3545,757
3546,765
3547,761
3548,675
3549,605
3550,591
3551,534
3552,492
3553,489
3554,478
3555,503
3556,487
3557,540
3558,551
3559,534
3560,516
3561,524
3562,525
3563,500
3564,479
3565,438
3566,480
3567,513
3568,540
3569,622
3570,658
3571,662
3572,642
3573,629
3574,603
3575,557
3576,502
3577,505
3578,498
3579,518
3580,496
3581,504
3582,491
3583,482
3584,498
3585,500
3586,493
3587,482
3588,428
3589,425
3590,437
3591,469
3592,585
3593,668
3594,677
3595,684
3596,605
3597,567
3598,538
3599,466
3600,438
3601,433
3602,429
3603,449
3604,443
3605,443
3606,422
3607,410
3608,422
3609,433
3610,429
3611,407
3612,379
3613,371
3614,395
3615,460
3616,603
3617,668
3618,681
3619,683
3620,605
3621,558
3622,453
3623,396
3624,351
3625,360
3626,364
3627,362
3628,370
3629,436
3630,417
3631,348
3632,380
3633,415
3634,440
3635,450
3636,412
3637,383
3638,400
3639,443
3640,529
3641,661
3642,680
3643,679
3644,654
3645,468
3646,430
3647,391
3648,355
3649,364
3650,367
3651,384
3652,406
3653,429
3654,397
3655,355
3656,364
3657,371
3658,364
3659,354
3660,358
3661,309
3662,346
3663,413
3664,499
3665,639
3666,633
3667,639
3668,634
3669,480
3670,416
3671,355
3672,319
3673,293
3674,288
3675,291
3676,302
3677,339
3678,385
3679,342
3680,359
3681,316
3682,275
3683,259
3684,266
3685,256
3686,297
3687,331
3688,411
3689,479
3690,525
3691,544
3692,545
3693,494
3694,463
3695,485
3696,481
3697,483
3698,508
3699,508
3700,506
3701,515
3702,510
3703,487
3704,468
3705,454
3706,435
3707,422
3708,417
3709,369
3710,379
3711,400
3712,440
3713,492
3714,505
3715,500
3716,491
3717,489
3718,448
3719,406
3720,402
3721,429
3722,433
3723,389
3724,395
3725,414
3726,398
3727,364
3728,360
3729,345
3730,355
3731,334
3732,370
3733,296
3734,300
3735,315
3736,382
3737,460
3738,577
3739,613
3740,566
3741,494
3742,434
3743,384
3744,359
3745,339
3746,334
3747,327
3748,343
3749,325
3750,303
3751,266
3752,266
3753,308
3754,366
3755,316
3756,327
3757,315
3758,342
3759,368
3760,405
3761,514
3762,603
3763,600
3764,501
3765,394
3766,337
3767,332
3768,334
3769,346
3770,362
3771,330
3772,342
3773,397
3774,392
3775,379
3776,389
3777,396
3778,415
3779,445
3780,463
3781,458
3782,462
3783,462
3784,516
3785,557
3786,569
3787,579
3788,480
3789,432
3790,376
3791,352
3792,359
3793,339
3794,338
3795,357
3796,356
3797,366
3798,362
3799,361
3800,332
3801,292
3802,279
3803,291
3804,346
3805,282
3806,320
3807,340
3808,379
3809,416
3810,501
3811,517
3812,474
3813,404
3814,278
3815,252
3816,247
3817,230
3818,246
3819,262
3820,266
3821,333
3822,323
3823,252
3824,250
3825,259
3826,257
3827,226
3828,214
3829,197
3830,211
3831,259
3832,364
3833,441
3834,517
3835,524
3836,509
3837,481
3838,374
3839,340
3840,333
3841,246
3842,241
3843,243
3844,252
3845,316
3846,271
3847,248
3848,253
3849,290
3850,301
3851,276
3852,275
3853,256
3854,282
3855,293
3856,393
3857,478
3858,542
3859,551
3860,500
3861,402
3862,377
3863,344
3864,336
3865,219
3866,216
3867,237
3868,250
3869,274
3870,293
3871,233
3872,240
3873,236
3874,263
3875,233
3876,229
3877,217
3878,261
3879,283
3880,348
3881,409
3882,456
3883,459
3884,403
3885,345
3886,319
3887,284
3888,246
3889,210
3890,199
3891,211
3892,233
3893,301
3894,316
3895,243
3896,254
3897,232
3898,234
3899,234
3900,221
3901,213
3902,232
3903,242
3904,315
3905,442
3906,497
3907,491
3908,464
3909,402
3910,332
3911,289
3912,261
3913,238
3914,223
3915,224
3916,245
3917,300
3918,314
3919,261
3920,264
3921,271
3922,286
3923,285
3924,277
3925,231
3926,251
3927,312
3928,406
3929,538
3930,583
3931,583
3932,530
3933,429
3934,426
3935,386
3936,350
3937,318
3938,323
3939,331
3940,364
3941,378
3942,433
3943,351
3944,355
3945,387
3946,442
3947,407
3948,418
3949,400
3950,421
3951,430
3952,412
3953,460
3954,500
3955,512
3956,495
3957,434
3958,441
3959,473
3960,440
3961,395
3962,393
3963,402
3964,478
3965,462
3966,443
3967,442
3968,462
3969,492
3970,502
3971,482
3972,443
3973,426
3974,460
3975,472
3976,523
3977,565
3978,576
3979,567
3980,516
3981,484
3982,436
3983,425
3984,431
3985,407
3986,406
3987,403
3988,401
3989,419
3990,408
3991,392
3992,400
3993,460
3994,496
3995,448
3996,443
3997,409
3998,428
3999,440
4000,432
4001,489
4002,519
4003,540
4004,564
4005,577
4006,575
4007,589
4008,596
4009,557
4010,563
4011,561
4012,539
4013,529
4014,534
4015,495
4016,476
4017,492
4018,496
4019,493
4020,484
4021,446
4022,453
4023,496
4024,545
4025,588
4026,630
4027,591
4028,552
4029,480
4030,470
4031,454
4032,437
4033,417
4034,409
4035,435
4036,442
4037,436
4038,434
4039,415
4040,405
4041,394
4042,378
4043,408
4044,424
4045,400
4046,466
4047,455
4048,492
4049,575
4050,641
4051,647
4052,634
4053,495
4054,477
4055,470
4056,419
4057,391
4058,374
4059,385
4060,392
4061,391
4062,375
4063,365
4064,371
4065,366
4066,363
4067,358
4068,374
4069,417
4070,414
4071,444
4072,458
4073,486
4074,558
4075,559
4076,547
4077,422
4078,383
4079,379
4080,383
4081,358
4082,374
4083,387
4084,396
4085,403
4086,396
4087,397
4088,390
4089,369
4090,360
4091,370
4092,393
4093,404
4094,496
4095,554
4096,594
4097,631
4098,646
4099,614
4100,602
4101,563
4102,547
4103,498
4104,483
4105,453
4106,431
4107,447
4108,449
4109,448
4110,420
4111,407
4112,408
4113,401
4114,398
4115,449
4116,450
4117,390
4118,431
4119,488
4120,547
4121,669
4122,689
4123,706
4124,646
4125,552
4126,505
4127,451
4128,475
4129,493
4130,497
4131,513
4132,506
4133,506
4134,480
4135,451
4136,440
4137,438
4138,419
4139,418
4140,415
4141,416
4142,452
4143,570
4144,629
4145,673
4146,703
4147,667
4148,541
4149,481
4150,469
4151,421
4152,421
4153,385
4154,372
4155,384
4156,383
4157,423
4158,368
4159,368
4160,362
4161,421
4162,484
4163,427
4164,410
4165,335
4166,362
4167,470
4168,598
4169,683
4170,677
4171,650
4172,557
4173,479
4174,461
4175,417
4176,410
4177,359
4178,349
4179,354
4180,360
4181,424
4182,414
4183,395
4184,346
4185,318
4186,309
4187,287
4188,289
4189,282
4190,301
4191,334
4192,423
4193,624
4194,632
4195,632
4196,579
4197,500
4198,462
4199,413
4200,373
4201,319
4202,333
4203,324
4204,387
4205,400
4206,399
4207,324
4208,302
4209,285
4210,283
4211,275
4212,273
4213,262
4214,295
4215,330
4216,393
4217,550
4218,580
4219,595
4220,561
4221,469
4222,382
4223,335
4224,290
4225,255
4226,263
4227,283
4228,343
4229,356
4230,351
4231,297
4232,292
4233,298
4234,282
4235,266
4236,258
4237,252
4238,268
4239,280
4240,280
4241,417
4242,510
4243,530
4244,458
4245,360
4246,340
4247,345
4248,295
4249,259
4250,260
4251,250
4252,279
4253,326
4254,350
4255,319
4256,272
4257,260
4258,227
4259,234
4260,260
4261,256
4262,287
4263,311
4264,357
4265,442
4266,544
4267,531
4268,498
4269,392
4270,347
4271,311
4272,260
4273,237
4274,236
4275,225
4276,249
4277,261
4278,309
4279,315
4280,300
4281,221
4282,214
4283,200
4284,205
4285,209
4286,243
4287,282
4288,365
4289,553
4290,604
4291,606
4292,524
4293,381
4294,349
4295,347
4296,321
4297,247
4298,245
4299,273
4300,295
4301,337
4302,299
4303,287
4304,269
4305,240
4306,227
4307,220
4308,217
4309,221
4310,274
4311,310
4312,376
4313,546
4314,609
4315,644
4316,606
4317,425
4318,379
4319,313
4320,310
4321,298
4322,322
4323,322
4324,327
4325,362
4326,376
4327,391
4328,367
4329,349
4330,345
4331,379
4332,386
4333,351
4334,440
4335,481
4336,447
4337,531
4338,577
4339,632
4340,603
4341,529
4342,507
4343,466
4344,463
4345,493
4346,469
4347,463
4348,503
4349,532
4350,471
4351,466
4352,406
4353,378
4354,373
4355,343
4356,310
4357,289
4358,310
4359,404
4360,535
4361,665
4362,726
4363,716
4364,640
4365,508
4366,428
4367,388
4368,346
4369,308
4370,289
4371,305
4372,327
4373,375
4374,410
4375,351
4376,341
4377,337
4378,340
4379,310
4380,291
4381,265
4382,260
4383,290
4384,349
4385,510
4386,583
4387,604
4388,563
4389,442
4390,373
4391,332
4392,332
4393,322
4394,325
4395,330
4396,353
4397,425
4398,379
4399,342
4400,326
4401,280
4402,273
4403,251
4404,238
4405,228
4406,260
4407,292
4408,357
4409,506
4410,575
4411,555
4412,527
4413,443
4414,389
4415,357
4416,304
4417,285
4418,315
4419,323
4420,340
4421,358
4422,365
4423,348
4424,329
4425,292
4426,265
4427,243
4428,227
4429,214
4430,237
4431,324
4432,395
4433,476
4434,528
4435,541
4436,505
4437,425
4438,384
4439,359
4440,288
4441,280
4442,299
4443,316
4444,311
4445,349
4446,356
4447,359
4448,330
4449,310
4450,302
4451,310
4452,310
4453,302
4454,319
4455,349
4456,437
4457,563
4458,625
4459,612
4460,565
4461,479
4462,413
4463,381
4464,323
4465,305
4466,318
4467,328
4468,340
4469,367
4470,353
4471,330
4472,330
4473,300
4474,280
4475,287
4476,253
4477,232
4478,249
4479,293
4480,419
4481,530
4482,597
4483,607
4484,528
4485,487
4486,437
4487,417
4488,418
4489,392
4490,412
4491,405
4492,426
4493,467
4494,458
4495,443
4496,419
4497,401
4498,393
4499,408
4500,407
4501,406
4502,420
4503,455
4504,472
4505,522
4506,585
4507,598
4508,560
4509,503
4510,507
4511,506
4512,511
4513,487
4514,510
4515,532
4516,523
4517,581
4518,551
4519,524
4520,521
4521,476
4522,423
4523,439
4524,424
4525,438
4526,463
4527,490
4528,521
4529,579
4530,618
4531,561
4532,548
4533,527
4534,519
4535,523
4536,529
4537,519
4538,481
4539,465
4540,476
4541,530
4542,547
4543,522
4544,505
4545,473
4546,467
4547,467
4548,479
4549,463
4550,490
4551,505
4552,521
4553,570
4554,631
4555,602
4556,558
4557,491
4558,490
4559,492
4560,471
4561,466
4562,429
4563,429
4564,453
4565,507
4566,490
4567,446
4568,435
4569,400
4570,346
4571,329
4572,319
4573,319
4574,361
4575,411
4576,450
4577,577
4578,661
4579,657
4580,625
4581,606
4582,536
4583,505
4584,433
4585,408
4586,402
4587,410
4588,440
4589,491
4590,487
4591,424
4592,376
4593,343
4594,329
4595,316
4596,309
4597,307
4598,320
4599,378
4600,526
4601,649
4602,679
4603,641
4604,608
4605,534
4606,470
4607,423
4608,410
4609,384
4610,391
4611,400
4612,431
4613,458
4614,463
4615,432
4616,394
4617,388
4618,384
4619,376
4620,388
4621,373
4622,388
4623,434
4624,501
4625,633
4626,673
4627,681
4628,638
4629,558
4630,458
4631,418
4632,413
4633,385
4634,398
4635,413
4636,438
4637,465
4638,482
4639,461
4640,421
4641,386
4642,328
4643,306
4644,318
4645,296
4646,293
4647,337
4648,447
4649,598
4650,628
4651,647
4652,597
4653,542
4654,448
4655,431
4656,423
4657,403
4658,395
4659,398
4660,390
4661,427
4662,420
4663,337
4664,312
4665,295
4666,298
4667,272
4668,253
4669,250
4670,298
4671,313
4672,402
4673,568
4674,632
4675,627
4676,589
4677,502
4678,415
4679,410
4680,377
4681,354
4682,368
4683,356
4684,395
4685,467
4686,461
4687,410
4688,341
4689,291
4690,303
4691,292
4692,283
4693,254
4694,288
4695,359
4696,438
4697,533
4698,589
4699,557
4700,535
4701,473
4702,416
4703,412
4704,381
4705,346
4706,326
4707,315
4708,321
4709,338
4710,340
4711,326
4712,313
4713,280
4714,287
4715,300
4716,290
4717,280
4718,296
4719,283
4720,337
4721,449
4722,549
4723,544
4724,465
4725,419
4726,391
4727,369
4728,354
4729,251
4730,241
4731,229
4732,263
4733,312
4734,325
4735,310
4736,280
4737,261
4738,260
4739,254
4740,262
4741,265
4742,279
4743,265
4744,338
4745,460
4746,547
4747,576
4748,538
4749,434
4750,402
4751,364
4752,295
4753,256
4754,257
4755,242
4756,275
4757,323
4758,335
4759,338
4760,304
4761,283
4762,258
4763,239
4764,223
4765,222
4766,255
4767,294
4768,387
4769,527
4770,608
4771,624
4772,591
4773,571
4774,503
4775,439
4776,335
4777,290
4778,292
4779,306
4780,343
4781,397
4782,457
4783,406
4784,391
4785,361
4786,336
4787,292
4788,267
4789,253
4790,289
4791,377
4792,466
4793,600
4794,661
4795,651
4796,565
4797,543
4798,496
4799,451
4800,394
4801,367
4802,368
4803,381
4804,425
4805,476
4806,489
4807,470
4808,349
4809,291
4810,275
4811,277
4812,289
4813,232
4814,237
4815,313
4816,448
4817,603
4818,632
4819,620
4820,561
4821,520
4822,454
4823,399
4824,364
4825,330
4826,307
4827,323
4828,335
4829,390
4830,405
4831,372
4832,357
4833,370
4834,429
4835,469
4836,471
4837,371
4838,393
4839,430
4840,497
4841,590
4842,627
4843,605
4844,547
4845,493
4846,467
4847,434
4848,424
4849,427
4850,424
4851,433
4852,447
4853,458
4854,469
4855,478
4856,458
4857,473
4858,502
4859,509
4860,503
4861,459
4862,477
4863,514
4864,525
4865,597
4866,647
4867,657
4868,638
4869,631
4870,624
4871,619
4872,621
4873,620
4874,628
4875,651
4876,675
4877,671
4878,636
4879,661
4880,661
4881,626
4882,622
4883,616
4884,588
4885,580
4886,589
4887,592
4888,579
4889,604
4890,659
4891,646
4892,584
4893,554
4894,530
4895,510
4896,537
4897,545
4898,559
4899,568
4900,576
4901,603
4902,586
4903,577
4904,519
4905,497
4906,532
4907,527
4908,531
4909,491
4910,486
4911,520
4912,512
4913,556
4914,606
4915,616
4916,595
4917,538
4918,494
4919,510
4920,534
4921,485
4922,481
4923,483
4924,500
4925,505
4926,527
4927,519
4928,446
4929,452
4930,454
4931,447
4932,398
4933,365
4934,391
4935,441
4936,528
4937,582
4938,687
4939,680
4940,609
4941,509
4942,490
4943,497
4944,506
4945,492
4946,485
4947,525
4948,556
4949,587
4950,600
4951,530
4952,470
4953,426
4954,404
4955,431
4956,442
4957,396
4958,420
4959,415
4960,529
4961,639
4962,685
4963,664
4964,611
4965,523
4966,469
4967,441
4968,454
4969,416
4970,427
4971,445
4972,537
4973,559
4974,577
4975,551
4976,451
4977,441
4978,439
4979,429
4980,409
4981,401
4982,404
4983,434
4984,543
4985,671
4986,700
4987,651
4988,628
4989,518
4990,473
4991,462
4992,450
4993,416
4994,415
4995,418
4996,471
4997,579
4998,606
4999,584
5000,489
5001,410
5002,371
5003,345
5004,334
5005,311
5006,328
5007,368
5008,526
5009,653
5010,680
5011,640
5012,611
5013,499
5014,446
5015,423
5016,409
5017,380
5018,381
5019,390
5020,462
5021,567
5022,582
5023,518
5024,419
5025,377
5026,372
5027,346
5028,344
5029,314
5030,358
5031,384
5032,488
5033,653
5034,677
5035,635
5036,594
5037,511
5038,489
5039,485
5040,455
5041,341
5042,345
5043,367
5044,401
5045,454
5046,507
5047,458
5048,388
5049,371
5050,356
5051,340
5052,346
5053,306
5054,345
5055,375
5056,409
5057,523
5058,634
5059,645
5060,585
5061,495
5062,449
5063,411
5064,381
5065,335
5066,356
5067,376
5068,396
5069,458
5070,497
5071,455
5072,413
5073,367
5074,332
5075,337
5076,333
5077,321
5078,326
5079,361
5080,439
5081,554
5082,598
5083,610
5084,486
5085,454
5086,424
5087,402
5088,398
5089,377
5090,383
5091,395
5092,430
5093,489
5094,549
5095,485
5096,422
5097,374
5098,307
5099,255
5100,259
5101,242
5102,253
5103,283
5104,374
5105,544
5106,577
5107,524
5108,452
5109,414
5110,396
5111,347
5112,337
5113,323
5114,331
5115,358
5116,384
5117,417
5118,431
5119,429
5120,356
5121,335
5122,307
5123,290
5124,281
5125,231
5126,239
5127,297
5128,397
5129,567
5130,620
5131,572
5132,520
5133,405
5134,369
5135,338
5136,326
5137,302
5138,323
5139,353
5140,382
5141,426
5142,423
5143,372
5144,334
5145,292
5146,293
5147,256
5148,255
5149,235
5150,256
5151,293
5152,419
5153,539
5154,582
5155,507
5156,453
5157,424
5158,420
5159,435
5160,428
5161,417
5162,414
5163,456
5164,460
5165,451
5166,436
5167,430
5168,419
5169,412
5170,413
5171,388
5172,358
5173,369
5174,427
5175,436
5176,461
5177,572
5178,590
5179,541
5180,459
5181,434
5182,429
5183,429
5184,414
5185,423
5186,436
5187,451
5188,504
5189,511
5190,528
5191,471
5192,407
5193,373
5194,369
5195,362
5196,347
5197,350
5198,382
5199,432
5200,460
5201,522
5202,617
5203,601
5204,508
5205,444
5206,418
5207,404
5208,406
5209,366
5210,397
5211,405
5212,464
5213,490
5214,475
5215,455
5216,414
5217,404
5218,362
5219,339
5220,328
5221,308
5222,335
5223,358
5224,418
5225,542
5226,601
5227,602
5228,562
5229,523
5230,460
5231,408
5232,401
5233,366
5234,374
5235,372
5236,434
5237,516
5238,538
5239,503
5240,379
5241,352
5242,331
5243,312
5244,289
5245,288
5246,313
5247,376
5248,545
5249,596
5250,660
5251,647
5252,578
5253,468
5254,432
5255,412
5256,422
5257,360
5258,340
5259,326
5260,407
5261,474
5262,438
5263,426
5264,334
5265,287
5266,284
5267,281
5268,282
5269,268
5270,302
5271,335
5272,402
5273,489
5274,472
5275,458
5276,438
5277,407
5278,403
5279,383
5280,405
5281,382
5282,417
5283,459
5284,486
5285,542
5286,549
5287,559
5288,542
5289,557
5290,510
5291,501
5292,511
5293,507
5294,495
5295,487
5296,479
5297,525
5298,543
5299,512
5300,492
5301,491
5302,496
5303,499
5304,505
5305,508
5306,529
5307,563
5308,560
5309,559
5310,549
5311,539
5312,507
5313,508
5314,487
5315,480
5316,483
5317,487
5318,488
5319,461
5320,459
5321,508
5322,532
5323,515
5324,539
5325,538
5326,498
5327,477
5328,479
5329,444
5330,439
5331,448
5332,467
5333,494
5334,496
5335,497
5336,467
5337,450
5338,454
5339,474
5340,477
5341,454
5342,472
5343,492
5344,525
5345,614
5346,663
5347,658
5348,636
5349,618
5350,609
5351,591
5352,596
5353,559
5354,564
5355,567
5356,587
5357,599
5358,601
5359,587
5360,547
5361,519
5362,524
5363,518
5364,531
5365,536
5366,551
5367,582
5368,609
5369,653
5370,685
5371,684
5372,698
5373,705
5374,716
5375,722
5376,712
5377,665
5378,677
5379,706
5380,681
5381,692
5382,719
5383,734
5384,720
5385,670
5386,638
5387,589
5388,619
5389,645
5390,645
5391,653
5392,700
5393,748
5394,792
5395,758
5396,756
5397,735
5398,670
5399,665
5400,653
5401,646
5402,649
5403,667
5404,716
5405,716
5406,740
5407,718
5408,677
5409,581
5410,574
5411,574
5412,585
5413,569
5414,577
5415,581
5416,622
5417,715
5418,765
5419,747
5420,724
5421,659
5422,648
5423,633
5424,622
5425,610
5426,614
5427,622
5428,665
5429,712
5430,701
5431,635
5432,589
5433,571
5434,554
5435,550
5436,568
5437,563
5438,565
5439,569
5440,604
5441,691
5442,713
5443,739
5444,738
5445,715
5446,682
5447,647
5448,636
5449,628
5450,669
5451,720
5452,733
5453,721
5454,711
5455,689
5456,673
5457,672
5458,641
5459,602
5460,590
5461,570
5462,566
5463,604
5464,622
5465,710
5466,757
5467,700
5468,697
5469,686
5470,631
5471,598
5472,595
5473,601
5474,602
5475,633
5476,703
5477,707
5478,729
5479,694
5480,590
5481,569
5482,613
5483,586
5484,556
5485,489
5486,489
5487,539
5488,584
5489,651
5490,678
5491,641
5492,645
5493,597
5494,576
5495,566
5496,568
5497,553
5498,585
5499,649
5500,664
5501,658
5502,651
5503,612
5504,508
5505,482
5506,476
5507,497
5508,489
5509,456
5510,510
5511,510
5512,597
5513,683
5514,743
5515,704
5516,691
5517,654
5518,636
5519,627
5520,634
5521,637
5522,643
5523,670
5524,687
5525,684
5526,678
5527,632
5528,617
5529,613
5530,619
5531,633
5532,643
5533,620
5534,642
5535,711
5536,757
5537,757
5538,720
5539,728
5540,726
5541,714
5542,710
5543,727
5544,735
5545,733
5546,767
5547,766
5548,763
5549,759
5550,756
5551,734
5552,718
5553,721
5554,723
5555,692
5556,707
5557,702
5558,769
5559,777
5560,791
5561,796
5562,819
5563,775
5564,774
5565,774
5566,782
5567,791
5568,799
5569,790
5570,793
5571,787
5572,771
5573,767
5574,763
5575,762
5576,717
5577,736
5578,740
5579,727
5580,723
5581,682
5582,692
5583,707
5584,734
5585,778
5586,792
5587,798
5588,800
5589,753
5590,750
5591,732
5592,723
5593,699
5594,728
5595,744
5596,746
5597,739
5598,734
5599,675
5600,672
5601,668
5602,658
5603,648
5604,647
5605,637
5606,632
5607,645
5608,651
5609,709
5610,730
5611,740
5612,699
5613,677
5614,661
5615,659
5616,669
5617,654
5618,677
5619,717
5620,728
5621,710
5622,709
5623,667
5624,662
5625,659
5626,625
5627,609
5628,593
5629,500
5630,532
5631,593
5632,645
5633,664
5634,670
5635,681
5636,685
5637,662
5638,648
5639,656
5640,646
5641,600
5642,606
5643,633
5644,670
5645,687
5646,679
5647,666
5648,603
5649,590
5650,612
5651,589
5652,570
5653,545
5654,553
5655,565
5656,623
5657,686
5658,719
5659,726
5660,728
5661,703
5662,656
5663,642
5664,633
5665,620
5666,677
5667,723
5668,729
5669,725
5670,707
5671,679
5672,611
5673,589
5674,624
5675,607
5676,600
5677,524
5678,525
5679,629
5680,694
5681,735
5682,746
5683,754
5684,732
5685,667
5686,669
5687,663
5688,663
5689,665
5690,674
5691,743
5692,758
5693,756
5694,700
5695,666
5696,671
5697,659
5698,665
5699,603
5700,606
5701,583
5702,591
5703,618
5704,725
5705,784
5706,791
5707,791
5708,751
5709,720
5710,691
5711,674
5712,668
5713,651
5714,657
5715,670
5716,737
5717,742
5718,764
5719,755
5720,699
5721,691
5722,678
5723,629
5724,622
5725,610
5726,648
5727,675
5728,712
5729,782
5730,774
5731,768
5732,755
5733,731
5734,647
5735,629
5736,614
5737,603
5738,626
5739,696
5740,710
5741,735
5742,762
5743,703
5744,681
5745,625
5746,671
5747,614
5748,607
5749,602
5750,619
5751,646
5752,726
5753,749
5754,775
5755,795
5756,783
5757,744
5758,702
5759,687
5760,657
5761,649
5762,673
5763,670
5764,696
5765,731
5766,752
5767,760
5768,758
5769,751
5770,683
5771,651
5772,630
5773,621
5774,666
5775,673
5776,713
5777,791
5778,795
5779,772
5780,763
5781,754
5782,700
5783,646
5784,627
5785,617
5786,641
5787,647
5788,684
5789,738
5790,745
5791,717
5792,709
5793,682
5794,610
5795,587
5796,566
5797,545
5798,572
5799,572
5800,590
5801,703
5802,699
5803,704
5804,686
5805,683
5806,660
5807,641
5808,615
5809,581
5810,599
5811,586
5812,579
5813,656
5814,708
5815,652
5816,634
5817,616
5818,571
5819,533
5820,506
5821,468
5822,521
5823,563
5824,582
5825,651
5826,658
5827,667
5828,650
5829,625
5830,588
5831,549
5832,527
5833,508
5834,536
5835,531
5836,564
5837,638
5838,673
5839,621
5840,581
5841,563
5842,514
5843,474
5844,452
5845,419
5846,435
5847,484
5848,541
5849,621
5850,673
5851,730
5852,718
5853,699
5854,683
5855,617
5856,553
5857,497
5858,506
5859,512
5860,568
5861,615
5862,656
5863,647
5864,607
5865,580
5866,490
5867,447
5868,406
5869,394
5870,447
5871,544
5872,625
5873,748
5874,793
5875,815
5876,792
5877,736
5878,682
5879,657
5880,633
5881,593
5882,553
5883,564
5884,629
5885,659
5886,630
5887,624
5888,578
5889,540
5890,480
5891,476
5892,473
5893,441
5894,462
5895,574
5896,683
5897,813
5898,838
5899,842
5900,784
5901,719
5902,648
5903,606
5904,580
5905,519
5906,518
5907,558
5908,631
5909,644
5910,639
5911,541
5912,531
5913,524
5914,488
5915,443
5916,418
5917,414
5918,431
5919,480
5920,632
5921,756
5922,800
5923,801
5924,763
5925,690
5926,588
5927,521
5928,516
5929,503
5930,514
5931,537
5932,616
5933,663
5934,670
5935,676
5936,662
5937,597
5938,480
5939,480
5940,439
5941,431
5942,467
5943,502
5944,643
5945,771
5946,782
5947,781
5948,782
5949,723
5950,625
5951,559
5952,528
5953,506
5954,509
5955,560
5956,614
5957,669
5958,692
5959,703
5960,683
5961,646
5962,511
5963,415
5964,398
5965,372
5966,426
5967,499
5968,588
5969,690
5970,701
5971,704
5972,702
5973,629
5974,530
5975,503
5976,495
5977,451
5978,429
5979,462
5980,534
5981,578
5982,611
5983,651
5984,673
5985,620
5986,483
5987,433
5988,363
5989,344
5990,365
5991,425
5992,576
5993,682
5994,701
5995,713
5996,719
5997,660
5998,539
5999,462
6000,453
6001,444
6002,468
6003,467
6004,517
6005,568
6006,618
6007,600
6008,567
6009,524
6010,462
6011,390
6012,386
6013,373
6014,397
6015,441
6016,561
6017,655
6018,681
6019,727
6020,714
6021,686
6022,594
6023,529
6024,509
6025,497
6026,520
6027,541
6028,593
6029,643
6030,648
6031,634
6032,607
6033,537
6034,488
6035,455
6036,442
6037,428
6038,451
6039,495
6040,599
6041,693
6042,735
6043,722
6044,706
6045,628
6046,580
6047,512
6048,513
6049,493
6050,559
6051,605
6052,624
6053,627
6054,596
6055,578
6056,575
6057,530
6058,482
6059,482
6060,460
6061,447
6062,481
6063,519
6064,592
6065,674
6066,731
6067,720
6068,648
6069,598
6070,552
6071,526
6072,526
6073,533
6074,589
6075,610
6076,647
6077,650
6078,626
6079,607
6080,570
6081,515
6082,463
6083,430
6084,439
6085,421
6086,451
6087,497
6088,566
6089,719
6090,771
6091,774
6092,700
6093,586
6094,471
6095,442
6096,444
6097,416
6098,442
6099,444
6100,515
6101,551
6102,582
6103,574
6104,576
6105,553
6106,469
6107,406
6108,393
6109,375
6110,405
6111,505
6112,698
6113,744
6114,756
6115,711
6116,702
6117,633
6118,486
6119,441
6120,441
6121,417
6122,439
6123,437
6124,457
6125,513
6126,515
6127,528
6128,539
6129,612
6130,628
6131,619
6132,562
6133,444
6134,476
6135,497
6136,647
6137,777
6138,789
6139,745
6140,718
6141,619
6142,545
6143,511
6144,477
6145,444
6146,468
6147,474
6148,498
6149,529
6150,627
6151,711
6152,688
6153,609
6154,535
6155,440
6156,392
6157,369
6158,374
6159,425
6160,622
6161,743
6162,765
6163,745
6164,725
6165,627
6166,505
6167,441
6168,435
6169,414
6170,431
6171,419
6172,455
6173,446
6174,556
6175,609
6176,603
6177,516
6178,417
6179,365
6180,358
6181,355
6182,356
6183,409
6184,644
6185,745
6186,763
6187,778
6188,703
6189,584
6190,452
6191,411
6192,406
6193,365
6194,392
6195,404
6196,423
6197,458
6198,566
6199,589
6200,578
6201,530
6202,504
6203,483
6204,485
6205,427
6206,426
6207,453
6208,639
6209,758
6210,801
6211,787
6212,655
6213,515
6214,426
6215,411
6216,398
6217,359
6218,381
6219,381
6220,459
6221,521
6222,520
6223,465
6224,483
6225,497
6226,461
6227,436
6228,399
6229,359
6230,346
6231,335
6232,436
6233,582
6234,633
6235,694
6236,581
6237,473
6238,390
6239,368
6240,351
6241,337
6242,367
6243,387
6244,446
6245,462
6246,441
6247,393
6248,385
6249,379
6250,395
6251,333
6252,321
6253,308
6254,308
6255,314
6256,399
6257,544
6258,629
6259,665
6260,571
6261,469
6262,385
6263,366
6264,350
6265,354
6266,399
6267,413
6268,465
6269,500
6270,549
6271,482
6272,471
6273,460
6274,434
6275,365
6276,331
6277,305
6278,317
6279,378
6280,528
6281,661
6282,715
6283,720
6284,635
6285,501
6286,439
6287,388
6288,381
6289,371
6290,420
6291,437
6292,473
6293,492
6294,488
6295,416
6296,463
6297,464
6298,431
6299,348
6300,317
6301,304
6302,352
6303,452
6304,618
6305,695
6306,741
6307,750
6308,690
6309,597
6310,528
6311,454
6312,453
6313,411
6314,437
6315,439
6316,452
6317,445
6318,451
6319,524
6320,554
6321,531
6322,407
6323,362
6324,313
6325,297
6326,324
6327,387
6328,534
6329,684
6330,735
6331,750
6332,684
6333,602
6334,460
6335,421
6336,425
6337,386
6338,423
6339,437
6340,440
6341,439
6342,453
6343,564
6344,572
6345,534
6346,424
6347,351
6348,302
6349,299
6350,314
6351,356
6352,444
6353,623
6354,704
6355,724
6356,672
6357,592
6358,460
6359,420
6360,407
6361,368
6362,401
6363,412
6364,419
6365,401
6366,401
6367,482
6368,573
6369,556
6370,422
6371,315
6372,297
6373,290
6374,309
6375,388
6376,543
6377,689
6378,738
6379,756
6380,690
6381,586
6382,473
6383,422
6384,397
6385,369
6386,386
6387,384
6388,429
6389,442
6390,420
6391,419
6392,435
6393,413
6394,376
6395,316
6396,285
6397,271
6398,276
6399,299
6400,390
6401,513
6402,651
6403,649
6404,580
6405,463
6406,414
6407,389
6408,372
6409,356
6410,380
6411,430
6412,529
6413,505
6414,380
6415,402
6416,407
6417,359
6418,331
6419,276
6420,255
6421,271
6422,284
6423,295
6424,335
6425,504
6426,577
6427,573
6428,569
6429,478
6430,460
6431,394
6432,368
6433,346
6434,368
6435,404
6436,450
6437,402
6438,381
6439,403
6440,466
6441,486
6442,402
6443,300
6444,266
6445,251
6446,259
6447,316
6448,444
6449,619
6450,661
6451,678
6452,645
6453,546
6454,475
6455,439
6456,390
6457,331
6458,359
6459,393
6460,460
6461,478
6462,453
6463,461
6464,481
6465,487
6466,408
6467,302
6468,280
6469,262
6470,289
6471,367
6472,510
6473,691
6474,730
6475,747
6476,680
6477,561
6478,465
6479,450
6480,429
6481,410
6482,468
6483,478
6484,458
6485,461
6486,463
6487,518
6488,576
6489,589
6490,459
6491,345
6492,289
6493,283
6494,298
6495,360
6496,482
6497,677
6498,741
6499,757
6500,633
6501,575
6502,523
6503,444
6504,406
6505,396
6506,462
6507,577
6508,596
6509,590
6510,583
6511,567
6512,596
6513,561
6514,448
6515,340
6516,332
6517,330
6518,349
6519,384
6520,462
6521,647
6522,691
6523,719
6524,619
6525,531
6526,484
6527,417
6528,395
6529,365
6530,389
6531,417
6532,508
6533,494
6534,530
6535,582
6536,566
6537,540
6538,391
6539,304
6540,287
6541,274
6542,284
6543,363
6544,453
6545,592
6546,634
6547,601
6548,569
6549,497
6550,440
6551,394
6552,391
6553,351
6554,366
6555,384
6556,419
6557,435
6558,451
6559,527
6560,562
6561,480
6562,345
6563,292
6564,278
6565,268
6566,279
6567,330
6568,369
6569,549
6570,613
6571,601
6572,576
6573,486
6574,398
6575,359
6576,350
6577,341
6578,353
6579,371
6580,471
6581,487
6582,544
6583,427
6584,433
6585,412
6586,382
6587,278
6588,255
6589,265
6590,273
6591,348
6592,431
6593,508
6594,552
6595,585
6596,569
6597,509
6598,431
6599,395
6600,376
6601,410
6602,437
6603,535
6604,638
6605,621
6606,613
6607,491
6608,439
6609,368
6610,320
6611,299
6612,285
6613,276
6614,282
6615,306
6616,350
6617,530
6618,546
6619,540
6620,535
6621,457
6622,413
6623,391
6624,377
6625,339
6626,334
6627,360
6628,446
6629,491
6630,484
6631,437
6632,426
6633,391
6634,336
6635,271
6636,261
6637,255
6638,267
6639,290
6640,326
6641,483
6642,569
6643,568
6644,537
6645,476
6646,472
6647,428
6648,387
6649,356
6650,365
6651,375
6652,453
6653,500
6654,484
6655,427
6656,392
6657,376
6658,304
6659,274
6660,268
6661,263
6662,277
6663,302
6664,359
6665,541
6666,621
6667,605
6668,617
6669,522
6670,383
6671,337
6672,321
6673,290
6674,330
6675,370
6676,431
6677,441
6678,473
6679,462
6680,489
6681,452
6682,339
6683,279
6684,277
6685,271
6686,285
6687,312
6688,390
6689,532
6690,649
6691,623
6692,630
6693,547
6694,432
6695,414
6696,381
6697,349
6698,372
6699,426
6700,551
6701,563
6702,551
6703,500
6704,484
6705,428
6706,369
6707,318
6708,288
6709,263
6710,304
6711,370
6712,394
6713,472
6714,517
6715,537
6716,525
6717,506
6718,426
6719,366
6720,340
6721,327
6722,349
6723,359
6724,433
6725,451
6726,449
6727,463
6728,433
6729,357
6730,300
6731,269
6732,257
6733,249
6734,262
6735,272
6736,338
6737,475
6738,576
6739,610
6740,619
6741,473
6742,401
6743,363
6744,344
6745,310
6746,329
6747,330
6748,388
6749,387
6750,382
6751,380
6752,362
6753,356
6754,300
6755,262
6756,244
6757,248
6758,257
6759,288
6760,356
6761,525
6762,673
6763,630
6764,594
6765,495
6766,403
6767,370
6768,341
6769,304
6770,366
6771,401
6772,475
6773,520
6774,464
6775,413
6776,366
6777,343
6778,326
6779,275
6780,258
6781,241
6782,251
6783,259
6784,323
6785,488
6786,575
6787,583
6788,570
6789,448
6790,392
6791,354
6792,332
6793,273
6794,288
6795,331
6796,441
6797,455
6798,462
6799,441
6800,443
6801,432
6802,351
6803,279
6804,274
6805,246
6806,261
6807,298
6808,409
6809,614
6810,663
6811,635
6812,608
6813,481
6814,391
6815,340
6816,321
6817,279
6818,299
6819,307
6820,341
6821,364
6822,367
6823,387
6824,417
6825,428
6826,364
6827,298
6828,292
6829,269
6830,285
6831,350
6832,482
6833,618
6834,652
6835,655
6836,635
6837,517
6838,406
6839,372
6840,369
6841,329
6842,349
6843,390
6844,424
6845,423
6846,445
6847,481
6848,511
6849,483
6850,348
6851,237
6852,230
6853,221
6854,248
6855,282
6856,403
6857,601
6858,709
6859,712
6860,682
6861,528
6862,365
6863,328
6864,319
6865,286
6866,307
6867,336
6868,361
6869,388
6870,409
6871,431
6872,428
6873,408
6874,324
6875,277
6876,263
6877,234
6878,243
6879,282
6880,485
6881,610
6882,680
6883,689
6884,662
6885,538
6886,428
6887,378
6888,364
6889,303
6890,298
6891,342
6892,377
6893,414
6894,392
6895,347
6896,333
6897,316
6898,278
6899,243
6900,223
6901,212
6902,223
6903,272
6904,377
6905,554
6906,622
6907,617
6908,590
6909,509
6910,402
6911,346
6912,328
6913,290
6914,329
6915,375
6916,415
6917,453
6918,424
6919,326
6920,319
6921,284
6922,257
6923,215
6924,199
6925,211
6926,224
6927,262
6928,380
6929,508
6930,569
6931,588
6932,556
6933,462
6934,379
6935,297
6936,277
6937,263
6938,286
6939,306
6940,380
6941,396
6942,398
6943,404
6944,414
6945,422
6946,397
6947,319
6948,261
6949,234
6950,245
6951,276
6952,426
6953,596
6954,674
6955,711
6956,708
6957,624
6958,504
6959,378
6960,348
6961,339
6962,367
6963,421
6964,422
6965,394
6966,432
6967,456
6968,483
6969,505
6970,463
6971,385
6972,360
6973,292
6974,296
6975,351
6976,520
6977,636
6978,694
6979,716
6980,701
6981,571
6982,442
6983,401
6984,369
6985,359
6986,366
6987,435
6988,465
6989,445
6990,436
6991,428
6992,470
6993,501
6994,401
6995,289
6996,255
6997,242
6998,262
6999,296
7000,412
7001,603
7002,673
7003,670
7004,641
7005,553
7006,430
7007,341
7008,317
7009,300
7010,311
7011,347
7012,446
7013,444
7014,432
7015,432
7016,433
7017,493
7018,480
7019,373
7020,300
7021,258
7022,276
7023,323
7024,434
7025,605
7026,682
7027,705
7028,673
7029,597
7030,470
7031,368
7032,340
7033,322
7034,335
7035,353
7036,409
7037,414
7038,466
7039,490
7040,495
7041,462
7042,401
7043,283
7044,273
7045,259
7046,267
7047,298
7048,363
7049,562
7050,666
7051,706
7052,685
7053,587
7054,463
7055,388
7056,364
7057,329
7058,349
7059,421
7060,456
7061,453
7062,492
7063,491
7064,419
7065,332
7066,271
7067,217
7068,211
7069,207
7070,226
7071,271
7072,420
7073,567
7074,620
7075,656
7076,612
7077,539
7078,416
7079,338
7080,312
7081,255
7082,249
7083,310
7084,395
7085,407
7086,408
7087,421
7088,444
7089,360
7090,287
7091,247
7092,254
7093,259
7094,278
7095,300
7096,350
7097,506
7098,522
7099,552
7100,530
7101,457
7102,371
7103,331
7104,357
7105,388
7106,394
7107,400
7108,560
7109,550
7110,538
7111,488
7112,415
7113,389
7114,360
7115,321
7116,258
7117,224
7118,263
7119,310
7120,363
7121,486
7122,531
7123,555
7124,513
7125,449
7126,423
7127,341
7128,322
7129,302
7130,307
7131,369
7132,544
7133,558
7134,561
7135,513
7136,509
7137,524
7138,478
7139,315
7140,283
7141,234
7142,247
7143,307
7144,440
7145,600
7146,616
7147,620
7148,601
7149,507
7150,447
7151,399
7152,376
7153,363
7154,362
7155,396
7156,524
7157,563
7158,533
7159,489
7160,470
7161,511
7162,510
7163,395
7164,360
7165,303
7166,296
7167,331
7168,488
7169,658
7170,710
7171,665
7172,656
7173,566
7174,501
7175,412
7176,397
7177,371
7178,376
7179,395
7180,429
7181,506
7182,514
7183,517
7184,543
7185,559
7186,538
7187,385
7188,329
7189,275
7190,326
7191,385
7192,502
7193,657
7194,719
7195,706
7196,646
7197,545
7198,485
7199,422
7200,400
7201,401
7202,404
7203,407
7204,431
7205,511
7206,581
7207,530
7208,517
7209,526
7210,511
7211,374
7212,320
7213,286
7214,344
7215,405
7216,587
7217,670
7218,716
7219,709
7220,608
7221,499
7222,440
7223,370
7224,368
7225,319
7226,355
7227,429
7228,435
7229,491
7230,516
7231,467
7232,346
7233,336
7234,290
7235,227
7236,218
7237,204
7238,223
7239,246
7240,331
7241,552
7242,591
7243,630
7244,602
7245,503
7246,444
7247,395
7248,356
7249,293
7250,294
7251,378
7252,419
7253,441
7254,494
7255,418
7256,409
7257,343
7258,263
7259,213
7260,196
7261,198
7262,214
7263,253
7264,353
7265,512
7266,579
7267,632
7268,544
7269,466
7270,391
7271,323
7272,304
7273,284
7274,292
7275,335
7276,390
7277,440
7278,442
7279,511
7280,420
7281,383
7282,320
7283,235
7284,211
7285,207
7286,218
7287,254
7288,314
7289,506
7290,638
7291,615
7292,540
7293,433
7294,355
7295,300
7296,287
7297,269
7298,292
7299,391
7300,458
7301,497
7302,554
7303,559
7304,478
7305,402
7306,341
7307,278
7308,254
7309,229
7310,235
7311,322
7312,441
7313,560
7314,654
7315,666
7316,625
7317,508
7318,376
7319,323
7320,307
7321,319
7322,375
7323,450
7324,486
7325,507
7326,554
7327,579
7328,507
7329,433
7330,393
7331,323
7332,255
7333,229
7334,247
7335,300
7336,393
7337,548
7338,645
7339,639
7340,608
7341,527
7342,432
7343,383
7344,335
7345,347
7346,382
7347,453
7348,480
7349,498
7350,556
7351,553
7352,499
7353,465
7354,437
7355,339
7356,290
7357,271
7358,300
7359,336
7360,426
7361,602
7362,711
7363,704
7364,683
7365,567
7366,416
7367,329
7368,323
7369,326
7370,391
7371,424
7372,436
7373,495
7374,550
7375,579
7376,556
7377,519
7378,442
7379,314
7380,267
7381,247
7382,293
7383,330
7384,409
7385,543
7386,647
7387,659
7388,613
7389,548
7390,396
7391,306
7392,305
7393,317
7394,355
7395,359
7396,368
7397,372
7398,395
7399,492
7400,437
7401,452
7402,428
7403,267
7404,216
7405,189
7406,193
7407,220
7408,291
7409,422
7410,555
7411,579
7412,493
7413,402
7414,303
7415,240
7416,231
7417,223
7418,277
7419,308
7420,361
7421,401
7422,405
7423,344
7424,280
7425,275
7426,280
7427,237
7428,205
7429,185
7430,194
7431,204
7432,306
7433,414
7434,538
7435,540
7436,492
7437,419
7438,350
7439,277
7440,266
7441,259
7442,332
7443,359
7444,379
7445,413
7446,407
7447,446
7448,401
7449,433
7450,417
7451,283
7452,241
7453,202
7454,229
7455,352
7456,514
7457,624
7458,668
7459,712
7460,669
7461,547
7462,452
7463,380
7464,370
7465,368
7466,442
7467,452
7468,477
7469,499
7470,542
7471,566
7472,493
7473,508
7474,480
7475,404
7476,337
7477,242
7478,267
7479,338
7480,493
7481,636
7482,701
7483,737
7484,690
7485,529
7486,457
7487,418
7488,409
7489,394
7490,434
7491,483
7492,524
7493,529
7494,520
7495,477
7496,529
7497,548
7498,487
7499,353
7500,269
7501,231
7502,243
7503,332
7504,472
7505,648
7506,722
7507,770
7508,676
7509,523
7510,473
7511,433
7512,414
7513,373
7514,370
7515,403
7516,416
7517,477
7518,487
7519,510
7520,558
7521,557
7522,459
7523,295
7524,241
7525,236
7526,257
7527,281
7528,330
7529,509
7530,679
7531,719
7532,677
7533,521
7534,430
7535,391
7536,363
7537,349
7538,369
7539,403
7540,519
7541,547
7542,554
7543,566
7544,486
7545,452
7546,383
7547,285
7548,237
7549,224
7550,244
7551,270
7552,335
7553,524
7554,659
7555,668
7556,587
7557,451
7558,369
7559,330
7560,303
7561,251
7562,291
7563,342
7564,438
7565,418
7566,409
7567,424
7568,344
7569,316
7570,301
7571,271
7572,240
7573,214
7574,232
7575,249
7576,290
7577,452
7578,578
7579,589
7580,568
7581,472
7582,335
7583,284
7584,267
7585,267
7586,333
7587,422
7588,489
7589,490
7590,506
7591,490
7592,360
7593,335
7594,291
7595,269
7596,251
7597,240
7598,256
7599,280
7600,335
7601,448
7602,558
7603,654
7604,600
7605,481
7606,391
7607,362
7608,310
7609,299
7610,423
7611,461
7612,487
7613,496
7614,468
7615,437
7616,329
7617,284
7618,279
7619,270
7620,235
7621,228
7622,254
7623,293
7624,312
7625,423
7626,566
7627,638
7628,584
7629,449
7630,383
7631,317
7632,312
7633,315
7634,358
7635,436
7636,500
7637,519
7638,491
7639,484
7640,407
7641,335
7642,264
7643,259
7644,244
7645,217
7646,230
7647,251
7648,302
7649,426
7650,570
7651,577
7652,523
7653,416
7654,339
7655,312
7656,297
7657,315
7658,316
7659,316
7660,366
7661,404
7662,438
7663,451
7664,309
7665,273
7666,269
7667,228
7668,240
7669,230
7670,245
7671,283
7672,312
7673,481
7674,584
7675,565
7676,534
7677,429
7678,365
7679,299
7680,275
7681,260
7682,285
7683,346
7684,393
7685,429
7686,478
7687,488
7688,367
7689,322
7690,340
7691,276
7692,228
7693,223
7694,273
7695,320
7696,379
7697,547
7698,614
7699,683
7700,610
7701,489
7702,381
7703,329
7704,318
7705,308
7706,320
7707,326
7708,388
7709,403
7710,466
7711,377
7712,349
7713,318
7714,292
7715,241
7716,210
7717,200
7718,225
7719,258
7720,368
7721,531
7722,593
7723,669
7724,608
7725,480
7726,398
7727,341
7728,313
7729,264
7730,265
7731,287
7732,358
7733,368
7734,390
7735,425
7736,300
7737,292
7738,264
7739,233
7740,215
7741,204
7742,218
7743,250
7744,345
7745,474
7746,601
7747,596
7748,490
7749,387
7750,290
7751,250
7752,243
7753,249
7754,250
7755,269
7756,332
7757,354
7758,366
7759,404
7760,319
7761,288
7762,241
7763,218
7764,209
7765,207
7766,225
7767,237
7768,308
7769,409
7770,509
7771,520
7772,475
7773,392
7774,319
7775,257
7776,246
7777,250
7778,273
7779,275
7780,314
7781,338
7782,377
7783,434
7784,349
7785,319
7786,317
7787,279
7788,245
7789,240
7790,256
7791,308
7792,439
7793,535
7794,607
7795,590
7796,563
7797,485
7798,404
7799,373
7800,371
7801,379
7802,430
7803,464
7804,475
7805,479
7806,514
7807,482
7808,485
7809,540
7810,547
7811,488
7812,431
7813,419
7814,411
7815,436
7816,495
7817,602
7818,659
7819,617
7820,611
7821,518
7822,449
7823,403
7824,353
7825,338
7826,390
7827,443
7828,469
7829,485
7830,474
7831,481
7832,540
7833,583
7834,560
7835,528
7836,352
7837,320
7838,351
7839,406
7840,560
7841,607
7842,684
7843,698
7844,694
7845,610
7846,464
7847,381
7848,325
7849,356
7850,417
7851,434
7852,440
7853,485
7854,537
7855,558
7856,541
7857,510
7858,441
7859,389
7860,310
7861,277
7862,316
7863,368
7864,482
7865,614
7866,709
7867,728
7868,667
7869,592
7870,477
7871,430
7872,385
7873,340
7874,379
7875,474
7876,510
7877,532
7878,540
7879,559
7880,555
7881,441
7882,372
7883,302
7884,272
7885,262
7886,282
7887,331
7888,405
7889,538
7890,596
7891,597
7892,566
7893,494
7894,436
7895,380
7896,363
7897,344
7898,376
7899,400
7900,433
7901,480
7902,559
7903,559
7904,439
7905,343
7906,294
7907,269
7908,252
7909,247
7910,267
7911,291
7912,364
7913,446
7914,593
7915,643
7916,624
7917,520
7918,402
7919,319
7920,305
7921,286
7922,332
7923,409
7924,469
7925,507
7926,526
7927,523
7928,508
7929,428
7930,332
7931,231
7932,223
7933,231
7934,250
7935,290
7936,405
7937,507
7938,619
7939,612
7940,595
7941,496
7942,356
7943,320
7944,304
7945,305
7946,422
7947,472
7948,560
7949,530
7950,524
7951,559
7952,517
7953,513
7954,457
7955,345
7956,290
7957,252
7958,256
7959,292
7960,385
7961,457
7962,596
7963,571
7964,543
7965,522
7966,445
7967,322
7968,300
7969,285
7970,318
7971,388
7972,450
7973,500
7974,522
7975,531
7976,546
7977,464
7978,447
7979,346
7980,262
7981,222
7982,242
7983,276
7984,347
7985,433
7986,549
7987,561
7988,514
7989,506
7990,456
7991,318
7992,275
7993,276
7994,282
7995,303
7996,321
7997,359
7998,454
7999,581
8000,600
8001,516
8002,447
8003,326
8004,237
8005,213
8006,227
8007,239
8008,326
8009,416
8010,561
8011,610
8012,555
8013,515
8014,458
8015,327
8016,282
8017,251
8018,269
8019,325
8020,353
8021,389
8022,455
8023,503
8024,548
8025,492
8026,353
8027,291
8028,223
8029,215
8030,230
8031,263
8032,338
8033,452
8034,589
8035,626
8036,581
8037,525
8038,458
8039,306
8040,271
8041,252
8042,285
8043,347
8044,394
8045,444
8046,458
8047,474
8048,463
8049,437
8050,400
8051,293
8052,247
8053,227
8054,248
8055,273
8056,298
8057,396
8058,518
8059,557
8060,496
8061,405
8062,363
8063,302
8064,268
8065,241
8066,245
8067,251
8068,321
8069,330
8070,419
8071,444
8072,366
8073,297
8074,227
8075,188
8076,179
8077,177
8078,196
8079,222
8080,276
8081,357
8082,486
8083,532
8084,432
8085,365
8086,318
8087,298
8088,247
8089,237
8090,230
8091,257
8092,304
8093,336
8094,451
8095,400
8096,285
8097,251
8098,215
8099,179
8100,171
8101,184
8102,200
8103,215
8104,243
8105,341
8106,475
8107,491
8108,440
8109,335
8110,303
8111,247
8112,220
8113,223
8114,257
8115,308
8116,446
8117,475
8118,488
8119,435
8120,354
8121,319
8122,281
8123,204
8124,188
8125,184
8126,209
8127,238
8128,284
8129,350
8130,515
8131,509
8132,474
8133,380
8134,321
8135,296
8136,273
8137,248
8138,265
8139,282
8140,393
8141,425
8142,423
8143,378
8144,379
8145,275
8146,232
8147,203
8148,197
8149,191
8150,215
8151,244
8152,312
8153,470
8154,576
8155,565
8156,497
8157,446
8158,351
8159,295
8160,270
8161,236
8162,269
8163,317
8164,429
8165,459
8166,427
8167,441
8168,410
8169,299
8170,290
8171,216
8172,197
8173,188
8174,212
8175,269
8176,278
8177,409
8178,502
8179,500
8180,447
8181,433
8182,342
8183,284
8184,264
8185,229
8186,237
8187,268
8188,344
8189,376
8190,395
8191,392
8192,299
8193,259
8194,223
8195,170
8196,164
8197,156
8198,210
8199,257
8200,306
8201,469
8202,581
8203,621
8204,508
8205,447
8206,334
8207,282
8208,269
8209,253
8210,282
8211,327
8212,436
8213,516
8214,508
8215,426
8216,392
8217,277
8218,203
8219,155
8220,147
8221,143
8222,180
8223,185
8224,215
8225,365
8226,529
8227,529
8228,490
8229,388
8230,284
8231,253
8232,250
8233,217
8234,220
8235,254
8236,308
8237,410
8238,411
8239,399
8240,273
8241,245
8242,233
8243,212
8244,211
8245,201
8246,217
8247,233
8248,266
8249,370
8250,420
8251,464
8252,451
8253,406
8254,304
8255,270
8256,254
8257,219
8258,218
8259,253
8260,344
8261,365
8262,336
8263,320
8264,258
8265,254
8266,214
8267,173
8268,173
8269,179
8270,189
8271,217
8272,270
8273,331
8274,419
8275,479
8276,393
8277,343
8278,288
8279,243
8280,220
8281,254
8282,287
8283,334
8284,439
8285,486
8286,492
8287,452
8288,308
8289,285
8290,243
8291,216
8292,199
8293,192
8294,198
8295,241
8296,312
8297,421
8298,443
8299,470
8300,409
8301,381
8302,316
8303,263
8304,255
8305,232
8306,240
8307,283
8308,398
8309,413
8310,381
8311,358
8312,304
8313,325
8314,340
8315,277
8316,233
8317,204
8318,227
8319,260
8320,325
8321,400
8322,445
8323,466
8324,421
8325,391
8326,317
8327,276
8328,261
8329,242
8330,246
8331,276
8332,459
8333,497
8334,468
8335,393
8336,291
8337,253
8338,225
8339,192
8340,191
8341,184
8342,197
8343,230
8344,281
8345,392
8346,446
8347,489
8348,439
8349,371
8350,335
8351,266
8352,246
8353,226
8354,219
8355,212
8356,330
8357,395
8358,392
8359,318
8360,260
8361,222
8362,202
8363,171
8364,164
8365,156
8366,174
8367,215
8368,286
8369,354
8370,527
8371,610
8372,544
8373,436
8374,358
8375,275
8376,259
8377,308
8378,354
8379,369
8380,451
8381,512
8382,489
8383,375
8384,294
8385,238
8386,230
8387,201
8388,202
8389,201
8390,208
8391,220
8392,284
8393,339
8394,463
8395,494
8396,427
8397,348
8398,294
8399,282
8400,245
8401,223
8402,247
8403,265
8404,430
8405,499
8406,459
8407,361
8408,267
8409,280
8410,250
8411,213
8412,203
8413,192
8414,195
8415,214
8416,280
8417,337
8418,419
8419,447
8420,399
8421,365
8422,334
8423,246
8424,226
8425,205
8426,210
8427,226
8428,326
8429,401
8430,395
8431,348
8432,297
8433,288
8434,230
8435,190
8436,181
8437,188
8438,194
8439,214
8440,269
8441,340
8442,414
8443,438
8444,388
8445,372
8446,299
8447,239
8448,227
8449,213
8450,223
8451,233
8452,348
8453,419
8454,419
8455,387
8456,335
8457,346
8458,273
8459,223
8460,195
8461,182
8462,201
8463,248
8464,284
8465,383
8466,541
8467,600
8468,509
8469,412
8470,355
8471,277
8472,249
8473,222
8474,266
8475,346
8476,476
8477,536
8478,505
8479,406
8480,305
8481,275
8482,202
8483,194
8484,184
8485,176
8486,185
8487,227
8488,279
8489,341
8490,388
8491,455
8492,431
8493,349
8494,299
8495,248
8496,255
8497,256
8498,268
8499,227
8500,272
8501,301
8502,327
8503,299
8504,267
8505,258
8506,217
8507,196
8508,185
8509,174
8510,183
8511,219
8512,252
8513,374
8514,441
8515,460
8516,429
8517,339
8518,265
8519,228
8520,230
8521,255
8522,268
8523,268
8524,328
8525,368
8526,377
8527,392
8528,303
8529,287
8530,248
8531,187
8532,173
8533,173
8534,189
8535,213
8536,313
8537,363
8538,481
8539,542
8540,511
8541,448
8542,360
8543,247
8544,243
8545,272
8546,249
8547,301
8548,360
8549,407
8550,436
8551,368
8552,291
8553,266
8554,223
8555,183
8556,173
8557,160
8558,162
8559,212
8560,278
8561,325
8562,403
8563,443
8564,412
8565,323
8566,301
8567,268
8568,234
8569,196
8570,190
8571,197
8572,247
8573,296
8574,299
8575,266
8576,242
8577,232
8578,192
8579,174
8580,166
8581,146
8582,146
8583,161
8584,234
8585,287
8586,383
8587,451
8588,396
8589,325
8590,298
8591,201
8592,182
8593,191
8594,213
8595,238
8596,278
8597,321
8598,333
8599,283
8600,245
8601,231
8602,189
8603,153
8604,154
8605,148
8606,152
8607,161
8608,249
8609,325
8610,398
8611,454
8612,396
8613,333
8614,260
8615,192
8616,186
8617,183
8618,182
8619,209
8620,272
8621,318
8622,349
8623,324
8624,240
8625,242
8626,214
8627,180
8628,161
8629,160
8630,170
8631,190
8632,293
8633,402
8634,508
8635,527
8636,445
8637,414
8638,304
8639,234
8640,219
8641,201
8642,208
8643,229
8644,315
8645,327
8646,288
8647,273
8648,268
8649,301
8650,273
8651,248
8652,198
8653,170
8654,178
8655,191
8656,262
8657,408
8658,458
8659,523
8660,472
8661,368
8662,307
8663,219
8664,210
8665,260
8666,301
8667,294
8668,359
8669,393
8670,341
8671,276
8672,255
8673,255
8674,208
8675,175
8676,176
8677,166
8678,175
8679,181
8680,239
8681,337
8682,441
8683,483
8684,435
8685,381
8686,331
8687,244
8688,230
8689,269
8690,305
8691,283
8692,315
8693,353
8694,344
8695,314
8696,309
8697,253
8698,217
8699,182
8700,179
8701,169
8702,175
8703,208
8704,309
8705,444
8706,480
8707,514
8708,492
8709,404
8710,325
8711,254
8712,250
8713,235
8714,247
8715,290
8716,338
8717,382
8718,374
8719,397
8720,397
8721,412
8722,407
8723,381
8724,393
8725,335
8726,353
8727,368
8728,396
8729,445
8730,518
8731,565
8732,559
8733,528
8734,529
8735,513
8736,506
8737,477
8738,472
8739,472
8740,481
8741,485
8742,482
8743,478
8744,428
8745,421
8746,407
8747,411
8748,407
8749,382
8750,399
8751,411
8752,434
8753,438
8754,529
8755,602
8756,573
8757,552
8758,490
8759,465
8760,471
