*Hour,OtherRenewables
1,540.4
2,537.2
3,540.4
4,537.2
5,537.2
6,537.2
7,235.9297
8,35.2
9,35.2
10,38.4
11,38.4
12,41.6
13,41.6
14,38.4
15,38.4
16,41.6
17,38.4
18,38.4
19,189.4
20,192.6
21,189.4
22,189.4
23,189.4
24,543.6
25,537.2
26,537.2
27,537.2
28,540.4
29,537.2
30,537.2
31,189.4
32,35.2
33,35.2
34,38.4
35,35.2
36,38.4
37,35.2
38,41.6
39,38.4
40,38.4
41,41.6
42,38.4
43,192.6
44,189.4
45,189.4
46,192.6
47,189.4
48,192.6
49,186.2
50,186.2
51,192.6
52,358.21
53,540.4
54,543.6
55,540.4
56,38.4
57,41.6
58,38.4
59,41.6
60,3.2
61,0
62,0
63,0
64,0
65,454.8324
66,502
67,502
68,502
69,502
70,502
71,508.4
72,540.4
73,537.2
74,537.2
75,537.2
76,537.2
77,537.2
78,537.2
79,534
80,537.2
81,537.2
82,321.3762
83,358.4812
84,273.2253
85,186.2
86,494.7977
87,540.4
88,540.4
89,540.4
90,537.2
91,540.4
92,540.4
93,540.4
94,540.4
95,540.4
96,540.4
97,537.2
98,537.2
99,537.2
100,540.4
101,537.2
102,537.2
103,537.2
104,537.2
105,186.2
106,534
107,186.2
108,186.2
109,537.2
110,189.4
111,189.4
112,192.6
113,543.6
114,543.6
115,543.6
116,543.6
117,546.8
118,543.6
119,543.6
120,543.6
121,189.4
122,456.8499
123,540.4
124,540.4
125,189.4
126,38.4
127,38.4
128,38.4
129,38.4
130,41.6
131,38.4
132,41.6
133,38.4
134,44.8
135,41.6
136,44.8
137,44.8
138,41.6
139,44.8
140,192.6
141,195.8
142,195.8
143,192.6
144,195.8
145,189.4
146,189.4
147,192.6
148,189.4
149,189.4
150,192.6
151,189.4
152,38.4
153,41.6
154,38.4
155,38.4
156,41.6
157,38.4
158,41.6
159,44.8
160,41.6
161,195.8
162,192.6
163,192.6
164,195.8
165,192.6
166,195.8
167,192.6
168,192.6
169,543.6
170,540.4
171,540.4
172,540.4
173,543.6
174,540.4
175,540.4
176,38.4
177,41.6
178,38.4
179,38.4
180,41.6
181,38.4
182,41.6
183,44.8
184,41.6
185,41.6
186,44.8
187,192.6
188,192.6
189,195.8
190,192.6
191,543.6
192,546.8
193,189.4
194,189.4
195,189.4
196,192.6
197,189.4
198,189.4
199,38.4
200,41.6
201,38.4
202,38.4
203,38.4
204,41.6
205,38.4
206,41.6
207,38.4
208,41.6
209,44.8
210,41.6
211,195.8
212,192.6
213,192.6
214,195.8
215,192.6
216,192.6
217,189.4
218,192.6
219,189.4
220,189.4
221,189.4
222,192.6
223,189.4
224,38.4
225,38.4
226,38.4
227,38.4
228,41.6
229,38.4
230,38.4
231,41.6
232,41.6
233,41.6
234,195.8
235,192.6
236,192.6
237,192.6
238,192.6
239,192.6
240,192.6
241,189.4
242,189.4
243,192.6
244,189.4
245,189.4
246,189.4
247,189.4
248,38.4
249,38.4
250,38.4
251,38.4
252,38.4
253,38.4
254,38.4
255,38.4
256,38.4
257,195.8
258,543.6
259,543.6
260,359.8344
261,543.6
262,543.6
263,543.6
264,543.6
265,540.4
266,543.6
267,540.4
268,540.4
269,540.4
270,540.4
271,189.4
272,41.6
273,38.4
274,38.4
275,38.4
276,38.4
277,38.4
278,38.4
279,38.4
280,38.4
281,192.6
282,543.6
283,543.6
284,543.6
285,543.6
286,543.6
287,543.6
288,543.6
289,543.6
290,540.4
291,540.4
292,540.4
293,540.4
294,540.4
295,189.4
296,38.4
297,38.4
298,38.4
299,41.6
300,38.4
301,38.4
302,41.6
303,41.6
304,44.8
305,543.6
306,546.8
307,543.6
308,546.8
309,543.6
310,546.8
311,543.6
312,546.8
313,540.4
314,540.4
315,543.6
316,540.4
317,543.6
318,540.4
319,540.4
320,543.6
321,540.4
322,543.6
323,540.4
324,509.8036
325,192.6
326,189.4
327,217.6808
328,352.7434
329,543.6
330,543.6
331,546.8
332,543.6
333,202.4957
334,274.479
335,258.4793
336,543.6
337,543.6
338,540.4
339,540.4
340,543.6
341,540.4
342,540.4
343,543.6
344,540.4
345,540.4
346,543.6
347,540.4
348,540.4
349,543.6
350,540.4
351,543.6
352,546.8
353,543.6
354,543.6
355,543.6
356,546.8
357,543.6
358,543.6
359,546.8
360,543.6
361,540.4
362,540.4
363,543.6
364,540.4
365,540.4
366,540.4
367,540.4
368,41.6
369,38.4
370,38.4
371,41.6
372,38.4
373,38.4
374,41.6
375,44.8
376,41.6
377,41.6
378,192.6
379,543.6
380,195.8
381,192.6
382,192.6
383,195.8
384,543.6
385,189.4
386,189.4
387,189.4
388,540.4
389,189.4
390,189.4
391,38.4
392,38.4
393,38.4
394,38.4
395,38.4
396,38.4
397,38.4
398,38.4
399,44.8
400,38.4
401,44.8
402,543.6
403,543.6
404,543.6
405,540.4
406,543.6
407,543.6
408,543.6
409,540.4
410,540.4
411,540.4
412,540.4
413,540.4
414,540.4
415,540.4
416,540.4
417,540.4
418,540.4
419,540.4
420,540.4
421,540.4
422,540.4
423,543.6
424,543.6
425,546.8
426,543.6
427,543.6
428,543.6
429,543.6
430,543.6
431,543.6
432,543.6
433,540.4
434,540.4
435,540.4
436,540.4
437,540.4
438,540.4
439,543.6
440,38.4
441,38.4
442,38.4
443,38.4
444,38.4
445,38.4
446,38.4
447,41.6
448,41.6
449,41.6
450,543.6
451,543.6
452,543.6
453,546.8
454,543.6
455,543.6
456,543.6
457,540.4
458,540.4
459,540.4
460,540.4
461,540.4
462,540.4
463,540.4
464,189.4
465,189.4
466,189.4
467,189.4
468,192.6
469,436.5814
470,192.6
471,192.6
472,543.6
473,546.8
474,543.6
475,546.8
476,543.6
477,543.6
478,546.8
479,543.6
480,543.6
481,543.6
482,540.4
483,540.4
484,543.6
485,189.4
486,428.8085
487,540.4
488,38.4
489,41.6
490,38.4
491,41.6
492,38.4
493,38.4
494,41.6
495,38.4
496,38.4
497,195.8
498,192.6
499,192.6
500,195.8
501,192.6
502,192.6
503,192.6
504,195.8
505,540.4
506,540.4
507,543.6
508,540.4
509,540.4
510,540.4
511,540.4
512,41.6
513,38.4
514,38.4
515,41.6
516,38.4
517,38.4
518,38.4
519,38.4
520,189.4
521,192.6
522,195.8
523,192.6
524,192.6
525,192.6
526,192.6
527,192.6
528,44.8
529,38.4
530,38.4
531,38.4
532,38.4
533,38.4
534,38.4
535,38.4
536,38.4
537,38.4
538,38.4
539,41.6
540,38.4
541,38.4
542,38.4
543,41.6
544,41.6
545,41.6
546,41.6
547,192.6
548,192.6
549,516.8786
550,546.8
551,543.6
552,543.6
553,540.4
554,540.4
555,540.4
556,540.4
557,540.4
558,296.5363
559,38.4
560,38.4
561,38.4
562,38.4
563,38.4
564,38.4
565,41.6
566,38.4
567,38.4
568,41.6
569,41.6
570,195.8
571,192.6
572,189.4
573,356.8829
574,250.3727
575,543.6
576,546.8
577,540.4
578,540.4
579,543.6
580,540.4
581,540.4
582,543.6
583,540.4
584,38.4
585,38.4
586,41.6
587,38.4
588,38.4
589,38.4
590,41.6
591,41.6
592,44.8
593,543.6
594,546.8
595,543.6
596,543.6
597,543.6
598,546.8
599,543.6
600,543.6
601,540.4
602,543.6
603,540.4
604,540.4
605,540.4
606,303.1569
607,189.4
608,189.4
609,189.4
610,192.6
611,189.4
612,192.6
613,189.4
614,543.6
615,540.4
616,543.6
617,546.8
618,543.6
619,546.8
620,543.6
621,543.6
622,192.6
623,543.6
624,546.8
625,540.4
626,540.4
627,540.4
628,543.6
629,540.4
630,38.4
631,38.4
632,41.6
633,38.4
634,41.6
635,38.4
636,41.6
637,38.4
638,38.4
639,38.4
640,44.8
641,41.6
642,41.6
643,41.6
644,41.6
645,41.6
646,44.8
647,41.6
648,41.6
649,38.4
650,38.4
651,41.6
652,38.4
653,38.4
654,38.4
655,38.4
656,41.6
657,38.4
658,38.4
659,38.4
660,38.4
661,38.4
662,38.4
663,41.6
664,41.6
665,41.6
666,195.8
667,192.6
668,192.6
669,192.6
670,192.6
671,195.8
672,192.6
673,540.4
674,540.4
675,543.6
676,540.4
677,540.4
678,540.4
679,540.4
680,540.4
681,192.6
682,540.4
683,540.4
684,189.4
685,540.4
686,540.4
687,543.6
688,543.6
689,543.6
690,543.6
691,543.6
692,543.6
693,543.6
694,543.6
695,543.6
696,546.8
697,540.4
698,540.4
699,540.4
700,540.4
701,540.4
702,540.4
703,38.4
704,38.4
705,38.4
706,38.4
707,38.4
708,38.4
709,38.4
710,41.6
711,41.6
712,41.6
713,41.6
714,192.6
715,543.6
716,192.6
717,543.6
718,546.8
719,543.6
720,189.4
721,189.4
722,189.4
723,189.4
724,189.4
725,189.4
726,186.2
727,38.4
728,38.4
729,35.2
730,38.4
731,38.4
732,38.4
733,38.4
734,38.4
735,195.8
736,543.6
737,543.6
738,540.4
739,543.6
740,543.6
741,543.6
742,543.6
743,543.6
744,543.6
745,189.4
746,189.4
747,540.4
748,186.2
749,540.4
750,189.4
751,38.4
752,38.4
753,35.2
754,38.4
755,38.4
756,41.6
757,38.4
758,41.6
759,41.6
760,41.6
761,41.6
762,41.6
763,192.6
764,192.6
765,195.8
766,192.6
767,192.6
768,192.6
769,189.4
770,189.4
771,192.6
772,189.4
773,189.4
774,189.4
775,38.4
776,38.4
777,38.4
778,38.4
779,38.4
780,38.4
781,38.4
782,41.6
783,44.8
784,41.6
785,41.6
786,41.6
787,41.6
788,192.6
789,192.6
790,192.6
791,195.8
792,192.6
793,189.4
794,189.4
795,189.4
796,38.4
797,41.6
798,38.4
799,38.4
800,38.4
801,38.4
802,38.4
803,41.6
804,41.6
805,38.4
806,41.6
807,38.4
808,44.8
809,41.6
810,44.8
811,192.6
812,192.6
813,195.8
814,192.6
815,195.8
816,192.6
817,189.4
818,192.6
819,189.4
820,192.6
821,189.4
822,189.4
823,41.6
824,38.4
825,41.6
826,38.4
827,38.4
828,41.6
829,38.4
830,41.6
831,41.6
832,44.8
833,41.6
834,192.6
835,195.8
836,192.6
837,192.6
838,192.6
839,195.8
840,192.6
841,540.4
842,540.4
843,543.6
844,540.4
845,540.4
846,543.6
847,38.4
848,38.4
849,41.6
850,38.4
851,41.6
852,38.4
853,38.4
854,38.4
855,41.6
856,38.4
857,38.4
858,192.6
859,192.6
860,195.8
861,192.6
862,192.6
863,195.8
864,192.6
865,189.4
866,192.6
867,189.4
868,189.4
869,189.4
870,189.4
871,38.4
872,38.4
873,38.4
874,41.6
875,38.4
876,38.4
877,38.4
878,38.4
879,38.4
880,41.6
881,192.6
882,192.6
883,192.6
884,192.6
885,192.6
886,192.6
887,192.6
888,192.6
889,38.4
890,38.4
891,38.4
892,38.4
893,38.4
894,38.4
895,38.4
896,38.4
897,41.6
898,38.4
899,38.4
900,38.4
901,38.4
902,38.4
903,41.6
904,41.6
905,41.6
906,41.6
907,41.6
908,41.6
909,41.6
910,195.8
911,192.6
912,192.6
913,189.4
914,189.4
915,189.4
916,189.4
917,189.4
918,189.4
919,38.4
920,38.4
921,38.4
922,38.4
923,38.4
924,38.4
925,41.6
926,38.4
927,41.6
928,41.6
929,41.6
930,41.6
931,192.6
932,192.6
933,543.6
934,543.6
935,543.6
936,543.6
937,540.4
938,540.4
939,540.4
940,540.4
941,189.4
942,189.4
943,38.4
944,38.4
945,38.4
946,41.6
947,38.4
948,38.4
949,38.4
950,38.4
951,38.4
952,44.8
953,41.6
954,543.6
955,543.6
956,543.6
957,543.6
958,543.6
959,543.6
960,543.6
961,540.4
962,540.4
963,540.4
964,540.4
965,540.4
966,189.4
967,38.4
968,38.4
969,38.4
970,38.4
971,41.6
972,41.6
973,38.4
974,38.4
975,38.4
976,44.8
977,538.0052
978,543.6
979,546.8
980,543.6
981,543.6
982,543.6
983,543.6
984,543.6
985,540.4
986,540.4
987,540.4
988,540.4
989,540.4
990,540.4
991,540.4
992,543.6
993,540.4
994,189.4
995,540.4
996,189.4
997,189.4
998,540.4
999,540.4
1000,540.4
1001,540.4
1002,543.6
1003,543.6
1004,543.6
1005,543.6
1006,543.6
1007,543.6
1008,543.6
1009,540.4
1010,543.6
1011,540.4
1012,540.4
1013,540.4
1014,540.4
1015,543.6
1016,540.4
1017,540.4
1018,540.4
1019,540.4
1020,540.4
1021,540.4
1022,540.4
1023,540.4
1024,540.4
1025,540.4
1026,540.4
1027,543.6
1028,543.6
1029,543.6
1030,543.6
1031,543.6
1032,546.8
1033,540.4
1034,540.4
1035,38.4
1036,38.4
1037,38.4
1038,38.4
1039,38.4
1040,38.4
1041,38.4
1042,38.4
1043,38.4
1044,38.4
1045,38.4
1046,35.2
1047,38.4
1048,38.4
1049,41.6
1050,44.8
1051,41.6
1052,38.4
1053,41.6
1054,41.6
1055,41.6
1056,38.4
1057,38.4
1058,38.4
1059,38.4
1060,38.4
1061,35.2
1062,38.4
1063,38.4
1064,38.4
1065,38.4
1066,38.4
1067,38.4
1068,38.4
1069,38.4
1070,38.4
1071,38.4
1072,41.6
1073,41.6
1074,41.6
1075,423.7199
1076,337.1565
1077,543.6
1078,540.4
1079,546.8
1080,540.4
1081,540.4
1082,540.4
1083,537.2
1084,540.4
1085,537.2
1086,540.4
1087,434.3287
1088,38.4
1089,38.4
1090,38.4
1091,38.4
1092,38.4
1093,38.4
1094,38.4
1095,38.4
1096,41.6
1097,543.6
1098,543.6
1099,543.6
1100,543.6
1101,540.4
1102,543.6
1103,543.6
1104,543.6
1105,540.4
1106,540.4
1107,540.4
1108,540.4
1109,537.2
1110,540.4
1111,540.4
1112,540.4
1113,540.4
1114,540.4
1115,244.5131
1116,189.4
1117,366.6247
1118,540.4
1119,475.1988
1120,543.6
1121,543.6
1122,543.6
1123,543.6
1124,543.6
1125,543.6
1126,540.4
1127,543.6
1128,546.8
1129,537.2
1130,540.4
1131,540.4
1132,540.4
1133,540.4
1134,540.4
1135,540.4
1136,38.4
1137,38.4
1138,38.4
1139,38.4
1140,38.4
1141,38.4
1142,41.6
1143,38.4
1144,38.4
1145,38.4
1146,192.6
1147,546.8
1148,543.6
1149,543.6
1150,195.8
1151,543.6
1152,543.6
1153,543.6
1154,189.4
1155,540.4
1156,543.6
1157,540.4
1158,189.4
1159,41.6
1160,38.4
1161,38.4
1162,38.4
1163,41.6
1164,38.4
1165,38.4
1166,38.4
1167,38.4
1168,41.6
1169,189.4
1170,189.4
1171,192.6
1172,192.6
1173,192.6
1174,195.8
1175,192.6
1176,192.6
1177,540.4
1178,543.6
1179,540.4
1180,540.4
1181,540.4
1182,543.6
1183,189.4
1184,189.4
1185,189.4
1186,189.4
1187,192.6
1188,189.4
1189,189.4
1190,189.4
1191,189.4
1192,192.6
1193,540.4
1194,540.4
1195,543.6
1196,543.6
1197,546.8
1198,543.6
1199,543.6
1200,546.8
1201,540.4
1202,540.4
1203,543.6
1204,540.4
1205,540.4
1206,540.4
1207,540.4
1208,192.6
1209,540.4
1210,189.4
1211,189.4
1212,540.4
1213,189.4
1214,540.4
1215,540.4
1216,540.4
1217,540.4
1218,543.6
1219,546.8
1220,543.6
1221,543.6
1222,543.6
1223,543.6
1224,543.6
1225,540.4
1226,543.6
1227,540.4
1228,540.4
1229,540.4
1230,540.4
1231,38.4
1232,38.4
1233,38.4
1234,38.4
1235,41.6
1236,38.4
1237,38.4
1238,38.4
1239,38.4
1240,38.4
1241,38.4
1242,192.6
1243,543.6
1244,192.6
1245,543.6
1246,543.6
1247,543.6
1248,192.6
1249,189.4
1250,189.4
1251,189.4
1252,540.4
1253,540.4
1254,189.4
1255,189.4
1256,189.4
1257,189.4
1258,189.4
1259,189.4
1260,189.4
1261,189.4
1262,189.4
1263,189.4
1264,189.4
1265,189.4
1266,540.4
1267,543.6
1268,543.6
1269,543.6
1270,543.6
1271,543.6
1272,546.8
1273,540.4
1274,540.4
1275,540.4
1276,540.4
1277,543.6
1278,540.4
1279,537.2
1280,38.4
1281,38.4
1282,38.4
1283,38.4
1284,38.4
1285,38.4
1286,38.4
1287,38.4
1288,38.4
1289,38.4
1290,540.4
1291,543.6
1292,543.6
1293,543.6
1294,543.6
1295,543.6
1296,543.6
1297,540.4
1298,540.4
1299,540.4
1300,540.4
1301,540.4
1302,543.6
1303,480.1144
1304,38.4
1305,38.4
1306,38.4
1307,38.4
1308,38.4
1309,38.4
1310,38.4
1311,38.4
1312,38.4
1313,543.6
1314,540.4
1315,543.6
1316,543.6
1317,543.6
1318,543.6
1319,546.8
1320,543.6
1321,540.4
1322,540.4
1323,543.6
1324,540.4
1325,540.4
1326,192.6
1327,189.4
1328,189.4
1329,189.4
1330,189.4
1331,192.6
1332,189.4
1333,189.4
1334,189.4
1335,189.4
1336,189.4
1337,189.4
1338,189.4
1339,543.6
1340,195.8
1341,192.6
1342,192.6
1343,543.6
1344,192.6
1345,540.4
1346,540.4
1347,540.4
1348,540.4
1349,540.4
1350,543.6
1351,540.4
1352,189.4
1353,189.4
1354,189.4
1355,189.4
1356,189.4
1357,192.6
1358,189.4
1359,189.4
1360,189.4
1361,189.4
1362,189.4
1363,543.6
1364,543.6
1365,543.6
1366,543.6
1367,543.6
1368,543.6
1369,189.4
1370,540.4
1371,540.4
1372,540.4
1373,543.6
1374,307.1482
1375,38.4
1376,38.4
1377,38.4
1378,38.4
1379,38.4
1380,38.4
1381,38.4
1382,38.4
1383,38.4
1384,38.4
1385,41.6
1386,41.6
1387,44.8
1388,41.6
1389,41.6
1390,41.6
1391,41.6
1392,41.6
1393,38.4
1394,38.4
1395,38.4
1396,41.6
1397,38.4
1398,38.4
1399,38.4
1400,38.4
1401,38.4
1402,38.4
1403,38.4
1404,38.4
1405,38.4
1406,38.4
1407,38.4
1408,38.4
1409,41.6
1410,192.6
1411,192.6
1412,192.6
1413,192.6
1414,192.6
1415,192.6
1416,192.6
1417,189.4
1418,189.4
1419,189.4
1420,189.4
1421,186.2
1422,189.4
1423,38.4
1424,38.4
1425,38.4
1426,38.4
1427,38.4
1428,38.4
1429,38.4
1430,38.4
1431,38.4
1432,38.4
1433,38.4
1434,38.4
1435,41.6
1436,41.6
1437,41.6
1438,41.6
1439,41.6
1440,44.8
1441,38.4
1442,38.4
1443,38.4
1444,38.4
1445,38.4
1446,38.4
1447,38.4
1448,38.4
1449,38.4
1450,38.4
1451,38.4
1452,38.4
1453,38.4
1454,38.4
1455,38.4
1456,38.4
1457,41.6
1458,41.6
1459,41.6
1460,41.6
1461,41.6
1462,38.4
1463,192.6
1464,192.6
1465,189.4
1466,189.4
1467,189.4
1468,186.2
1469,189.4
1470,189.4
1471,38.4
1472,38.4
1473,38.4
1474,38.4
1475,38.4
1476,41.6
1477,38.4
1478,38.4
1479,38.4
1480,38.4
1481,543.6
1482,543.6
1483,543.6
1484,543.6
1485,546.8
1486,543.6
1487,543.6
1488,543.6
1489,540.4
1490,540.4
1491,540.4
1492,540.4
1493,540.4
1494,540.4
1495,540.4
1496,38.4
1497,38.4
1498,38.4
1499,38.4
1500,38.4
1501,38.4
1502,38.4
1503,38.4
1504,38.4
1505,189.4
1506,189.4
1507,192.6
1508,192.6
1509,192.6
1510,192.6
1511,192.6
1512,192.6
1513,540.4
1514,540.4
1515,540.4
1516,540.4
1517,540.4
1518,540.4
1519,540.4
1520,189.4
1521,189.4
1522,189.4
1523,540.4
1524,189.4
1525,537.2
1526,189.4
1527,189.4
1528,189.4
1529,540.4
1530,192.6
1531,543.6
1532,543.6
1533,543.6
1534,189.4
1535,543.6
1536,543.6
1537,540.4
1538,540.4
1539,540.4
1540,537.2
1541,540.4
1542,540.4
1543,38.4
1544,38.4
1545,38.4
1546,38.4
1547,35.2
1548,38.4
1549,38.4
1550,38.4
1551,38.4
1552,38.4
1553,41.6
1554,192.6
1555,543.6
1556,192.6
1557,334.8598
1558,543.6
1559,543.6
1560,543.6
1561,537.2
1562,540.4
1563,540.4
1564,540.4
1565,537.2
1566,189.4
1567,540.4
1568,38.4
1569,35.2
1570,38.4
1571,38.4
1572,38.4
1573,38.4
1574,38.4
1575,38.4
1576,41.6
1577,192.6
1578,192.6
1579,543.6
1580,192.6
1581,192.6
1582,189.4
1583,192.6
1584,192.6
1585,38.4
1586,35.2
1587,38.4
1588,38.4
1589,38.4
1590,35.2
1591,38.4
1592,38.4
1593,38.4
1594,38.4
1595,38.4
1596,38.4
1597,38.4
1598,38.4
1599,38.4
1600,35.2
1601,41.6
1602,41.6
1603,41.6
1604,41.6
1605,41.6
1606,41.6
1607,38.4
1608,41.6
1609,38.4
1610,38.4
1611,35.2
1612,38.4
1613,38.4
1614,38.4
1615,35.2
1616,38.4
1617,38.4
1618,186.2
1619,189.4
1620,189.4
1621,189.4
1622,189.4
1623,189.4
1624,192.6
1625,543.6
1626,540.4
1627,543.6
1628,543.6
1629,543.6
1630,543.6
1631,540.4
1632,543.6
1633,540.4
1634,537.2
1635,540.4
1636,537.2
1637,540.4
1638,540.4
1639,537.2
1640,189.4
1641,189.4
1642,540.4
1643,540.4
1644,540.4
1645,540.4
1646,189.4
1647,540.4
1648,195.8
1649,543.6
1650,543.6
1651,543.6
1652,543.6
1653,543.6
1654,543.6
1655,543.6
1656,543.6
1657,537.2
1658,540.4
1659,540.4
1660,540.4
1661,540.4
1662,540.4
1663,540.4
1664,189.4
1665,189.4
1666,189.4
1667,189.4
1668,189.4
1669,189.4
1670,189.4
1671,189.4
1672,189.4
1673,260.5633
1674,192.6
1675,543.6
1676,543.6
1677,543.6
1678,192.6
1679,195.8
1680,192.6
1681,540.4
1682,540.4
1683,540.4
1684,540.4
1685,537.2
1686,540.4
1687,540.4
1688,540.4
1689,540.4
1690,189.4
1691,540.4
1692,189.4
1693,189.4
1694,189.4
1695,189.4
1696,540.4
1697,537.2
1698,540.4
1699,543.6
1700,543.6
1701,543.6
1702,543.6
1703,543.6
1704,540.4
1705,540.4
1706,540.4
1707,540.4
1708,540.4
1709,540.4
1710,540.4
1711,540.4
1712,386.6489
1713,540.4
1714,540.4
1715,540.4
1716,294.2567
1717,540.4
1718,540.4
1719,540.4
1720,537.2
1721,540.4
1722,540.4
1723,540.4
1724,543.6
1725,543.6
1726,543.6
1727,543.6
1728,540.4
1729,540.4
1730,540.4
1731,540.4
1732,540.4
1733,537.2
1734,540.4
1735,38.4
1736,38.4
1737,38.4
1738,38.4
1739,35.2
1740,38.4
1741,38.4
1742,38.4
1743,35.2
1744,38.4
1745,41.6
1746,41.6
1747,192.6
1748,189.4
1749,192.6
1750,192.6
1751,189.4
1752,192.6
1753,189.4
1754,186.2
1755,189.4
1756,186.2
1757,189.4
1758,186.2
1759,38.4
1760,35.2
1761,38.4
1762,38.4
1763,38.4
1764,38.4
1765,38.4
1766,38.4
1767,38.4
1768,38.4
1769,543.6
1770,543.6
1771,543.6
1772,540.4
1773,543.6
1774,543.6
1775,543.6
1776,543.6
1777,540.4
1778,540.4
1779,540.4
1780,540.4
1781,540.4
1782,540.4
1783,540.4
1784,38.4
1785,38.4
1786,38.4
1787,38.4
1788,38.4
1789,38.4
1790,38.4
1791,38.4
1792,35.2
1793,38.4
1794,189.4
1795,192.6
1796,192.6
1797,192.6
1798,192.6
1799,192.6
1800,192.6
1801,189.4
1802,189.4
1803,189.4
1804,186.2
1805,189.4
1806,189.4
1807,38.4
1808,38.4
1809,38.4
1810,38.4
1811,38.4
1812,38.4
1813,38.4
1814,38.4
1815,38.4
1816,41.6
1817,540.4
1818,543.6
1819,543.6
1820,546.8
1821,543.6
1822,543.6
1823,543.6
1824,546.8
1825,540.4
1826,540.4
1827,540.4
1828,540.4
1829,543.6
1830,189.4
1831,38.4
1832,38.4
1833,38.4
1834,38.4
1835,38.4
1836,38.4
1837,35.2
1838,38.4
1839,38.4
1840,35.2
1841,189.4
1842,543.6
1843,543.6
1844,192.6
1845,540.4
1846,543.6
1847,543.6
1848,543.6
1849,540.4
1850,540.4
1851,540.4
1852,540.4
1853,540.4
1854,537.2
1855,540.4
1856,540.4
1857,540.4
1858,540.4
1859,189.4
1860,540.4
1861,540.4
1862,540.4
1863,537.2
1864,540.4
1865,543.6
1866,543.6
1867,543.6
1868,543.6
1869,543.6
1870,543.6
1871,543.6
1872,540.4
1873,540.4
1874,540.4
1875,540.4
1876,540.4
1877,540.4
1878,537.2
1879,540.4
1880,540.4
1881,537.2
1882,540.4
1883,189.4
1884,186.2
1885,189.4
1886,537.2
1887,540.4
1888,537.2
1889,543.6
1890,540.4
1891,543.6
1892,543.6
1893,540.4
1894,543.6
1895,543.6
1896,540.4
1897,540.4
1898,540.4
1899,537.2
1900,540.4
1901,540.4
1902,537.2
1903,540.4
1904,35.2
1905,38.4
1906,35.2
1907,38.4
1908,38.4
1909,35.2
1910,35.2
1911,38.4
1912,35.2
1913,192.6
1914,540.4
1915,543.6
1916,540.4
1917,543.6
1918,540.4
1919,543.6
1920,540.4
1921,189.4
1922,186.2
1923,540.4
1924,495.5372
1925,537.2
1926,189.4
1927,540.4
1928,186.2
1929,189.4
1930,189.4
1931,186.2
1932,189.4
1933,186.2
1934,189.4
1935,189.4
1936,186.2
1937,543.6
1938,543.6
1939,540.4
1940,543.6
1941,543.6
1942,543.6
1943,540.4
1944,543.6
1945,540.4
1946,540.4
1947,540.4
1948,537.2
1949,540.4
1950,540.4
1951,540.4
1952,540.4
1953,540.4
1954,537.2
1955,540.4
1956,537.2
1957,540.4
1958,540.4
1959,537.2
1960,540.4
1961,540.4
1962,543.6
1963,543.6
1964,540.4
1965,543.6
1966,543.6
1967,543.6
1968,540.4
1969,540.4
1970,540.4
1971,540.4
1972,540.4
1973,537.2
1974,540.4
1975,540.4
1976,189.4
1977,356.0016
1978,38.4
1979,38.4
1980,38.4
1981,35.2
1982,38.4
1983,38.4
1984,38.4
1985,38.4
1986,41.6
1987,41.6
1988,38.4
1989,41.6
1990,41.6
1991,41.6
1992,38.4
1993,38.4
1994,38.4
1995,35.2
1996,38.4
1997,38.4
1998,35.2
1999,38.4
2000,38.4
2001,35.2
2002,38.4
2003,35.2
2004,38.4
2005,189.4
2006,186.2
2007,189.4
2008,186.2
2009,192.6
2010,189.4
2011,192.6
2012,189.4
2013,41.6
2014,38.4
2015,41.6
2016,41.6
2017,35.2
2018,38.4
2019,38.4
2020,35.2
2021,38.4
2022,35.2
2023,38.4
2024,38.4
2025,35.2
2026,35.2
2027,35.2
2028,35.2
2029,35.2
2030,35.2
2031,35.2
2032,35.2
2033,35.2
2034,189.4
2035,189.4
2036,189.4
2037,189.4
2038,189.4
2039,189.4
2040,189.4
2041,186.2
2042,186.2
2043,186.2
2044,189.4
2045,186.2
2046,186.2
2047,35.2
2048,35.2
2049,35.2
2050,35.2
2051,35.2
2052,35.2
2053,35.2
2054,35.2
2055,35.2
2056,35.2
2057,38.4
2058,38.4
2059,38.4
2060,189.4
2061,189.4
2062,189.4
2063,189.4
2064,192.6
2065,186.2
2066,186.2
2067,186.2
2068,186.2
2069,189.4
2070,186.2
2071,35.2
2072,35.2
2073,35.2
2074,35.2
2075,35.2
2076,35.2
2077,35.2
2078,35.2
2079,35.2
2080,32
2081,38.4
2082,369.4685
2083,540.4
2084,540.4
2085,540.4
2086,543.6
2087,540.4
2088,540.4
2089,537.2
2090,347.1039
2091,537.2
2092,537.2
2093,239.2043
2094,186.2
2095,186.2
2096,186.2
2097,204.9463
2098,189.4
2099,186.2
2100,537.2
2101,186.2
2102,186.2
2103,186.2
2104,537.2
2105,540.4
2106,540.4
2107,540.4
2108,543.6
2109,540.4
2110,540.4
2111,543.6
2112,540.4
2113,537.2
2114,540.4
2115,537.2
2116,540.4
2117,537.2
2118,540.4
2119,537.2
2120,186.2
2121,540.4
2122,186.2
2123,186.2
2124,537.2
2125,186.2
2126,537.2
2127,189.4
2128,186.2
2129,189.4
2130,189.4
2131,189.4
2132,189.4
2133,189.4
2134,189.4
2135,189.4
2136,186.2
2137,35.2
2138,35.2
2139,35.2
2140,32
2141,35.2
2142,35.2
2143,35.2
2144,35.2
2145,32
2146,35.2
2147,38.4
2148,35.2
2149,35.2
2150,35.2
2151,35.2
2152,38.4
2153,540.4
2154,422.1615
2155,540.4
2156,543.6
2157,291.3196
2158,189.4
2159,189.4
2160,192.6
2161,186.2
2162,186.2
2163,189.4
2164,537.2
2165,537.2
2166,189.4
2167,186.2
2168,186.2
2169,540.4
2170,186.2
2171,537.2
2172,537.2
2173,534
2174,186.2
2175,537.2
2176,534
2177,537.2
2178,537.2
2179,537.2
2180,537.2
2181,540.4
2182,537.2
2183,537.2
2184,537.2
2185,537.2
2186,537.2
2187,534
2188,537.2
2189,534
2190,540.4
2191,186.2
2192,189.4
2193,537.2
2194,437.0622
2195,502
2196,502
2197,502
2198,502
2199,502
2200,502
2201,502
2202,502
2203,502
2204,502
2205,502
2206,502
2207,502
2208,502
2209,502
2210,502
2211,502
2212,502
2213,502
2214,502
2215,502
2216,151
2217,151
2218,151
2219,151
2220,151
2221,151
2222,151
2223,151
2224,151
2225,502
2226,502
2227,502
2228,502
2229,502
2230,502
2231,502
2232,502
2233,502
2234,502
2235,502
2236,502
2237,502
2238,502
2239,502
2240,502
2241,502
2242,502
2243,502
2244,502
2245,502
2246,151
2247,151
2248,502
2249,502
2250,502
2251,502
2252,502
2253,502
2254,502
2255,502
2256,502
2257,502
2258,502
2259,502
2260,502
2261,502
2262,502
2263,502
2264,502
2265,502
2266,502
2267,502
2268,502
2269,502
2270,502
2271,502
2272,502
2273,502
2274,502
2275,502
2276,502
2277,502
2278,502
2279,502
2280,502
2281,502
2282,502
2283,502
2284,502
2285,502
2286,502
2287,502
2288,502
2289,502
2290,502
2291,502
2292,502
2293,502
2294,502
2295,502
2296,502
2297,502
2298,502
2299,502
2300,502
2301,502
2302,502
2303,502
2304,502
2305,502
2306,502
2307,502
2308,502
2309,502
2310,502
2311,502
2312,502
2313,502
2314,502
2315,502
2316,502
2317,502
2318,502
2319,502
2320,502
2321,502
2322,502
2323,502
2324,502
2325,502
2326,502
2327,502
2328,502
2329,502
2330,502
2331,502
2332,502
2333,502
2334,502
2335,502
2336,151
2337,151
2338,502
2339,369.6247
2340,151
2341,502
2342,151
2343,502
2344,151
2345,151
2346,502
2347,502
2348,502
2349,502
2350,502
2351,502
2352,502
2353,502
2354,502
2355,502
2356,502
2357,502
2358,502
2359,502
2360,327.2866
2361,151
2362,151
2363,502
2364,151
2365,502
2366,151
2367,151
2368,151
2369,484.4282
2370,502
2371,355.0531
2372,202.3427
2373,502
2374,502
2375,151
2376,151
2377,151
2378,151
2379,151
2380,151
2381,151
2382,442.6278
2383,151
2384,151
2385,151
2386,151
2387,151
2388,151
2389,151
2390,151
2391,151
2392,151
2393,502
2394,502
2395,502
2396,502
2397,502
2398,502
2399,502
2400,502
2401,502
2402,502
2403,502
2404,502
2405,502
2406,502
2407,502
2408,151
2409,151
2410,245.9761
2411,151
2412,151
2413,254.0135
2414,502
2415,151
2416,151
2417,502
2418,502
2419,502
2420,502
2421,502
2422,502
2423,502
2424,502
2425,502
2426,502
2427,502
2428,502
2429,502
2430,502
2431,502
2432,502
2433,502
2434,502
2435,502
2436,502
2437,502
2438,502
2439,502
2440,502
2441,502
2442,502
2443,502
2444,502
2445,502
2446,502
2447,502
2448,502
2449,502
2450,502
2451,502
2452,502
2453,502
2454,502
2455,502
2456,502
2457,502
2458,502
2459,502
2460,502
2461,502
2462,502
2463,502
2464,502
2465,502
2466,502
2467,502
2468,502
2469,502
2470,502
2471,502
2472,502
2473,502
2474,502
2475,502
2476,502
2477,502
2478,502
2479,502
2480,502
2481,502
2482,502
2483,502
2484,502
2485,502
2486,502
2487,502
2488,502
2489,502
2490,502
2491,502
2492,502
2493,502
2494,502
2495,502
2496,502
2497,502
2498,502
2499,502
2500,502
2501,151
2502,0
2503,0
2504,0
2505,0
2506,0
2507,0
2508,0
2509,0
2510,0
2511,0
2512,0
2513,0
2514,0
2515,0
2516,0
2517,0
2518,0
2519,0
2520,0
2521,0
2522,0
2523,0
2524,0
2525,0
2526,0
2527,0
2528,0
2529,0
2530,0
2531,0
2532,0
2533,0
2534,0
2535,0
2536,0
2537,0
2538,0
2539,0
2540,0
2541,0
2542,0
2543,0
2544,0
2545,0
2546,0
2547,0
2548,0
2549,0
2550,0
2551,0
2552,0
2553,0
2554,0
2555,0
2556,0
2557,0
2558,0
2559,0
2560,0
2561,0
2562,0
2563,151
2564,151
2565,151
2566,151
2567,151
2568,245.4919
2569,151
2570,474.2803
2571,502
2572,502
2573,502
2574,502
2575,502
2576,502
2577,151
2578,151
2579,151
2580,151
2581,151
2582,502
2583,151
2584,151
2585,502
2586,502
2587,502
2588,502
2589,502
2590,502
2591,502
2592,502
2593,502
2594,502
2595,502
2596,502
2597,502
2598,502
2599,502
2600,502
2601,151
2602,151
2603,151
2604,151
2605,151
2606,502
2607,151
2608,502
2609,502
2610,502
2611,502
2612,502
2613,502
2614,502
2615,502
2616,502
2617,502
2618,502
2619,502
2620,502
2621,502
2622,502
2623,502
2624,502
2625,502
2626,502
2627,502
2628,502
2629,502
2630,502
2631,502
2632,502
2633,502
2634,502
2635,502
2636,502
2637,502
2638,502
2639,502
2640,502
2641,502
2642,502
2643,502
2644,502
2645,502
2646,502
2647,502
2648,502
2649,151
2650,502
2651,502
2652,502
2653,502
2654,502
2655,502
2656,151
2657,502
2658,502
2659,502
2660,502
2661,502
2662,502
2663,502
2664,502
2665,502
2666,502
2667,502
2668,502
2669,502
2670,502
2671,502
2672,502
2673,502
2674,502
2675,502
2676,502
2677,502
2678,502
2679,502
2680,502
2681,502
2682,502
2683,502
2684,502
2685,502
2686,502
2687,502
2688,502
2689,502
2690,502
2691,502
2692,502
2693,502
2694,502
2695,502
2696,502
2697,502
2698,502
2699,502
2700,502
2701,502
2702,502
2703,502
2704,502
2705,502
2706,502
2707,502
2708,502
2709,502
2710,502
2711,502
2712,502
2713,502
2714,502
2715,502
2716,502
2717,502
2718,502
2719,502
2720,151
2721,151
2722,151
2723,502
2724,502
2725,151
2726,151
2727,151
2728,151
2729,502
2730,502
2731,502
2732,502
2733,502
2734,502
2735,502
2736,502
2737,502
2738,502
2739,502
2740,502
2741,502
2742,502
2743,502
2744,0
2745,0
2746,0
2747,0
2748,0
2749,0
2750,0
2751,0
2752,0
2753,502
2754,502
2755,502
2756,502
2757,502
2758,502
2759,502
2760,502
2761,502
2762,502
2763,502
2764,502
2765,502
2766,502
2767,502
2768,502
2769,502
2770,502
2771,502
2772,502
2773,502
2774,502
2775,502
2776,502
2777,502
2778,502
2779,502
2780,502
2781,502
2782,502
2783,502
2784,502
2785,502
2786,502
2787,502
2788,502
2789,502
2790,502
2791,502
2792,502
2793,502
2794,502
2795,502
2796,502
2797,502
2798,502
2799,502
2800,502
2801,502
2802,502
2803,502
2804,502
2805,502
2806,502
2807,502
2808,502
2809,502
2810,502
2811,502
2812,502
2813,502
2814,502
2815,502
2816,502
2817,502
2818,502
2819,502
2820,502
2821,502
2822,502
2823,502
2824,502
2825,502
2826,502
2827,502
2828,502
2829,502
2830,502
2831,502
2832,502
2833,502
2834,502
2835,502
2836,502
2837,502
2838,502
2839,502
2840,502
2841,502
2842,502
2843,502
2844,502
2845,502
2846,502
2847,502
2848,502
2849,502
2850,502
2851,502
2852,502
2853,502
2854,502
2855,502
2856,502
2857,502
2858,502
2859,502
2860,502
2861,502
2862,502
2863,502
2864,502
2865,502
2866,502
2867,502
2868,502
2869,502
2870,502
2871,502
2872,502
2873,502
2874,502
2875,502
2876,502
2877,502
2878,502
2879,502
2880,502
2881,502
2882,502
2883,502
2884,502
2885,502
2886,502
2887,502
2888,502
2889,502
2890,151
2891,151
2892,502
2893,151
2894,502
2895,151
2896,151
2897,502
2898,502
2899,502
2900,502
2901,502
2902,502
2903,502
2904,502
2905,502
2906,502
2907,502
2908,502
2909,502
2910,502
2911,0
2912,0
2913,0
2914,0
2915,0
2916,0
2917,0
2918,0
2919,0
2920,0
2921,502
2922,502
2923,502
2924,502
2925,502
2926,502
2927,502
2928,502
2929,502
2930,502
2931,502
2932,502
2933,502
2934,502
2935,502
2936,502
2937,502
2938,502
2939,502
2940,502
2941,502
2942,151
2943,502
2944,502
2945,502
2946,502
2947,502
2948,198.7888
2949,249.2834
2950,287.9593
2951,0
2952,0
2953,0
2954,0
2955,0
2956,0
2957,0
2958,0
2959,151
2960,151
2961,502
2962,151
2963,502
2964,502
2965,502
2966,502
2967,502
2968,502
2969,502
2970,502
2971,502
2972,502
2973,502
2974,502
2975,502
2976,502
2977,502
2978,502
2979,502
2980,502
2981,502
2982,502
2983,502
2984,502
2985,502
2986,502
2987,502
2988,502
2989,502
2990,502
2991,502
2992,502
2993,502
2994,502
2995,502
2996,502
2997,502
2998,502
2999,502
3000,502
3001,502
3002,502
3003,502
3004,502
3005,502
3006,502
3007,502
3008,502
3009,502
3010,502
3011,502
3012,502
3013,502
3014,502
3015,502
3016,502
3017,502
3018,502
3019,502
3020,502
3021,502
3022,502
3023,502
3024,502
3025,502
3026,502
3027,502
3028,502
3029,502
3030,502
3031,502
3032,378.9961
3033,151
3034,151
3035,151
3036,151
3037,151
3038,151
3039,151
3040,151
3041,151
3042,151
3043,151
3044,151
3045,151
3046,151
3047,175.5518
3048,151
3049,271.1301
3050,502
3051,502
3052,336.7034
3053,340.2089
3054,309.0984
3055,151
3056,151
3057,151
3058,151
3059,151
3060,151
3061,450.994
3062,502
3063,335.4958
3064,303.4068
3065,502
3066,502
3067,199.5109
3068,151
3069,502
3070,502
3071,502
3072,380.2637
3073,411.7529
3074,271.8033
3075,502
3076,496.4533
3077,428.7864
3078,374.9677
3079,185.5595
3080,261.3514
3081,151
3082,262.6376
3083,502
3084,502
3085,502
3086,502
3087,151
3088,151
3089,502
3090,502
3091,502
3092,502
3093,502
3094,502
3095,502
3096,502
3097,502
3098,502
3099,502
3100,502
3101,502
3102,502
3103,502
3104,502
3105,502
3106,502
3107,151
3108,151
3109,151
3110,151
3111,164.4039
3112,151
3113,151
3114,151
3115,224.0255
3116,151
3117,174.9473
3118,174.4352
3119,151
3120,460.1381
3121,251.0318
3122,502
3123,502
3124,151
3125,151
3126,151
3127,502
3128,502
3129,151
3130,502
3131,151
3132,502
3133,502
3134,502
3135,151
3136,502
3137,502
3138,502
3139,502
3140,502
3141,502
3142,502
3143,502
3144,502
3145,502
3146,502
3147,502
3148,502
3149,502
3150,502
3151,502
3152,502
3153,151
3154,502
3155,502
3156,502
3157,502
3158,502
3159,502
3160,502
3161,502
3162,502
3163,502
3164,502
3165,502
3166,502
3167,502
3168,502
3169,502
3170,502
3171,502
3172,502
3173,502
3174,502
3175,502
3176,151
3177,151
3178,151
3179,502
3180,151
3181,502
3182,151
3183,502
3184,502
3185,502
3186,502
3187,502
3188,502
3189,502
3190,502
3191,502
3192,502
3193,502
3194,502
3195,502
3196,502
3197,502
3198,502
3199,502
3200,502
3201,502
3202,502
3203,502
3204,502
3205,502
3206,502
3207,502
3208,502
3209,502
3210,502
3211,502
3212,502
3213,502
3214,502
3215,502
3216,502
3217,502
3218,502
3219,502
3220,502
3221,502
3222,502
3223,502
3224,502
3225,502
3226,502
3227,502
3228,502
3229,505.2
3230,537.2
3231,534
3232,537.2
3233,505.2
3234,502
3235,502
3236,502
3237,502
3238,502
3239,502
3240,502
3241,502
3242,502
3243,502
3244,502
3245,502
3246,502
3247,502
3248,502
3249,502
3250,502
3251,151
3252,524.4
3253,534
3254,534
3255,534
3256,534
3257,534
3258,534
3259,534
3260,537.2
3261,537.2
3262,537.2
3263,537.2
3264,540.4
3265,530.8
3266,530.8
3267,530.8
3268,534
3269,530.8
3270,530.8
3271,530.8
3272,179.8
3273,183
3274,530.8
3275,530.8
3276,530.8
3277,179.8
3278,534
3279,496.5605
3280,183
3281,534
3282,534
3283,183
3284,183
3285,183
3286,183
3287,183
3288,183
3289,186.2
3290,183
3291,186.2
3292,183
3293,186.2
3294,32
3295,35.2
3296,32
3297,32
3298,35.2
3299,32
3300,32
3301,35.2
3302,32
3303,35.2
3304,32
3305,35.2
3306,32
3307,35.2
3308,35.2
3309,35.2
3310,35.2
3311,35.2
3312,35.2
3313,326.2713
3314,530.8
3315,530.8
3316,530.8
3317,530.8
3318,530.8
3319,530.8
3320,530.8
3321,530.8
3322,530.8
3323,530.8
3324,530.8
3325,534
3326,537.2
3327,534
3328,534
3329,534
3330,534
3331,534
3332,534
3333,534
3334,534
3335,534
3336,537.2
3337,530.8
3338,530.8
3339,530.8
3340,534
3341,530.8
3342,530.8
3343,179.8
3344,183
3345,179.8
3346,179.8
3347,179.8
3348,179.8
3349,534
3350,183
3351,186.2
3352,183
3353,183
3354,183
3355,183
3356,537.2
3357,534
3358,534
3359,537.2
3360,534
3361,530.8
3362,534
3363,530.8
3364,534
3365,530.8
3366,530.8
3367,28.8
3368,32
3369,28.8
3370,28.8
3371,28.8
3372,28.8
3373,32
3374,28.8
3375,32
3376,32
3377,534
3378,534
3379,534
3380,537.2
3381,534
3382,534
3383,534
3384,534
3385,530.8
3386,530.8
3387,530.8
3388,530.8
3389,530.8
3390,530.8
3391,530.8
3392,179.8
3393,530.8
3394,530.8
3395,527.6
3396,530.8
3397,183
3398,183
3399,530.8
3400,534
3401,534
3402,534
3403,530.8
3404,534
3405,534
3406,534
3407,534
3408,534
3409,530.8
3410,530.8
3411,530.8
3412,534
3413,530.8
3414,530.8
3415,530.8
3416,530.8
3417,530.8
3418,530.8
3419,179.8
3420,530.8
3421,530.8
3422,534
3423,207.2195
3424,451.3238
3425,534
3426,534
3427,534
3428,530.8
3429,534
3430,534
3431,534
3432,534
3433,527.6
3434,530.8
3435,530.8
3436,530.8
3437,530.8
3438,530.8
3439,530.8
3440,530.8
3441,530.8
3442,527.6
3443,530.8
3444,527.6
3445,534
3446,179.8
3447,183
3448,179.8
3449,183
3450,179.8
3451,183
3452,183
3453,213.4393
3454,179.8
3455,183
3456,183
3457,179.8
3458,179.8
3459,527.6
3460,530.8
3461,527.6
3462,527.6
3463,179.8
3464,176.6
3465,179.8
3466,527.6
3467,358.1506
3468,179.8
3469,179.8
3470,423.6777
3471,28.8
3472,32
3473,28.8
3474,32
3475,32
3476,28.8
3477,32
3478,32
3479,32
3480,32
3481,28.8
3482,28.8
3483,28.8
3484,25.6
3485,28.8
3486,28.8
3487,28.8
3488,28.8
3489,28.8
3490,28.8
3491,28.8
3492,28.8
3493,32
3494,32
3495,530.8
3496,534
3497,534
3498,534
3499,534
3500,534
3501,534
3502,534
3503,537.2
3504,534
3505,530.8
3506,530.8
3507,530.8
3508,530.8
3509,530.8
3510,530.8
3511,530.8
3512,530.8
3513,530.8
3514,530.8
3515,530.8
3516,527.6
3517,530.8
3518,534
3519,530.8
3520,534
3521,534
3522,530.8
3523,534
3524,534
3525,534
3526,534
3527,530.8
3528,534
3529,534
3530,534
3531,534
3532,534
3533,534
3534,530.8
3535,534
3536,530.8
3537,502
3538,502
3539,502
3540,502
3541,502
3542,502
3543,502
3544,502
3545,502
3546,502
3547,502
3548,502
3549,502
3550,534
3551,534
3552,534
3553,530.8
3554,530.8
3555,527.6
3556,530.8
3557,527.6
3558,530.8
3559,530.8
3560,527.6
3561,530.8
3562,527.6
3563,527.6
3564,530.8
3565,527.6
3566,176.6
3567,530.8
3568,534
3569,530.8
3570,530.8
3571,530.8
3572,534
3573,530.8
3574,530.8
3575,534
3576,530.8
3577,530.8
3578,527.6
3579,527.6
3580,530.8
3581,530.8
3582,527.6
3583,530.8
3584,527.6
3585,530.8
3586,527.6
3587,530.8
3588,530.8
3589,527.6
3590,530.8
3591,445.1143
3592,534
3593,183
3594,530.8
3595,534
3596,534
3597,530.8
3598,534
3599,534
3600,530.8
3601,530.8
3602,530.8
3603,527.6
3604,530.8
3605,530.8
3606,527.6
3607,530.8
3608,176.6
3609,179.8
3610,176.6
3611,179.8
3612,534
3613,179.8
3614,379.4446
3615,534
3616,534
3617,534
3618,537.2
3619,534
3620,534
3621,534
3622,537.2
3623,534
3624,534
3625,530.8
3626,534
3627,530.8
3628,530.8
3629,534
3630,530.8
3631,530.8
3632,534
3633,530.8
3634,530.8
3635,530.8
3636,530.8
3637,530.8
3638,530.8
3639,534
3640,534
3641,534
3642,534
3643,534
3644,534
3645,534
3646,534
3647,534
3648,534
3649,530.8
3650,530.8
3651,530.8
3652,530.8
3653,530.8
3654,530.8
3655,530.8
3656,530.8
3657,530.8
3658,530.8
3659,530.8
3660,527.6
3661,527.6
3662,527.6
3663,530.8
3664,534
3665,530.8
3666,530.8
3667,530.8
3668,530.8
3669,530.8
3670,530.8
3671,530.8
3672,530.8
3673,530.8
3674,527.6
3675,527.6
3676,527.6
3677,527.6
3678,527.6
3679,530.8
3680,527.6
3681,527.6
3682,527.6
3683,527.6
3684,527.6
3685,530.8
3686,530.8
3687,527.6
3688,530.8
3689,530.8
3690,530.8
3691,530.8
3692,530.8
3693,530.8
3694,527.6
3695,530.8
3696,534
3697,527.6
3698,527.6
3699,527.6
3700,527.6
3701,527.6
3702,527.6
3703,527.6
3704,527.6
3705,176.6
3706,176.6
3707,179.8
3708,176.6
3709,176.6
3710,179.8
3711,179.8
3712,534
3713,530.8
3714,530.8
3715,530.8
3716,534
3717,530.8
3718,530.8
3719,534
3720,530.8
3721,527.6
3722,530.8
3723,527.6
3724,527.6
3725,530.8
3726,527.6
3727,527.6
3728,530.8
3729,527.6
3730,527.6
3731,527.6
3732,527.6
3733,527.6
3734,527.6
3735,534
3736,530.8
3737,530.8
3738,530.8
3739,530.8
3740,530.8
3741,530.8
3742,530.8
3743,534
3744,530.8
3745,527.6
3746,527.6
3747,530.8
3748,527.6
3749,527.6
3750,527.6
3751,527.6
3752,176.6
3753,176.6
3754,176.6
3755,176.6
3756,176.6
3757,176.6
3758,179.8
3759,176.6
3760,179.8
3761,530.8
3762,530.8
3763,530.8
3764,530.8
3765,527.6
3766,530.8
3767,179.8
3768,179.8
3769,176.6
3770,176.6
3771,296.9742
3772,178.4354
3773,176.6
3774,176.6
3775,399.2737
3776,176.6
3777,176.6
3778,176.6
3779,176.6
3780,176.6
3781,176.6
3782,179.8
3783,176.6
3784,179.8
3785,179.8
3786,176.6
3787,530.8
3788,179.8
3789,176.6
3790,179.8
3791,179.8
3792,25.6
3793,25.6
3794,25.6
3795,25.6
3796,25.6
3797,22.4
3798,25.6
3799,25.6
3800,25.6
3801,22.4
3802,25.6
3803,22.4
3804,25.6
3805,25.6
3806,28.8
3807,25.6
3808,28.8
3809,25.6
3810,176.6
3811,179.8
3812,176.6
3813,176.6
3814,179.8
3815,176.6
3816,179.8
3817,173.4
3818,176.6
3819,382.5851
3820,527.6
3821,527.6
3822,527.6
3823,524.4
3824,176.6
3825,176.6
3826,176.6
3827,176.6
3828,527.6
3829,317.2701
3830,496.5607
3831,530.8
3832,530.8
3833,527.6
3834,530.8
3835,530.8
3836,530.8
3837,527.6
3838,530.8
3839,530.8
3840,530.8
3841,527.6
3842,281.6027
3843,527.6
3844,527.6
3845,527.6
3846,527.6
3847,527.6
3848,527.6
3849,527.6
3850,527.6
3851,524.4
3852,527.6
3853,527.6
3854,524.4
3855,530.8
3856,527.6
3857,530.8
3858,530.8
3859,527.6
3860,530.8
3861,530.8
3862,527.6
3863,530.8
3864,530.8
3865,527.6
3866,527.6
3867,527.6
3868,527.6
3869,527.6
3870,527.6
3871,527.6
3872,527.6
3873,527.6
3874,527.6
3875,527.6
3876,527.6
3877,524.4
3878,527.6
3879,527.6
3880,530.8
3881,527.6
3882,527.6
3883,530.8
3884,530.8
3885,527.6
3886,530.8
3887,527.6
3888,530.8
3889,527.6
3890,527.6
3891,524.4
3892,527.6
3893,527.6
3894,527.6
3895,527.6
3896,176.6
3897,173.4
3898,176.6
3899,176.6
3900,176.6
3901,176.6
3902,176.6
3903,179.8
3904,179.8
3905,530.8
3906,530.8
3907,530.8
3908,527.6
3909,530.8
3910,530.8
3911,530.8
3912,530.8
3913,176.6
3914,176.6
3915,176.6
3916,176.6
3917,176.6
3918,176.6
3919,176.6
3920,25.6
3921,22.4
3922,25.6
3923,25.6
3924,22.4
3925,25.6
3926,25.6
3927,25.6
3928,28.8
3929,176.6
3930,530.8
3931,176.6
3932,530.8
3933,530.8
3934,530.8
3935,527.6
3936,275.5023
3937,527.6
3938,176.6
3939,176.6
3940,524.4
3941,313.7489
3942,176.6
3943,527.6
3944,176.6
3945,173.4
3946,176.6
3947,173.4
3948,176.6
3949,173.4
3950,176.6
3951,176.6
3952,179.8
3953,527.6
3954,527.6
3955,530.8
3956,527.6
3957,530.8
3958,527.6
3959,530.8
3960,527.6
3961,527.6
3962,524.4
3963,527.6
3964,527.6
3965,524.4
3966,527.6
3967,524.4
3968,527.6
3969,524.4
3970,527.6
3971,524.4
3972,524.4
3973,527.6
3974,527.6
3975,527.6
3976,527.6
3977,527.6
3978,530.8
3979,527.6
3980,527.6
3981,530.8
3982,527.6
3983,530.8
3984,527.6
3985,527.6
3986,527.6
3987,524.4
3988,527.6
3989,524.4
3990,527.6
3991,527.6
3992,173.4
3993,527.6
3994,176.6
3995,527.6
3996,176.6
3997,176.6
3998,527.6
3999,530.8
4000,530.8
4001,530.8
4002,530.8
4003,530.8
4004,530.8
4005,530.8
4006,530.8
4007,530.8
4008,530.8
4009,524.4
4010,527.6
4011,527.6
4012,527.6
4013,527.6
4014,527.6
4015,527.6
4016,524.4
4017,527.6
4018,527.6
4019,527.6
4020,524.4
4021,527.6
4022,530.8
4023,530.8
4024,527.6
4025,530.8
4026,530.8
4027,530.8
4028,527.6
4029,530.8
4030,530.8
4031,530.8
4032,530.8
4033,527.6
4034,524.4
4035,527.6
4036,527.6
4037,527.6
4038,527.6
4039,527.6
4040,524.4
4041,527.6
4042,527.6
4043,173.4
4044,176.6
4045,173.4
4046,179.8
4047,527.6
4048,530.8
4049,527.6
4050,530.8
4051,527.6
4052,530.8
4053,527.6
4054,530.8
4055,530.8
4056,527.6
4057,527.6
4058,524.4
4059,527.6
4060,527.6
4061,524.4
4062,527.6
4063,524.4
4064,527.6
4065,176.6
4066,524.4
4067,524.4
4068,524.4
4069,176.6
4070,527.6
4071,527.6
4072,527.6
4073,530.8
4074,527.6
4075,527.6
4076,530.8
4077,527.6
4078,527.6
4079,530.8
4080,527.6
4081,527.6
4082,524.4
4083,527.6
4084,524.4
4085,527.6
4086,524.4
4087,527.6
4088,524.4
4089,524.4
4090,527.6
4091,524.4
4092,524.4
4093,527.6
4094,527.6
4095,527.6
4096,527.6
4097,527.6
4098,530.8
4099,527.6
4100,527.6
4101,530.8
4102,527.6
4103,527.6
4104,527.6
4105,527.6
4106,524.4
4107,524.4
4108,527.6
4109,524.4
4110,524.4
4111,527.6
4112,173.4
4113,524.4
4114,176.6
4115,524.4
4116,524.4
4117,176.6
4118,527.6
4119,179.8
4120,527.6
4121,527.6
4122,527.6
4123,530.8
4124,527.6
4125,530.8
4126,527.6
4127,530.8
4128,527.6
4129,527.6
4130,527.6
4131,524.4
4132,25.6
4133,25.6
4134,22.4
4135,25.6
4136,25.6
4137,25.6
4138,22.4
4139,25.6
4140,28.8
4141,25.6
4142,28.8
4143,28.8
4144,25.6
4145,179.8
4146,530.8
4147,527.6
4148,530.8
4149,530.8
4150,530.8
4151,527.6
4152,530.8
4153,527.6
4154,527.6
4155,524.4
4156,527.6
4157,527.6
4158,527.6
4159,524.4
4160,176.6
4161,176.785
4162,524.4
4163,530.8
4164,179.8
4165,179.8
4166,530.8
4167,530.8
4168,530.8
4169,530.8
4170,530.8
4171,530.8
4172,530.8
4173,530.8
4174,530.8
4175,527.6
4176,530.8
4177,527.6
4178,527.6
4179,527.6
4180,527.6
4181,527.6
4182,527.6
4183,527.6
4184,25.6
4185,22.4
4186,25.6
4187,25.6
4188,25.6
4189,28.8
4190,25.6
4191,28.8
4192,28.8
4193,179.8
4194,176.6
4195,179.8
4196,179.8
4197,179.8
4198,176.6
4199,179.8
4200,179.8
4201,524.4
4202,527.6
4203,527.6
4204,524.4
4205,527.6
4206,527.6
4207,524.4
4208,527.6
4209,524.4
4210,527.6
4211,527.6
4212,524.4
4213,524.4
4214,530.8
4215,527.6
4216,530.8
4217,527.6
4218,530.8
4219,527.6
4220,530.8
4221,527.6
4222,530.8
4223,527.6
4224,282.8454
4225,176.6
4226,524.4
4227,524.4
4228,524.4
4229,527.6
4230,524.4
4231,524.4
4232,173.4
4233,176.6
4234,176.6
4235,173.4
4236,25.6
4237,28.8
4238,25.6
4239,28.8
4240,28.8
4241,28.8
4242,28.8
4243,25.6
4244,28.8
4245,28.8
4246,28.8
4247,25.6
4248,179.8
4249,176.6
4250,176.6
4251,173.4
4252,176.6
4253,176.6
4254,176.6
4255,176.6
4256,22.4
4257,25.6
4258,25.6
4259,22.4
4260,25.6
4261,25.6
4262,25.6
4263,28.8
4264,28.8
4265,527.6
4266,530.8
4267,530.8
4268,530.8
4269,530.8
4270,527.6
4271,530.8
4272,530.8
4273,527.6
4274,524.4
4275,527.6
4276,527.6
4277,527.6
4278,524.4
4279,527.6
4280,176.6
4281,527.6
4282,524.4
4283,527.6
4284,176.6
4285,173.4
4286,527.6
4287,530.8
4288,527.6
4289,530.8
4290,530.8
4291,527.6
4292,530.8
4293,530.8
4294,530.8
4295,530.8
4296,527.6
4297,527.6
4298,527.6
4299,527.6
4300,527.6
4301,524.4
4302,527.6
4303,524.4
4304,527.6
4305,524.4
4306,527.6
4307,527.6
4308,524.4
4309,527.6
4310,527.6
4311,530.8
4312,527.6
4313,530.8
4314,530.8
4315,527.6
4316,530.8
4317,530.8
4318,527.6
4319,530.8
4320,530.8
4321,524.4
4322,527.6
4323,527.6
4324,527.6
4325,524.4
4326,527.6
4327,527.6
4328,173.4
4329,527.6
4330,527.6
4331,396.1594
4332,176.6
4333,173.4
4334,524.4
4335,179.8
4336,527.6
4337,530.8
4338,527.6
4339,530.8
4340,527.6
4341,530.8
4342,530.8
4343,527.6
4344,530.8
4345,527.6
4346,527.6
4347,524.4
4348,527.6
4349,527.6
4350,524.4
4351,527.6
4352,527.6
4353,524.4
4354,176.6
4355,524.4
4356,527.6
4357,173.4
4358,176.6
4359,176.6
4360,179.8
4361,527.6
4362,530.8
4363,527.6
4364,530.8
4365,530.8
4366,527.6
4367,530.8
4368,527.6
4369,527.6
4370,524.4
4371,527.6
4372,527.6
4373,524.4
4374,527.6
4375,527.6
4376,173.4
4377,176.6
4378,173.4
4379,173.4
4380,176.6
4381,173.4
4382,176.6
4383,530.8
4384,176.6
4385,527.6
4386,527.6
4387,530.8
4388,527.6
4389,530.8
4390,527.6
4391,527.6
4392,530.8
4393,524.4
4394,527.6
4395,524.4
4396,524.4
4397,527.6
4398,524.4
4399,527.6
4400,22.4
4401,22.4
4402,25.6
4403,22.4
4404,22.4
4405,25.6
4406,25.6
4407,28.8
4408,25.6
4409,527.6
4410,530.8
4411,527.6
4412,527.6
4413,530.8
4414,527.6
4415,530.8
4416,527.6
4417,527.6
4418,524.4
4419,527.6
4420,524.4
4421,527.6
4422,524.4
4423,527.6
4424,22.4
4425,22.4
4426,25.6
4427,22.4
4428,22.4
4429,22.4
4430,25.6
4431,25.6
4432,25.6
4433,527.6
4434,527.6
4435,530.8
4436,527.6
4437,527.6
4438,530.8
4439,527.6
4440,530.8
4441,524.4
4442,527.6
4443,412.2825
4444,173.4
4445,176.6
4446,173.4
4447,176.6
4448,173.4
4449,527.6
4450,173.4
4451,173.4
4452,176.6
4453,524.4
4454,176.6
4455,527.6
4456,527.6
4457,530.8
4458,233.3634
4459,443.5567
4460,383.9007
4461,179.8
4462,176.6
4463,176.6
4464,176.6
4465,176.6
4466,173.4
4467,173.4
4468,173.4
4469,176.6
4470,173.4
4471,173.4
4472,173.4
4473,170.2
4474,173.4
4475,173.4
4476,176.6
4477,176.6
4478,176.6
4479,28.8
4480,25.6
4481,25.6
4482,28.8
4483,25.6
4484,28.8
4485,28.8
4486,25.6
4487,28.8
4488,25.6
4489,25.6
4490,22.4
4491,25.6
4492,22.4
4493,25.6
4494,22.4
4495,25.6
4496,25.6
4497,22.4
4498,25.6
4499,28.8
4500,527.6
4501,530.8
4502,530.8
4503,527.6
4504,530.8
4505,530.8
4506,530.8
4507,527.6
4508,530.8
4509,530.8
4510,527.6
4511,530.8
4512,530.8
4513,527.6
4514,524.4
4515,527.6
4516,176.6
4517,473.8898
4518,527.6
4519,527.6
4520,524.4
4521,179.8
4522,179.8
4523,176.6
4524,179.8
4525,179.8
4526,176.6
4527,530.8
4528,527.6
4529,530.8
4530,530.8
4531,527.6
4532,530.8
4533,530.8
4534,527.6
4535,530.8
4536,527.6
4537,527.6
4538,524.4
4539,527.6
4540,524.4
4541,527.6
4542,524.4
4543,527.6
4544,524.4
4545,527.6
4546,527.6
4547,530.8
4548,527.6
4549,530.8
4550,527.6
4551,530.8
4552,530.8
4553,527.6
4554,530.8
4555,527.6
4556,530.8
4557,530.8
4558,527.6
4559,530.8
4560,527.6
4561,527.6
4562,524.4
4563,527.6
4564,527.6
4565,524.4
4566,527.6
4567,524.4
4568,527.6
4569,527.6
4570,173.4
4571,179.8
4572,176.6
4573,179.8
4574,527.6
4575,530.8
4576,527.6
4577,530.8
4578,527.6
4579,530.8
4580,527.6
4581,530.8
4582,530.8
4583,527.6
4584,530.8
4585,524.4
4586,527.6
4587,524.4
4588,527.6
4589,524.4
4590,527.6
4591,173.4
4592,176.6
4593,173.4
4594,176.6
4595,173.4
4596,176.6
4597,179.8
4598,179.8
4599,210.7203
4600,530.8
4601,176.6
4602,527.6
4603,176.6
4604,179.8
4605,176.6
4606,530.8
4607,527.6
4608,278.2363
4609,25.6
4610,22.4
4611,25.6
4612,22.4
4613,25.6
4614,22.4
4615,25.6
4616,22.4
4617,22.4
4618,25.6
4619,22.4
4620,418.9242
4621,176.6
4622,176.6
4623,179.8
4624,176.6
4625,527.6
4626,530.8
4627,253.5211
4628,176.6
4629,296.0691
4630,179.8
4631,527.6
4632,530.8
4633,527.6
4634,524.4
4635,527.6
4636,524.4
4637,176.6
4638,173.4
4639,527.6
4640,22.4
4641,25.6
4642,22.4
4643,25.6
4644,25.6
4645,22.4
4646,28.8
4647,25.6
4648,28.8
4649,25.6
4650,28.8
4651,28.8
4652,25.6
4653,25.6
4654,28.8
4655,25.6
4656,25.6
4657,22.4
4658,25.6
4659,22.4
4660,25.6
4661,22.4
4662,22.4
4663,25.6
4664,22.4
4665,25.6
4666,25.6
4667,28.8
4668,25.6
4669,25.6
4670,28.8
4671,527.6
4672,530.8
4673,527.6
4674,527.6
4675,530.8
4676,527.6
4677,530.8
4678,527.6
4679,530.8
4680,530.8
4681,524.4
4682,527.6
4683,524.4
4684,527.6
4685,524.4
4686,527.6
4687,524.4
4688,524.4
4689,527.6
4690,524.4
4691,524.4
4692,530.8
4693,527.6
4694,530.8
4695,530.8
4696,527.6
4697,530.8
4698,527.6
4699,530.8
4700,527.6
4701,530.8
4702,527.6
4703,530.8
4704,527.6
4705,527.6
4706,524.4
4707,527.6
4708,524.4
4709,524.4
4710,527.6
4711,524.4
4712,527.6
4713,524.4
4714,524.4
4715,527.6
4716,524.4
4717,530.8
4718,527.6
4719,530.8
4720,527.6
4721,530.8
4722,527.6
4723,530.8
4724,527.6
4725,530.8
4726,527.6
4727,530.8
4728,527.6
4729,524.4
4730,527.6
4731,524.4
4732,524.4
4733,524.4
4734,527.6
4735,524.4
4736,527.6
4737,524.4
4738,527.6
4739,524.4
4740,524.4
4741,524.4
4742,530.8
4743,176.6
4744,527.6
4745,530.8
4746,527.6
4747,527.6
4748,530.8
4749,527.6
4750,530.8
4751,527.6
4752,530.8
4753,524.4
4754,527.6
4755,524.4
4756,524.4
4757,524.4
4758,527.6
4759,524.4
4760,173.4
4761,524.4
4762,527.6
4763,173.4
4764,173.4
4765,284.6076
4766,530.8
4767,527.6
4768,527.6
4769,527.6
4770,530.8
4771,527.6
4772,527.6
4773,530.8
4774,527.6
4775,530.8
4776,527.6
4777,524.4
4778,527.6
4779,524.4
4780,527.6
4781,524.4
4782,524.4
4783,527.6
4784,524.4
4785,527.6
4786,524.4
4787,524.4
4788,527.6
4789,179.8
4790,176.6
4791,179.8
4792,355.9751
4793,407.9225
4794,415.6274
4795,230.9485
4796,176.6
4797,176.6
4798,179.8
4799,176.6
4800,176.6
4801,176.6
4802,173.4
4803,173.4
4804,176.6
4805,376.7591
4806,304.5845
4807,173.4
4808,176.6
4809,176.6
4810,176.6
4811,179.8
4812,25.6
4813,28.8
4814,25.6
4815,25.6
4816,28.8
4817,25.6
4818,28.8
4819,25.6
4820,25.6
4821,25.6
4822,28.8
4823,25.6
4824,28.8
4825,22.4
4826,22.4
4827,25.6
4828,22.4
4829,22.4
4830,22.4
4831,25.6
4832,22.4
4833,22.4
4834,25.6
4835,28.8
4836,25.6
4837,28.8
4838,25.6
4839,28.8
4840,25.6
4841,25.6
4842,179.8
4843,176.6
4844,179.8
4845,176.6
4846,179.8
4847,176.6
4848,179.8
4849,173.4
4850,176.6
4851,173.4
4852,173.4
4853,176.6
4854,173.4
4855,25.6
4856,22.4
4857,25.6
4858,22.4
4859,25.6
4860,28.8
4861,25.6
4862,25.6
4863,25.6
4864,25.6
4865,28.8
4866,25.6
4867,25.6
4868,25.6
4869,28.8
4870,25.6
4871,25.6
4872,28.8
4873,524.4
4874,513.1443
4875,527.6
4876,524.4
4877,527.6
4878,524.4
4879,524.4
4880,173.4
4881,176.6
4882,173.4
4883,176.6
4884,173.4
4885,176.6
4886,176.6
4887,179.8
4888,176.6
4889,527.6
4890,530.8
4891,527.6
4892,530.8
4893,527.6
4894,527.6
4895,530.8
4896,527.6
4897,173.4
4898,176.6
4899,173.4
4900,173.4
4901,176.6
4902,173.4
4903,173.4
4904,173.4
4905,176.6
4906,173.4
4907,173.4
4908,527.6
4909,527.6
4910,176.6
4911,176.6
4912,179.8
4913,176.6
4914,324.2928
4915,176.6
4916,527.6
4917,530.8
4918,176.6
4919,530.8
4920,527.6
4921,524.4
4922,527.6
4923,524.4
4924,173.4
4925,527.6
4926,524.4
4927,527.6
4928,22.4
4929,22.4
4930,28.8
4931,25.6
4932,25.6
4933,28.8
4934,25.6
4935,25.6
4936,28.8
4937,176.6
4938,527.6
4939,530.8
4940,527.6
4941,527.6
4942,334.723
4943,527.6
4944,527.6
4945,524.4
4946,527.6
4947,524.4
4948,524.4
4949,524.4
4950,176.6
4951,524.4
4952,524.4
4953,527.6
4954,179.8
4955,176.6
4956,176.6
4957,530.8
4958,176.6
4959,527.6
4960,527.6
4961,527.6
4962,530.8
4963,527.6
4964,527.6
4965,527.6
4966,527.6
4967,527.6
4968,530.8
4969,521.2
4970,527.6
4971,524.4
4972,524.4
4973,524.4
4974,524.4
4975,524.4
4976,527.6
4977,527.6
4978,527.6
4979,527.6
4980,527.6
4981,176.6
4982,527.6
4983,530.8
4984,527.6
4985,527.6
4986,527.6
4987,527.6
4988,527.6
4989,527.6
4990,527.6
4991,527.6
4992,527.6
4993,524.4
4994,524.4
4995,521.2
4996,524.4
4997,524.4
4998,524.4
4999,524.4
5000,173.4
5001,524.4
5002,176.6
5003,179.8
5004,334.8946
5005,179.8
5006,176.6
5007,179.8
5008,527.6
5009,527.6
5010,530.8
5011,527.6
5012,530.8
5013,527.6
5014,530.8
5015,527.6
5016,530.8
5017,524.4
5018,524.4
5019,527.6
5020,524.4
5021,524.4
5022,527.6
5023,524.4
5024,173.4
5025,176.6
5026,527.6
5027,527.6
5028,530.8
5029,527.6
5030,176.6
5031,527.6
5032,530.8
5033,527.6
5034,527.6
5035,527.6
5036,530.8
5037,527.6
5038,527.6
5039,530.8
5040,527.6
5041,524.4
5042,527.6
5043,524.4
5044,524.4
5045,524.4
5046,527.6
5047,524.4
5048,524.4
5049,173.4
5050,176.6
5051,176.6
5052,527.6
5053,527.6
5054,527.6
5055,527.6
5056,527.6
5057,527.6
5058,527.6
5059,527.6
5060,530.8
5061,527.6
5062,527.6
5063,527.6
5064,527.6
5065,527.6
5066,524.4
5067,524.4
5068,527.6
5069,524.4
5070,524.4
5071,527.6
5072,22.4
5073,22.4
5074,25.6
5075,25.6
5076,25.6
5077,25.6
5078,25.6
5079,25.6
5080,25.6
5081,176.6
5082,530.8
5083,527.6
5084,527.6
5085,527.6
5086,527.6
5087,530.8
5088,527.6
5089,173.4
5090,524.4
5091,173.4
5092,527.6
5093,524.4
5094,524.4
5095,523.2673
5096,22.4
5097,25.6
5098,22.4
5099,25.6
5100,25.6
5101,25.6
5102,25.6
5103,25.6
5104,25.6
5105,527.6
5106,527.6
5107,530.8
5108,527.6
5109,527.6
5110,527.6
5111,527.6
5112,530.8
5113,524.4
5114,524.4
5115,524.4
5116,527.6
5117,524.4
5118,524.4
5119,524.4
5120,524.4
5121,173.4
5122,527.6
5123,176.6
5124,176.6
5125,176.6
5126,527.6
5127,203.6607
5128,527.6
5129,527.6
5130,527.6
5131,527.6
5132,527.6
5133,527.6
5134,527.6
5135,530.8
5136,527.6
5137,524.4
5138,524.4
5139,524.4
5140,527.6
5141,527.6
5142,527.6
5143,527.6
5144,527.6
5145,527.6
5146,527.6
5147,527.6
5148,527.6
5149,527.6
5150,530.8
5151,534
5152,540.4
5153,540.4
5154,540.4
5155,502
5156,502
5157,502
5158,502
5159,502
5160,502
5161,502
5162,502
5163,502
5164,502
5165,502
5166,502
5167,502
5168,502
5169,151
5170,151
5171,151
5172,502
5173,502
5174,151
5175,502
5176,502
5177,502
5178,502
5179,514.8
5180,423.6714
5181,295.6595
5182,189.4
5183,192.6
5184,189.4
5185,183
5186,186.2
5187,183
5188,186.2
5189,183
5190,183
5191,186.2
5192,183
5193,186.2
5194,183
5195,189.4
5196,186.2
5197,186.2
5198,189.4
5199,186.2
5200,189.4
5201,186.2
5202,189.4
5203,186.2
5204,189.4
5205,189.4
5206,186.2
5207,189.4
5208,186.2
5209,433.8799
5210,261.5345
5211,537.2
5212,534
5213,445.9378
5214,35.2
5215,32
5216,35.2
5217,32
5218,35.2
5219,35.2
5220,38.4
5221,38.4
5222,35.2
5223,38.4
5224,35.2
5225,38.4
5226,38.4
5227,35.2
5228,38.4
5229,186.2
5230,189.4
5231,186.2
5232,189.4
5233,183
5234,186.2
5235,183
5236,186.2
5237,183
5238,186.2
5239,183
5240,35.2
5241,32
5242,35.2
5243,35.2
5244,38.4
5245,35.2
5246,38.4
5247,35.2
5248,38.4
5249,35.2
5250,38.4
5251,35.2
5252,38.4
5253,35.2
5254,35.2
5255,38.4
5256,35.2
5257,35.2
5258,32
5259,35.2
5260,32
5261,35.2
5262,32
5263,32
5264,35.2
5265,32
5266,35.2
5267,35.2
5268,35.2
5269,38.4
5270,35.2
5271,35.2
5272,38.4
5273,537.2
5274,540.4
5275,537.2
5276,537.2
5277,540.4
5278,537.2
5279,540.4
5280,537.2
5281,534
5282,537.2
5283,534
5284,534
5285,537.2
5286,534
5287,534
5288,534
5289,534
5290,186.2
5291,540.4
5292,186.2
5293,540.4
5294,540.4
5295,189.4
5296,540.4
5297,540.4
5298,540.4
5299,540.4
5300,540.4
5301,540.4
5302,540.4
5303,540.4
5304,540.4
5305,534
5306,537.2
5307,537.2
5308,537.2
5309,537.2
5310,537.2
5311,537.2
5312,537.2
5313,186.2
5314,534
5315,186.2
5316,189.4
5317,393.1896
5318,540.4
5319,186.2
5320,540.4
5321,540.4
5322,189.4
5323,537.2
5324,540.4
5325,540.4
5326,540.4
5327,189.4
5328,189.4
5329,186.2
5330,186.2
5331,537.2
5332,537.2
5333,534
5334,186.2
5335,537.2
5336,537.2
5337,186.2
5338,186.2
5339,186.2
5340,189.4
5341,189.4
5342,189.4
5343,189.4
5344,189.4
5345,189.4
5346,189.4
5347,189.4
5348,189.4
5349,189.4
5350,189.4
5351,189.4
5352,38.4
5353,35.2
5354,35.2
5355,35.2
5356,35.2
5357,35.2
5358,35.2
5359,35.2
5360,38.4
5361,35.2
5362,35.2
5363,35.2
5364,35.2
5365,38.4
5366,38.4
5367,38.4
5368,186.2
5369,189.4
5370,189.4
5371,189.4
5372,189.4
5373,189.4
5374,186.2
5375,189.4
5376,189.4
5377,537.2
5378,537.2
5379,537.2
5380,534
5381,537.2
5382,537.2
5383,537.2
5384,534
5385,186.2
5386,537.2
5387,236.4403
5388,540.4
5389,540.4
5390,537.2
5391,540.4
5392,540.4
5393,540.4
5394,537.2
5395,540.4
5396,540.4
5397,540.4
5398,540.4
5399,540.4
5400,537.2
5401,537.2
5402,537.2
5403,537.2
5404,534
5405,537.2
5406,537.2
5407,534
5408,537.2
5409,183
5410,186.2
5411,186.2
5412,186.2
5413,183
5414,189.4
5415,189.4
5416,540.4
5417,537.2
5418,540.4
5419,540.4
5420,540.4
5421,537.2
5422,540.4
5423,540.4
5424,540.4
5425,534
5426,482.5371
5427,186.2
5428,183
5429,186.2
5430,32
5431,35.2
5432,32
5433,35.2
5434,32
5435,35.2
5436,32
5437,35.2
5438,35.2
5439,35.2
5440,38.4
5441,38.4
5442,35.2
5443,38.4
5444,35.2
5445,38.4
5446,35.2
5447,38.4
5448,35.2
5449,35.2
5450,32
5451,35.2
5452,35.2
5453,32
5454,35.2
5455,35.2
5456,32
5457,35.2
5458,35.2
5459,35.2
5460,38.4
5461,35.2
5462,38.4
5463,186.2
5464,540.4
5465,540.4
5466,537.2
5467,540.4
5468,537.2
5469,540.4
5470,540.4
5471,537.2
5472,540.4
5473,534
5474,537.2
5475,537.2
5476,534
5477,537.2
5478,534
5479,537.2
5480,534
5481,537.2
5482,534
5483,540.4
5484,537.2
5485,540.4
5486,537.2
5487,540.4
5488,537.2
5489,540.4
5490,537.2
5491,540.4
5492,537.2
5493,540.4
5494,537.2
5495,540.4
5496,537.2
5497,537.2
5498,534
5499,537.2
5500,534
5501,534
5502,537.2
5503,534
5504,537.2
5505,183
5506,186.2
5507,189.4
5508,189.4
5509,189.4
5510,189.4
5511,189.4
5512,189.4
5513,189.4
5514,189.4
5515,189.4
5516,189.4
5517,189.4
5518,186.2
5519,189.4
5520,189.4
5521,186.2
5522,186.2
5523,186.2
5524,186.2
5525,183
5526,537.2
5527,537.2
5528,186.2
5529,186.2
5530,186.2
5531,189.4
5532,189.4
5533,189.4
5534,186.2
5535,540.4
5536,540.4
5537,540.4
5538,540.4
5539,540.4
5540,537.2
5541,540.4
5542,540.4
5543,537.2
5544,540.4
5545,537.2
5546,534
5547,537.2
5548,537.2
5549,534
5550,537.2
5551,534
5552,537.2
5553,537.2
5554,186.2
5555,186.2
5556,540.4
5557,540.4
5558,537.2
5559,189.4
5560,537.2
5561,540.4
5562,540.4
5563,537.2
5564,540.4
5565,540.4
5566,537.2
5567,540.4
5568,540.4
5569,534
5570,537.2
5571,186.2
5572,183
5573,537.2
5574,537.2
5575,534
5576,344.6874
5577,186.2
5578,183
5579,540.4
5580,374.1546
5581,186.2
5582,189.4
5583,537.2
5584,540.4
5585,537.2
5586,540.4
5587,540.4
5588,537.2
5589,540.4
5590,540.4
5591,537.2
5592,540.4
5593,534
5594,537.2
5595,534
5596,537.2
5597,537.2
5598,534
5599,537.2
5600,534
5601,186.2
5602,183
5603,189.4
5604,186.2
5605,189.4
5606,186.2
5607,186.2
5608,540.4
5609,506.2058
5610,540.4
5611,537.2
5612,396.2575
5613,205.6522
5614,537.2
5615,537.2
5616,540.4
5617,534
5618,537.2
5619,534
5620,534
5621,534
5622,537.2
5623,534
5624,534
5625,537.2
5626,534
5627,537.2
5628,537.2
5629,537.2
5630,540.4
5631,537.2
5632,540.4
5633,540.4
5634,537.2
5635,537.2
5636,540.4
5637,537.2
5638,540.4
5639,537.2
5640,245.8312
5641,32
5642,35.2
5643,32
5644,32
5645,35.2
5646,32
5647,35.2
5648,32
5649,35.2
5650,32
5651,38.4
5652,35.2
5653,38.4
5654,35.2
5655,38.4
5656,35.2
5657,38.4
5658,537.2
5659,537.2
5660,540.4
5661,537.2
5662,537.2
5663,540.4
5664,537.2
5665,537.2
5666,534
5667,534
5668,537.2
5669,534
5670,534
5671,537.2
5672,534
5673,534
5674,537.2
5675,540.4
5676,540.4
5677,540.4
5678,540.4
5679,540.4
5680,540.4
5681,540.4
5682,537.2
5683,540.4
5684,540.4
5685,540.4
5686,540.4
5687,540.4
5688,537.2
5689,537.2
5690,537.2
5691,537.2
5692,537.2
5693,534
5694,537.2
5695,537.2
5696,537.2
5697,183
5698,537.2
5699,537.2
5700,189.4
5701,401.5137
5702,186.2
5703,189.4
5704,186.2
5705,189.4
5706,540.4
5707,186.2
5708,189.4
5709,540.4
5710,537.2
5711,540.4
5712,189.4
5713,534
5714,537.2
5715,534
5716,537.2
5717,537.2
5718,534
5719,537.2
5720,534
5721,186.2
5722,534
5723,189.4
5724,540.4
5725,537.2
5726,540.4
5727,186.2
5728,540.4
5729,537.2
5730,540.4
5731,537.2
5732,537.2
5733,279.3911
5734,186.2
5735,186.2
5736,38.4
5737,32
5738,32
5739,35.2
5740,32
5741,35.2
5742,32
5743,35.2
5744,32
5745,35.2
5746,32
5747,35.2
5748,35.2
5749,38.4
5750,35.2
5751,35.2
5752,38.4
5753,35.2
5754,35.2
5755,38.4
5756,35.2
5757,38.4
5758,35.2
5759,38.4
5760,38.4
5761,32
5762,35.2
5763,32
5764,32
5765,35.2
5766,32
5767,35.2
5768,32
5769,35.2
5770,38.4
5771,35.2
5772,38.4
5773,35.2
5774,38.4
5775,35.2
5776,186.2
5777,540.4
5778,537.2
5779,537.2
5780,540.4
5781,537.2
5782,540.4
5783,537.2
5784,537.2
5785,537.2
5786,534
5787,537.2
5788,534
5789,534
5790,537.2
5791,534
5792,537.2
5793,534
5794,537.2
5795,537.2
5796,540.4
5797,537.2
5798,537.2
5799,540.4
5800,537.2
5801,537.2
5802,540.4
5803,537.2
5804,540.4
5805,537.2
5806,537.2
5807,186.2
5808,450.1606
5809,183
5810,183
5811,186.2
5812,32
5813,32
5814,35.2
5815,32
5816,32
5817,32
5818,35.2
5819,32
5820,32
5821,35.2
5822,537.2
5823,537.2
5824,540.4
5825,537.2
5826,496.1513
5827,189.4
5828,186.2
5829,186.2
5830,35.2
5831,35.2
5832,38.4
5833,32
5834,32
5835,35.2
5836,32
5837,32
5838,32
5839,32
5840,35.2
5841,38.4
5842,35.2
5843,38.4
5844,38.4
5845,38.4
5846,38.4
5847,38.4
5848,35.2
5849,38.4
5850,38.4
5851,38.4
5852,38.4
5853,38.4
5854,38.4
5855,35.2
5856,38.4
5857,35.2
5858,35.2
5859,35.2
5860,35.2
5861,32
5862,35.2
5863,38.4
5864,38.4
5865,35.2
5866,38.4
5867,38.4
5868,38.4
5869,38.4
5870,35.2
5871,38.4
5872,38.4
5873,38.4
5874,35.2
5875,38.4
5876,38.4
5877,38.4
5878,38.4
5879,38.4
5880,35.2
5881,35.2
5882,35.2
5883,186.2
5884,186.2
5885,186.2
5886,186.2
5887,537.2
5888,540.4
5889,189.4
5890,189.4
5891,189.4
5892,189.4
5893,537.2
5894,540.4
5895,540.4
5896,540.4
5897,537.2
5898,540.4
5899,540.4
5900,540.4
5901,537.2
5902,540.4
5903,540.4
5904,537.2
5905,537.2
5906,537.2
5907,534
5908,537.2
5909,537.2
5910,534
5911,537.2
5912,537.2
5913,534
5914,540.4
5915,540.4
5916,537.2
5917,540.4
5918,270.3484
5919,360.9772
5920,540.4
5921,540.4
5922,540.4
5923,537.2
5924,291.1021
5925,540.4
5926,494.1982
5927,481.4016
5928,38.4
5929,35.2
5930,32
5931,35.2
5932,35.2
5933,32
5934,35.2
5935,35.2
5936,38.4
5937,38.4
5938,35.2
5939,38.4
5940,35.2
5941,38.4
5942,35.2
5943,38.4
5944,38.4
5945,35.2
5946,38.4
5947,35.2
5948,38.4
5949,38.4
5950,35.2
5951,38.4
5952,38.4
5953,32
5954,35.2
5955,35.2
5956,32
5957,35.2
5958,35.2
5959,35.2
5960,38.4
5961,35.2
5962,38.4
5963,35.2
5964,38.4
5965,35.2
5966,38.4
5967,537.2
5968,540.4
5969,537.2
5970,540.2135
5971,522.4388
5972,189.4
5973,329.0958
5974,540.4
5975,537.2
5976,540.4
5977,537.2
5978,534
5979,537.2
5980,534
5981,537.2
5982,534
5983,537.2
5984,534
5985,540.4
5986,537.2
5987,540.4
5988,540.4
5989,537.2
5990,540.4
5991,540.4
5992,537.2
5993,540.4
5994,540.4
5995,537.2
5996,540.4
5997,540.4
5998,537.2
5999,540.4
6000,540.4
6001,534
6002,537.2
6003,534
6004,537.2
6005,537.2
6006,534
6007,537.2
6008,534
6009,540.4
6010,540.4
6011,189.4
6012,540.4
6013,189.4
6014,319.035
6015,189.4
6016,189.4
6017,189.4
6018,189.4
6019,189.4
6020,189.4
6021,540.4
6022,540.4
6023,540.4
6024,540.4
6025,537.2
6026,537.2
6027,537.2
6028,534
6029,537.2
6030,537.2
6031,537.2
6032,189.4
6033,38.4
6034,38.4
6035,38.4
6036,38.4
6037,38.4
6038,35.2
6039,38.4
6040,38.4
6041,38.4
6042,38.4
6043,186.2
6044,189.4
6045,189.4
6046,189.4
6047,189.4
6048,186.2
6049,186.2
6050,186.2
6051,537.2
6052,534
6053,537.2
6054,537.2
6055,534
6056,540.4
6057,540.4
6058,537.2
6059,540.4
6060,540.4
6061,540.4
6062,540.4
6063,540.4
6064,537.2
6065,540.4
6066,540.4
6067,540.4
6068,540.4
6069,537.2
6070,540.4
6071,540.4
6072,540.4
6073,537.2
6074,534
6075,537.2
6076,537.2
6077,534
6078,537.2
6079,537.2
6080,540.4
6081,537.2
6082,189.4
6083,189.4
6084,189.4
6085,186.2
6086,540.4
6087,540.4
6088,540.4
6089,537.2
6090,540.4
6091,540.4
6092,540.4
6093,537.2
6094,540.4
6095,540.4
6096,537.2
6097,537.2
6098,537.2
6099,534
6100,537.2
6101,537.2
6102,534
6103,537.2
6104,540.4
6105,537.2
6106,540.4
6107,537.2
6108,540.4
6109,540.4
6110,189.4
6111,537.2
6112,540.4
6113,540.4
6114,537.2
6115,540.4
6116,540.4
6117,537.2
6118,540.4
6119,540.4
6120,537.2
6121,537.2
6122,534
6123,537.2
6124,537.2
6125,534
6126,537.2
6127,537.2
6128,537.2
6129,540.4
6130,540.4
6131,537.2
6132,540.4
6133,537.2
6134,540.4
6135,540.4
6136,537.2
6137,540.4
6138,540.4
6139,537.2
6140,540.4
6141,540.4
6142,537.2
6143,540.4
6144,537.2
6145,537.2
6146,294.6944
6147,35.2
6148,32
6149,35.2
6150,32
6151,35.2
6152,35.2
6153,32
6154,35.2
6155,189.4
6156,186.2
6157,189.4
6158,189.4
6159,186.2
6160,189.4
6161,189.4
6162,186.2
6163,189.4
6164,189.4
6165,186.2
6166,189.4
6167,189.4
6168,186.2
6169,186.2
6170,183
6171,186.2
6172,183
6173,186.2
6174,183
6175,189.4
6176,189.4
6177,186.2
6178,189.4
6179,38.4
6180,38.4
6181,38.4
6182,38.4
6183,38.4
6184,38.4
6185,38.4
6186,38.4
6187,38.4
6188,38.4
6189,38.4
6190,41.6
6191,38.4
6192,38.4
6193,35.2
6194,35.2
6195,35.2
6196,35.2
6197,32
6198,35.2
6199,38.4
6200,38.4
6201,38.4
6202,38.4
6203,38.4
6204,38.4
6205,38.4
6206,35.2
6207,38.4
6208,38.4
6209,38.4
6210,38.4
6211,38.4
6212,35.2
6213,38.4
6214,38.4
6215,38.4
6216,35.2
6217,35.2
6218,35.2
6219,35.2
6220,35.2
6221,32
6222,35.2
6223,38.4
6224,38.4
6225,38.4
6226,38.4
6227,35.2
6228,38.4
6229,38.4
6230,38.4
6231,35.2
6232,38.4
6233,38.4
6234,38.4
6235,38.4
6236,35.2
6237,38.4
6238,38.4
6239,38.4
6240,38.4
6241,32
6242,35.2
6243,35.2
6244,32
6245,35.2
6246,35.2
6247,540.4
6248,537.2
6249,540.4
6250,540.4
6251,261.9099
6252,540.4
6253,540.4
6254,537.2
6255,540.4
6256,537.2
6257,540.4
6258,537.2
6259,540.4
6260,540.4
6261,537.2
6262,540.4
6263,537.2
6264,540.4
6265,537.2
6266,534
6267,537.2
6268,534
6269,537.2
6270,537.2
6271,186.2
6272,189.4
6273,186.2
6274,189.4
6275,189.4
6276,537.2
6277,38.4
6278,38.4
6279,38.4
6280,35.2
6281,38.4
6282,38.4
6283,35.2
6284,38.4
6285,38.4
6286,38.4
6287,35.2
6288,38.4
6289,35.2
6290,32
6291,35.2
6292,32
6293,35.2
6294,35.2
6295,35.2
6296,38.4
6297,35.2
6298,38.4
6299,38.4
6300,35.2
6301,38.4
6302,35.2
6303,251.7802
6304,537.2
6305,189.4
6306,261.5946
6307,189.4
6308,407.6012
6309,537.2
6310,540.4
6311,353.9217
6312,540.4
6313,534
6314,348.5181
6315,537.2
6316,534
6317,537.2
6318,333.0858
6319,540.4
6320,186.2
6321,38.4
6322,35.2
6323,38.4
6324,35.2
6325,38.4
6326,35.2
6327,38.4
6328,35.2
6329,38.4
6330,35.2
6331,38.4
6332,35.2
6333,38.4
6334,35.2
6335,38.4
6336,35.2
6337,35.2
6338,32
6339,32
6340,35.2
6341,32
6342,35.2
6343,373.6205
6344,189.4
6345,186.2
6346,537.2
6347,540.4
6348,540.4
6349,540.4
6350,540.4
6351,540.4
6352,540.4
6353,540.4
6354,537.2
6355,540.4
6356,540.4
6357,540.4
6358,540.4
6359,540.4
6360,537.2
6361,537.2
6362,537.2
6363,537.2
6364,186.2
6365,35.2
6366,32
6367,35.2
6368,35.2
6369,35.2
6370,35.2
6371,38.4
6372,38.4
6373,35.2
6374,38.4
6375,38.4
6376,38.4
6377,189.4
6378,186.2
6379,189.4
6380,189.4
6381,189.4
6382,186.2
6383,189.4
6384,189.4
6385,537.2
6386,537.2
6387,537.2
6388,537.2
6389,537.2
6390,537.2
6391,534
6392,537.2
6393,537.2
6394,540.4
6395,537.2
6396,540.4
6397,540.4
6398,189.4
6399,189.4
6400,189.4
6401,540.4
6402,189.4
6403,529.0832
6404,189.4
6405,216.013
6406,189.4
6407,234.2532
6408,189.4
6409,186.2
6410,537.2
6411,537.2
6412,534
6413,537.2
6414,537.2
6415,537.2
6416,534
6417,540.4
6418,189.4
6419,189.4
6420,189.4
6421,189.4
6422,540.4
6423,186.2
6424,189.4
6425,540.4
6426,189.4
6427,186.2
6428,189.4
6429,540.4
6430,540.4
6431,537.2
6432,372.3262
6433,186.2
6434,183
6435,346.1376
6436,186.2
6437,534
6438,537.2
6439,537.2
6440,183
6441,189.4
6442,189.4
6443,186.2
6444,189.4
6445,189.4
6446,186.2
6447,540.4
6448,189.4
6449,186.2
6450,295.5559
6451,189.4
6452,186.2
6453,189.4
6454,189.4
6455,186.2
6456,189.4
6457,382.2805
6458,534
6459,537.2
6460,534
6461,537.2
6462,537.2
6463,534
6464,537.2
6465,537.2
6466,186.2
6467,537.2
6468,388.0228
6469,537.2
6470,189.4
6471,479.2044
6472,540.4
6473,537.2
6474,540.4
6475,540.4
6476,537.2
6477,540.4
6478,537.2
6479,540.4
6480,537.2
6481,537.2
6482,537.2
6483,534
6484,537.2
6485,534
6486,537.2
6487,534
6488,537.2
6489,534
6490,540.4
6491,540.4
6492,537.2
6493,540.4
6494,540.4
6495,537.2
6496,540.4
6497,540.4
6498,537.2
6499,540.4
6500,537.2
6501,540.4
6502,537.2
6503,540.4
6504,537.2
6505,537.2
6506,537.2
6507,534
6508,537.2
6509,534
6510,537.2
6511,534
6512,537.2
6513,537.2
6514,540.4
6515,540.4
6516,540.4
6517,540.4
6518,540.4
6519,189.4
6520,540.4
6521,540.4
6522,540.4
6523,537.2
6524,540.4
6525,540.4
6526,540.4
6527,537.2
6528,540.4
6529,537.2
6530,183
6531,35.2
6532,32
6533,35.2
6534,35.2
6535,35.2
6536,38.4
6537,35.2
6538,38.4
6539,38.4
6540,35.2
6541,38.4
6542,35.2
6543,38.4
6544,35.2
6545,38.4
6546,38.4
6547,35.2
6548,38.4
6549,35.2
6550,38.4
6551,38.4
6552,35.2
6553,35.2
6554,35.2
6555,32
6556,35.2
6557,32
6558,35.2
6559,38.4
6560,35.2
6561,38.4
6562,35.2
6563,38.4
6564,38.4
6565,35.2
6566,189.4
6567,186.2
6568,189.4
6569,186.2
6570,189.4
6571,186.2
6572,189.4
6573,189.4
6574,186.2
6575,189.4
6576,186.2
6577,186.2
6578,183
6579,186.2
6580,183
6581,248.4225
6582,186.2
6583,534
6584,537.2
6585,186.2
6586,189.4
6587,189.4
6588,186.2
6589,189.4
6590,186.2
6591,189.4
6592,186.2
6593,189.4
6594,186.2
6595,189.4
6596,186.2
6597,38.4
6598,35.2
6599,38.4
6600,35.2
6601,32
6602,35.2
6603,32
6604,35.2
6605,32
6606,35.2
6607,32
6608,38.4
6609,35.2
6610,38.4
6611,35.2
6612,35.2
6613,38.4
6614,35.2
6615,38.4
6616,35.2
6617,38.4
6618,35.2
6619,38.4
6620,35.2
6621,38.4
6622,35.2
6623,38.4
6624,35.2
6625,35.2
6626,32
6627,35.2
6628,32
6629,35.2
6630,35.2
6631,35.2
6632,38.4
6633,35.2
6634,38.4
6635,35.2
6636,38.4
6637,35.2
6638,35.2
6639,35.2
6640,38.4
6641,35.2
6642,35.2
6643,35.2
6644,38.4
6645,35.2
6646,35.2
6647,35.2
6648,38.4
6649,32
6650,32
6651,35.2
6652,32
6653,32
6654,35.2
6655,35.2
6656,35.2
6657,38.4
6658,35.2
6659,35.2
6660,38.4
6661,35.2
6662,35.2
6663,35.2
6664,38.4
6665,35.2
6666,35.2
6667,35.2
6668,35.2
6669,38.4
6670,35.2
6671,35.2
6672,35.2
6673,35.2
6674,32
6675,32
6676,32
6677,32
6678,35.2
6679,35.2
6680,38.4
6681,35.2
6682,35.2
6683,38.4
6684,38.4
6685,38.4
6686,38.4
6687,38.4
6688,38.4
6689,38.4
6690,38.4
6691,35.2
6692,38.4
6693,38.4
6694,38.4
6695,38.4
6696,38.4
6697,35.2
6698,32
6699,35.2
6700,35.2
6701,35.2
6702,35.2
6703,38.4
6704,35.2
6705,38.4
6706,38.4
6707,38.4
6708,38.4
6709,38.4
6710,38.4
6711,38.4
6712,38.4
6713,38.4
6714,38.4
6715,38.4
6716,38.4
6717,35.2
6718,38.4
6719,38.4
6720,38.4
6721,186.2
6722,329.9212
6723,537.2
6724,183
6725,537.2
6726,537.2
6727,537.2
6728,540.4
6729,522.5266
6730,540.4
6731,540.4
6732,537.2
6733,543.6
6734,537.2
6735,540.4
6736,540.4
6737,540.4
6738,540.4
6739,540.4
6740,540.4
6741,540.4
6742,540.4
6743,540.4
6744,540.4
6745,537.2
6746,537.2
6747,534
6748,537.2
6749,537.2
6750,537.2
6751,537.2
6752,540.4
6753,540.4
6754,540.4
6755,540.4
6756,540.4
6757,537.2
6758,540.4
6759,540.4
6760,540.4
6761,540.4
6762,540.4
6763,540.4
6764,540.4
6765,537.2
6766,540.4
6767,540.4
6768,540.4
6769,537.2
6770,534
6771,537.2
6772,537.2
6773,537.2
6774,537.2
6775,540.4
6776,540.4
6777,540.4
6778,537.2
6779,189.4
6780,273.4241
6781,189.4
6782,540.4
6783,189.4
6784,186.2
6785,540.4
6786,540.4
6787,540.4
6788,540.4
6789,537.2
6790,540.4
6791,540.4
6792,540.4
6793,537.2
6794,534
6795,537.2
6796,537.2
6797,537.2
6798,537.2
6799,534
6800,540.4
6801,540.4
6802,189.4
6803,540.4
6804,540.4
6805,540.4
6806,537.2
6807,540.4
6808,540.4
6809,540.4
6810,186.2
6811,189.4
6812,189.4
6813,189.4
6814,189.4
6815,373.873
6816,186.2
6817,425.5201
6818,401.7229
6819,396.807
6820,537.2
6821,537.2
6822,186.2
6823,189.4
6824,186.2
6825,370.6501
6826,540.4
6827,394.8865
6828,540.4
6829,189.4
6830,540.4
6831,344.8453
6832,189.4
6833,189.4
6834,189.4
6835,189.4
6836,189.4
6837,186.2
6838,189.4
6839,189.4
6840,189.4
6841,186.2
6842,183
6843,186.2
6844,434.9184
6845,534
6846,186.2
6847,186.2
6848,186.2
6849,183
6850,189.4
6851,192.6
6852,189.4
6853,543.6
6854,192.6
6855,540.4
6856,543.6
6857,540.4
6858,543.6
6859,540.4
6860,543.6
6861,540.4
6862,543.6
6863,540.4
6864,543.6
6865,537.2
6866,540.4
6867,464.3417
6868,540.4
6869,537.2
6870,540.4
6871,537.2
6872,540.4
6873,537.2
6874,540.4
6875,540.4
6876,543.6
6877,540.4
6878,543.6
6879,540.4
6880,540.4
6881,543.6
6882,540.4
6883,543.6
6884,540.4
6885,543.6
6886,540.4
6887,543.6
6888,540.4
6889,540.4
6890,537.2
6891,540.4
6892,537.2
6893,537.2
6894,537.2
6895,540.4
6896,537.2
6897,537.2
6898,537.2
6899,543.6
6900,540.4
6901,540.4
6902,540.4
6903,543.6
6904,540.4
6905,540.4
6906,540.4
6907,540.4
6908,543.6
6909,540.4
6910,540.4
6911,540.4
6912,543.6
6913,537.2
6914,537.2
6915,537.2
6916,540.4
6917,537.2
6918,537.2
6919,540.4
6920,537.2
6921,537.2
6922,543.6
6923,540.4
6924,543.6
6925,540.4
6926,540.4
6927,543.6
6928,540.4
6929,540.4
6930,540.4
6931,543.6
6932,540.4
6933,540.4
6934,540.4
6935,540.4
6936,540.4
6937,540.4
6938,537.2
6939,537.2
6940,537.2
6941,537.2
6942,540.4
6943,537.2
6944,540.4
6945,540.4
6946,540.4
6947,540.4
6948,540.4
6949,540.4
6950,543.6
6951,540.4
6952,540.4
6953,540.4
6954,540.4
6955,540.4
6956,540.4
6957,540.4
6958,540.4
6959,540.4
6960,540.4
6961,537.2
6962,537.2
6963,537.2
6964,537.2
6965,537.2
6966,537.2
6967,540.4
6968,540.4
6969,540.4
6970,540.4
6971,540.4
6972,540.4
6973,540.4
6974,540.4
6975,276.7697
6976,540.4
6977,540.4
6978,540.4
6979,189.4
6980,540.4
6981,540.4
6982,540.4
6983,540.4
6984,540.4
6985,537.2
6986,537.2
6987,537.2
6988,537.2
6989,540.4
6990,537.2
6991,540.4
6992,540.4
6993,540.4
6994,540.4
6995,540.4
6996,540.4
6997,540.4
6998,537.2
6999,540.4
7000,540.4
7001,540.4
7002,540.4
7003,540.4
7004,540.4
7005,540.4
7006,540.4
7007,540.4
7008,540.4
7009,537.2
7010,537.2
7011,537.2
7012,537.2
7013,537.2
7014,534
7015,540.4
7016,540.4
7017,540.4
7018,540.4
7019,540.4
7020,237.7109
7021,459.7151
7022,320.2509
7023,192.6
7024,540.4
7025,540.4
7026,543.6
7027,540.4
7028,540.4
7029,543.6
7030,540.4
7031,540.4
7032,540.4
7033,540.4
7034,537.2
7035,537.2
7036,540.4
7037,537.2
7038,537.2
7039,537.2
7040,543.6
7041,540.4
7042,540.4
7043,540.4
7044,540.4
7045,540.4
7046,543.6
7047,540.4
7048,540.4
7049,540.4
7050,540.4
7051,540.4
7052,540.4
7053,543.6
7054,540.4
7055,540.4
7056,540.4
7057,537.2
7058,537.2
7059,537.2
7060,537.2
7061,540.4
7062,537.2
7063,537.2
7064,537.2
7065,540.4
7066,189.4
7067,540.4
7068,540.4
7069,543.6
7070,540.4
7071,540.4
7072,540.4
7073,540.4
7074,189.4
7075,189.4
7076,189.4
7077,192.6
7078,189.4
7079,189.4
7080,189.4
7081,186.2
7082,186.2
7083,186.2
7084,186.2
7085,186.2
7086,186.2
7087,192.6
7088,38.4
7089,38.4
7090,38.4
7091,38.4
7092,38.4
7093,38.4
7094,38.4
7095,41.6
7096,38.4
7097,38.4
7098,38.4
7099,38.4
7100,38.4
7101,41.6
7102,38.4
7103,38.4
7104,38.4
7105,35.2
7106,35.2
7107,35.2
7108,35.2
7109,35.2
7110,35.2
7111,38.4
7112,35.2
7113,41.6
7114,38.4
7115,38.4
7116,35.2
7117,38.4
7118,38.4
7119,38.4
7120,38.4
7121,38.4
7122,38.4
7123,38.4
7124,38.4
7125,38.4
7126,540.4
7127,540.4
7128,540.4
7129,537.2
7130,537.2
7131,537.2
7132,537.2
7133,537.2
7134,537.2
7135,540.4
7136,540.4
7137,537.2
7138,540.4
7139,540.4
7140,540.4
7141,540.4
7142,540.4
7143,540.4
7144,540.4
7145,540.4
7146,540.4
7147,540.4
7148,537.2
7149,540.4
7150,328.2198
7151,540.4
7152,540.4
7153,537.2
7154,537.2
7155,537.2
7156,537.2
7157,537.2
7158,537.2
7159,540.4
7160,540.4
7161,540.4
7162,540.4
7163,38.4
7164,38.4
7165,38.4
7166,35.2
7167,38.4
7168,38.4
7169,38.4
7170,38.4
7171,38.4
7172,38.4
7173,38.4
7174,41.6
7175,35.2
7176,38.4
7177,35.2
7178,35.2
7179,35.2
7180,35.2
7181,35.2
7182,35.2
7183,35.2
7184,38.4
7185,38.4
7186,35.2
7187,41.6
7188,41.6
7189,38.4
7190,38.4
7191,41.6
7192,38.4
7193,41.6
7194,38.4
7195,41.6
7196,38.4
7197,38.4
7198,41.6
7199,38.4
7200,38.4
7201,38.4
7202,35.2
7203,35.2
7204,35.2
7205,35.2
7206,35.2
7207,38.4
7208,38.4
7209,41.6
7210,38.4
7211,38.4
7212,38.4
7213,41.6
7214,38.4
7215,38.4
7216,38.4
7217,38.4
7218,38.4
7219,41.6
7220,38.4
7221,38.4
7222,38.4
7223,38.4
7224,38.4
7225,537.2
7226,537.2
7227,537.2
7228,540.4
7229,537.2
7230,537.2
7231,537.2
7232,540.4
7233,540.4
7234,540.4
7235,540.4
7236,540.4
7237,540.4
7238,543.6
7239,540.4
7240,540.4
7241,540.4
7242,540.4
7243,540.4
7244,540.4
7245,540.4
7246,543.6
7247,540.4
7248,540.4
7249,537.2
7250,537.2
7251,537.2
7252,537.2
7253,537.2
7254,537.2
7255,540.4
7256,540.4
7257,38.4
7258,38.4
7259,38.4
7260,38.4
7261,38.4
7262,38.4
7263,38.4
7264,38.4
7265,38.4
7266,38.4
7267,38.4
7268,38.4
7269,38.4
7270,38.4
7271,38.4
7272,38.4
7273,35.2
7274,35.2
7275,35.2
7276,35.2
7277,35.2
7278,32
7279,38.4
7280,38.4
7281,38.4
7282,38.4
7283,38.4
7284,41.6
7285,38.4
7286,38.4
7287,38.4
7288,540.4
7289,540.4
7290,540.4
7291,540.4
7292,540.4
7293,540.4
7294,540.4
7295,537.2
7296,540.4
7297,537.2
7298,537.2
7299,534
7300,537.2
7301,537.2
7302,537.2
7303,537.2
7304,537.2
7305,537.2
7306,537.2
7307,540.4
7308,540.4
7309,540.4
7310,540.4
7311,540.4
7312,540.4
7313,540.4
7314,543.6
7315,540.4
7316,540.4
7317,350.0772
7318,540.4
7319,189.4
7320,189.4
7321,186.2
7322,186.2
7323,186.2
7324,186.2
7325,186.2
7326,362.217
7327,336.977
7328,35.2
7329,35.2
7330,35.2
7331,38.4
7332,35.2
7333,38.4
7334,38.4
7335,38.4
7336,38.4
7337,540.4
7338,540.4
7339,540.4
7340,540.4
7341,540.4
7342,537.2
7343,540.4
7344,540.4
7345,537.2
7346,537.2
7347,537.2
7348,537.2
7349,537.2
7350,537.2
7351,537.2
7352,537.2
7353,537.2
7354,186.2
7355,189.4
7356,189.4
7357,540.4
7358,273.5818
7359,543.6
7360,189.4
7361,189.4
7362,189.4
7363,189.4
7364,189.4
7365,189.4
7366,38.4
7367,38.4
7368,38.4
7369,35.2
7370,35.2
7371,35.2
7372,35.2
7373,35.2
7374,35.2
7375,38.4
7376,35.2
7377,38.4
7378,38.4
7379,38.4
7380,38.4
7381,35.2
7382,38.4
7383,38.4
7384,38.4
7385,38.4
7386,38.4
7387,35.2
7388,38.4
7389,38.4
7390,38.4
7391,38.4
7392,38.4
7393,183
7394,186.2
7395,186.2
7396,186.2
7397,183
7398,186.2
7399,189.4
7400,189.4
7401,189.4
7402,537.2
7403,502.0805
7404,450.9614
7405,540.4
7406,501.563
7407,537.2
7408,540.4
7409,540.4
7410,540.4
7411,537.2
7412,540.4
7413,540.4
7414,540.4
7415,540.4
7416,537.2
7417,537.2
7418,537.2
7419,537.2
7420,534
7421,537.2
7422,537.2
7423,534
7424,540.4
7425,540.4
7426,540.4
7427,540.4
7428,537.2
7429,540.4
7430,540.4
7431,540.4
7432,540.4
7433,540.4
7434,540.4
7435,540.4
7436,540.4
7437,537.2
7438,540.4
7439,540.4
7440,540.4
7441,537.2
7442,534
7443,537.2
7444,537.2
7445,537.2
7446,537.2
7447,534
7448,540.4
7449,38.4
7450,35.2
7451,38.4
7452,38.4
7453,38.4
7454,38.4
7455,38.4
7456,35.2
7457,540.4
7458,540.4
7459,540.4
7460,540.4
7461,537.2
7462,540.4
7463,540.4
7464,540.4
7465,534
7466,537.2
7467,537.2
7468,534
7469,537.2
7470,537.2
7471,534
7472,537.2
7473,537.2
7474,540.4
7475,540.4
7476,540.4
7477,540.4
7478,189.4
7479,270.8244
7480,540.4
7481,540.4
7482,540.4
7483,540.4
7484,540.4
7485,540.4
7486,540.4
7487,540.4
7488,540.4
7489,537.2
7490,537.2
7491,537.2
7492,537.2
7493,537.2
7494,537.2
7495,537.2
7496,540.4
7497,540.4
7498,540.4
7499,540.4
7500,540.4
7501,540.4
7502,540.4
7503,540.4
7504,540.4
7505,540.4
7506,540.4
7507,540.4
7508,540.4
7509,540.4
7510,540.4
7511,540.4
7512,540.4
7513,537.2
7514,537.2
7515,537.2
7516,537.2
7517,537.2
7518,537.2
7519,540.4
7520,540.4
7521,540.4
7522,540.4
7523,543.6
7524,540.4
7525,540.4
7526,540.4
7527,540.4
7528,543.6
7529,540.4
7530,540.4
7531,540.4
7532,540.4
7533,543.6
7534,540.4
7535,540.4
7536,540.4
7537,540.4
7538,35.2
7539,35.2
7540,35.2
7541,35.2
7542,35.2
7543,38.4
7544,38.4
7545,41.6
7546,38.4
7547,38.4
7548,38.4
7549,38.4
7550,38.4
7551,38.4
7552,38.4
7553,189.4
7554,189.4
7555,189.4
7556,189.4
7557,189.4
7558,189.4
7559,189.4
7560,189.4
7561,537.2
7562,537.2
7563,537.2
7564,537.2
7565,537.2
7566,537.2
7567,540.4
7568,540.4
7569,540.4
7570,540.4
7571,540.4
7572,540.4
7573,540.4
7574,540.4
7575,540.4
7576,540.4
7577,540.4
7578,540.4
7579,540.4
7580,537.2
7581,540.4
7582,540.4
7583,540.4
7584,540.4
7585,537.2
7586,537.2
7587,537.2
7588,534
7589,537.2
7590,537.2
7591,537.2
7592,537.2
7593,540.4
7594,540.4
7595,540.4
7596,540.4
7597,540.4
7598,540.4
7599,540.4
7600,540.4
7601,540.4
7602,540.4
7603,540.4
7604,540.4
7605,540.4
7606,540.4
7607,540.4
7608,540.4
7609,534
7610,537.2
7611,537.2
7612,537.2
7613,537.2
7614,537.2
7615,537.2
7616,537.2
7617,35.2
7618,38.4
7619,38.4
7620,38.4
7621,38.4
7622,38.4
7623,35.2
7624,38.4
7625,540.4
7626,540.4
7627,540.4
7628,537.2
7629,540.4
7630,540.4
7631,540.4
7632,540.4
7633,534
7634,537.2
7635,537.2
7636,534
7637,537.2
7638,537.2
7639,534
7640,540.4
7641,540.4
7642,537.2
7643,540.4
7644,540.4
7645,540.4
7646,540.4
7647,540.4
7648,540.4
7649,537.2
7650,540.4
7651,540.4
7652,540.4
7653,540.4
7654,540.4
7655,537.2
7656,540.4
7657,537.2
7658,537.2
7659,537.2
7660,537.2
7661,537.2
7662,534
7663,540.4
7664,540.4
7665,189.4
7666,540.4
7667,540.4
7668,537.2
7669,540.4
7670,540.4
7671,540.4
7672,537.2
7673,540.4
7674,540.4
7675,537.2
7676,540.4
7677,209.4237
7678,540.4
7679,540.4
7680,537.2
7681,537.2
7682,537.2
7683,537.2
7684,537.2
7685,537.2
7686,537.2
7687,540.4
7688,537.2
7689,540.4
7690,540.4
7691,540.4
7692,540.4
7693,543.6
7694,540.4
7695,540.4
7696,540.4
7697,540.4
7698,540.4
7699,540.4
7700,540.4
7701,540.4
7702,540.4
7703,540.4
7704,540.4
7705,537.2
7706,537.2
7707,537.2
7708,537.2
7709,537.2
7710,537.2
7711,537.2
7712,540.4
7713,38.4
7714,38.4
7715,38.4
7716,38.4
7717,38.4
7718,38.4
7719,38.4
7720,38.4
7721,38.4
7722,189.4
7723,189.4
7724,189.4
7725,189.4
7726,189.4
7727,189.4
7728,189.4
7729,537.2
7730,537.2
7731,537.2
7732,534
7733,537.2
7734,537.2
7735,537.2
7736,537.2
7737,537.2
7738,189.4
7739,189.4
7740,189.4
7741,189.4
7742,540.4
7743,189.4
7744,189.4
7745,540.4
7746,543.6
7747,540.4
7748,540.4
7749,540.4
7750,540.4
7751,540.4
7752,540.4
7753,537.2
7754,537.2
7755,537.2
7756,537.2
7757,537.2
7758,537.2
7759,537.2
7760,537.2
7761,35.2
7762,35.2
7763,38.4
7764,38.4
7765,38.4
7766,38.4
7767,38.4
7768,38.4
7769,303.7643
7770,189.4
7771,540.4
7772,540.4
7773,540.4
7774,540.4
7775,540.4
7776,540.4
7777,537.2
7778,537.2
7779,537.2
7780,537.2
7781,537.2
7782,537.2
7783,537.2
7784,537.2
7785,537.2
7786,540.4
7787,540.4
7788,540.4
7789,189.4
7790,540.4
7791,540.4
7792,540.4
7793,540.4
7794,540.4
7795,540.4
7796,540.4
7797,540.4
7798,540.4
7799,518.8449
7800,537.2
7801,35.2
7802,35.2
7803,35.2
7804,35.2
7805,35.2
7806,32
7807,38.4
7808,38.4
7809,38.4
7810,35.2
7811,38.4
7812,38.4
7813,38.4
7814,38.4
7815,38.4
7816,35.2
7817,38.4
7818,189.4
7819,189.4
7820,189.4
7821,189.4
7822,189.4
7823,186.2
7824,189.4
7825,186.2
7826,186.2
7827,186.2
7828,534
7829,537.2
7830,537.2
7831,540.4
7832,540.4
7833,540.4
7834,186.2
7835,189.4
7836,189.4
7837,189.4
7838,186.2
7839,540.4
7840,189.4
7841,189.4
7842,189.4
7843,186.2
7844,189.4
7845,189.4
7846,189.4
7847,186.2
7848,189.4
7849,445.4676
7850,186.2
7851,186.2
7852,183
7853,186.2
7854,186.2
7855,186.2
7856,35.2
7857,38.4
7858,38.4
7859,38.4
7860,41.6
7861,38.4
7862,38.4
7863,38.4
7864,38.4
7865,41.6
7866,38.4
7867,38.4
7868,189.4
7869,189.4
7870,189.4
7871,189.4
7872,540.4
7873,537.2
7874,537.2
7875,537.2
7876,537.2
7877,537.2
7878,540.4
7879,537.2
7880,537.2
7881,537.2
7882,540.4
7883,192.6
7884,189.4
7885,189.4
7886,189.4
7887,543.6
7888,189.4
7889,540.4
7890,540.4
7891,540.4
7892,540.4
7893,540.4
7894,540.4
7895,540.4
7896,543.6
7897,537.2
7898,537.2
7899,537.2
7900,537.2
7901,534
7902,537.2
7903,537.2
7904,540.4
7905,540.4
7906,540.4
7907,540.4
7908,540.4
7909,540.4
7910,540.4
7911,540.4
7912,540.4
7913,540.4
7914,540.4
7915,540.4
7916,540.4
7917,540.4
7918,540.4
7919,540.4
7920,540.4
7921,537.2
7922,537.2
7923,534
7924,537.2
7925,537.2
7926,537.2
7927,540.4
7928,35.2
7929,38.4
7930,38.4
7931,38.4
7932,38.4
7933,38.4
7934,35.2
7935,38.4
7936,38.4
7937,38.4
7938,189.4
7939,189.4
7940,189.4
7941,189.4
7942,189.4
7943,186.2
7944,189.4
7945,186.2
7946,186.2
7947,186.2
7948,186.2
7949,35.2
7950,35.2
7951,35.2
7952,38.4
7953,38.4
7954,38.4
7955,38.4
7956,38.4
7957,35.2
7958,38.4
7959,38.4
7960,38.4
7961,38.4
7962,38.4
7963,38.4
7964,38.4
7965,38.4
7966,186.2
7967,189.4
7968,189.4
7969,186.2
7970,186.2
7971,186.2
7972,186.2
7973,186.2
7974,186.2
7975,183
7976,186.2
7977,35.2
7978,38.4
7979,38.4
7980,38.4
7981,38.4
7982,38.4
7983,38.4
7984,38.4
7985,38.4
7986,35.2
7987,38.4
7988,38.4
7989,38.4
7990,38.4
7991,38.4
7992,38.4
7993,35.2
7994,35.2
7995,35.2
7996,32
7997,35.2
7998,35.2
7999,35.2
8000,35.2
8001,35.2
8002,35.2
8003,35.2
8004,38.4
8005,38.4
8006,38.4
8007,38.4
8008,35.2
8009,38.4
8010,38.4
8011,38.4
8012,38.4
8013,38.4
8014,35.2
8015,38.4
8016,38.4
8017,35.2
8018,35.2
8019,35.2
8020,35.2
8021,35.2
8022,32
8023,35.2
8024,35.2
8025,35.2
8026,38.4
8027,38.4
8028,38.4
8029,41.6
8030,38.4
8031,41.6
8032,189.4
8033,540.4
8034,543.6
8035,540.4
8036,540.4
8037,543.6
8038,540.4
8039,540.4
8040,540.4
8041,537.2
8042,540.4
8043,537.2
8044,537.2
8045,537.2
8046,537.2
8047,537.2
8048,540.4
8049,537.2
8050,189.4
8051,189.4
8052,189.4
8053,189.4
8054,189.4
8055,189.4
8056,189.4
8057,189.4
8058,189.4
8059,189.4
8060,189.4
8061,189.4
8062,189.4
8063,189.4
8064,189.4
8065,537.2
8066,537.2
8067,537.2
8068,537.2
8069,537.2
8070,534
8071,537.2
8072,537.2
8073,38.4
8074,38.4
8075,38.4
8076,38.4
8077,38.4
8078,38.4
8079,38.4
8080,35.2
8081,540.4
8082,540.4
8083,540.4
8084,540.4
8085,540.4
8086,540.4
8087,537.2
8088,540.4
8089,537.2
8090,537.2
8091,537.2
8092,534
8093,537.2
8094,537.2
8095,537.2
8096,537.2
8097,35.2
8098,38.4
8099,38.4
8100,38.4
8101,38.4
8102,35.2
8103,38.4
8104,38.4
8105,38.4
8106,540.4
8107,537.2
8108,540.4
8109,537.2
8110,540.4
8111,537.2
8112,540.4
8113,537.2
8114,534
8115,537.2
8116,534
8117,537.2
8118,537.2
8119,534
8120,35.2
8121,32
8122,38.4
8123,38.4
8124,38.4
8125,38.4
8126,38.4
8127,35.2
8128,38.4
8129,38.4
8130,38.4
8131,35.2
8132,189.4
8133,189.4
8134,186.2
8135,189.4
8136,189.4
8137,183
8138,186.2
8139,186.2
8140,32
8141,35.2
8142,35.2
8143,35.2
8144,32
8145,35.2
8146,35.2
8147,38.4
8148,35.2
8149,38.4
8150,38.4
8151,35.2
8152,38.4
8153,38.4
8154,186.2
8155,189.4
8156,189.4
8157,186.2
8158,189.4
8159,186.2
8160,189.4
8161,186.2
8162,32
8163,35.2
8164,32
8165,35.2
8166,32
8167,35.2
8168,35.2
8169,32
8170,32
8171,38.4
8172,35.2
8173,38.4
8174,35.2
8175,38.4
8176,35.2
8177,540.4
8178,537.2
8179,356.2833
8180,540.4
8181,537.2
8182,540.4
8183,537.2
8184,540.4
8185,537.2
8186,534
8187,537.2
8188,537.2
8189,534
8190,186.2
8191,32
8192,35.2
8193,32
8194,35.2
8195,38.4
8196,38.4
8197,41.6
8198,38.4
8199,41.6
8200,41.6
8201,38.4
8202,38.4
8203,192.6
8204,192.6
8205,540.4
8206,543.6
8207,540.4
8208,543.6
8209,537.2
8210,540.4
8211,537.2
8212,540.4
8213,537.2
8214,189.4
8215,186.2
8216,186.2
8217,38.4
8218,35.2
8219,41.6
8220,38.4
8221,41.6
8222,38.4
8223,41.6
8224,38.4
8225,38.4
8226,41.6
8227,38.4
8228,41.6
8229,38.4
8230,38.4
8231,41.6
8232,38.4
8233,38.4
8234,35.2
8235,35.2
8236,38.4
8237,35.2
8238,35.2
8239,38.4
8240,35.2
8241,35.2
8242,35.2
8243,41.6
8244,38.4
8245,38.4
8246,38.4
8247,41.6
8248,38.4
8249,38.4
8250,41.6
8251,38.4
8252,38.4
8253,38.4
8254,41.6
8255,189.4
8256,189.4
8257,186.2
8258,186.2
8259,189.4
8260,186.2
8261,186.2
8262,186.2
8263,189.4
8264,35.2
8265,35.2
8266,35.2
8267,41.6
8268,38.4
8269,38.4
8270,38.4
8271,41.6
8272,38.4
8273,540.4
8274,543.6
8275,189.4
8276,190.3061
8277,484.1494
8278,540.4
8279,543.6
8280,540.4
8281,537.2
8282,537.2
8283,537.2
8284,537.2
8285,537.2
8286,537.2
8287,186.2
8288,35.2
8289,35.2
8290,35.2
8291,38.4
8292,38.4
8293,38.4
8294,38.4
8295,38.4
8296,41.6
8297,38.4
8298,38.4
8299,38.4
8300,38.4
8301,38.4
8302,38.4
8303,38.4
8304,38.4
8305,35.2
8306,35.2
8307,35.2
8308,35.2
8309,35.2
8310,35.2
8311,35.2
8312,35.2
8313,35.2
8314,35.2
8315,38.4
8316,35.2
8317,38.4
8318,38.4
8319,38.4
8320,38.4
8321,38.4
8322,38.4
8323,38.4
8324,38.4
8325,38.4
8326,38.4
8327,35.2
8328,38.4
8329,35.2
8330,35.2
8331,35.2
8332,35.2
8333,35.2
8334,32
8335,35.2
8336,35.2
8337,35.2
8338,38.4
8339,38.4
8340,38.4
8341,38.4
8342,35.2
8343,38.4
8344,38.4
8345,540.4
8346,540.4
8347,540.4
8348,540.4
8349,540.4
8350,537.2
8351,540.4
8352,540.4
8353,534
8354,534
8355,534
8356,534
8357,534
8358,534
8359,530.8
8360,35.2
8361,35.2
8362,35.2
8363,38.4
8364,38.4
8365,38.4
8366,35.2
8367,38.4
8368,38.4
8369,35.2
8370,38.4
8371,41.6
8372,51.2
8373,51.2
8374,48
8375,51.2
8376,48
8377,41.6
8378,35.2
8379,41.6
8380,35.2
8381,41.6
8382,35.2
8383,38.4
8384,38.4
8385,41.6
8386,35.2
8387,38.4
8388,41.6
8389,35.2
8390,38.4
8391,38.4
8392,38.4
8393,38.4
8394,189.4
8395,189.4
8396,189.4
8397,186.2
8398,192.6
8399,189.4
8400,189.4
8401,202.2
8402,199
8403,199
8404,199
8405,202.2
8406,199
8407,199
8408,51.2
8409,48
8410,48
8411,48
8412,51.2
8413,48
8414,51.2
8415,48
8416,48
8417,51.2
8418,48
8419,48
8420,48
8421,48
8422,48
8423,199
8424,199
8425,202.2
8426,199
8427,199
8428,199
8429,199
8430,199
8431,51.2
8432,48
8433,48
8434,51.2
8435,48
8436,48
8437,48
8438,51.2
8439,48
8440,48
8441,202.2
8442,550
8443,550
8444,550
8445,553.2
8446,550
8447,550
8448,550
8449,550
8450,553.2
8451,550
8452,550
8453,550
8454,550
8455,48
8456,51.2
8457,48
8458,48
8459,51.2
8460,48
8461,48
8462,48
8463,51.2
8464,48
8465,48
8466,48
8467,48
8468,48
8469,51.2
8470,48
8471,48
8472,48
8473,48
8474,48
8475,51.2
8476,48
8477,48
8478,48
8479,48
8480,48
8481,48
8482,48
8483,48
8484,48
8485,48
8486,48
8487,48
8488,48
8489,48
8490,212.0076
8491,392.8337
8492,285.9638
8493,199
8494,199
8495,199
8496,199
8497,199
8498,550
8499,550
8500,550
8501,550
8502,550
8503,199
8504,51.2
8505,48
8506,48
8507,48
8508,48
8509,44.8
8510,48
8511,48
8512,48
8513,550
8514,550
8515,550
8516,550
8517,550
8518,550
8519,550
8520,550
8521,550
8522,550
8523,550
8524,550
8525,550
8526,550
8527,550
8528,48
8529,48
8530,48
8531,51.2
8532,48
8533,48
8534,51.2
8535,48
8536,51.2
8537,199
8538,550
8539,550
8540,553.2
8541,550
8542,199
8543,202.2
8544,199
8545,51.2
8546,48
8547,48
8548,51.2
8549,48
8550,51.2
8551,48
8552,48
8553,48
8554,51.2
8555,48
8556,48
8557,48
8558,48
8559,48
8560,199
8561,199
8562,550
8563,550
8564,550
8565,553.2
8566,550
8567,550
8568,550
8569,550
8570,550
8571,312.776
8572,433.0525
8573,48
8574,48
8575,48
8576,48
8577,48
8578,48
8579,48
8580,51.2
8581,48
8582,48
8583,48
8584,48
8585,48
8586,202.2
8587,550
8588,550
8589,550
8590,550
8591,550
8592,550
8593,550
8594,550
8595,550
8596,550
8597,550
8598,550
8599,550
8600,550
8601,550
8602,550
8603,550
8604,553.2
8605,550
8606,550
8607,550
8608,550
8609,550
8610,553.2
8611,550
8612,550
8613,550
8614,550
8615,550
8616,550
8617,550
8618,550
8619,550
8620,550
8621,550
8622,550
8623,550
8624,550
8625,550
8626,199
8627,199
8628,492.9136
8629,199
8630,519.8718
8631,550
8632,550
8633,550
8634,550
8635,550
8636,550
8637,546.8
8638,550
8639,550
8640,550
8641,550
8642,48
8643,48
8644,48
8645,48
8646,48
8647,48
8648,48
8649,48
8650,48
8651,48
8652,48
8653,48
8654,48
8655,48
8656,48
8657,48
8658,48
8659,48
8660,44.8
8661,550
8662,550
8663,550
8664,550
8665,550
8666,550
8667,550
8668,546.8
8669,550
8670,550
8671,550
8672,550
8673,48
8674,48
8675,48
8676,48
8677,48
8678,48
8679,48
8680,48
8681,44.8
8682,550
8683,550
8684,550
8685,550
8686,550
8687,550
8688,550
8689,550
8690,546.8
8691,550
8692,550
8693,550
8694,550
8695,481.3305
8696,48
8697,44.8
8698,51.2
8699,48
8700,48
8701,51.2
8702,48
8703,51.2
8704,48
8705,48
8706,550
8707,553.2
8708,550
8709,553.2
8710,550
8711,550
8712,553.2
8713,550
8714,550
8715,553.2
8716,550
8717,511.8312
8718,199
8719,48
8720,48
8721,51.2
8722,48
8723,48
8724,48
8725,48
8726,48
8727,48
8728,51.2
8729,48
8730,48
8731,48
8732,51.2
8733,48
8734,48
8735,48
8736,51.2
8737,199
8738,199
8739,199
8740,553.2
8741,406.6461
8742,360.6034
8743,550
8744,199
8745,48
8746,48
8747,48
8748,48
8749,51.2
8750,48
8751,48
8752,48
8753,48
8754,550
8755,550
8756,550
8757,550
8758,553.2
8759,550
8760,550
